Timing Analyzer report for axi4lite_subsystem
Sun Jul  5 18:22:43 2026
Quartus Prime Version 26.1.0 Build 110 03/26/2026 SC Pro Edition


---------------------
; Table of Contents ;
---------------------
  1. Legal Notice
  2. Timing Analyzer Summary
  3. Timing Delays: Final Snapshot
  4. Parallel Compilation
  5. SDC File List
  6. Clocks
  7. Design Closure Summary
  8. Fmax Summary
  9. Setup Summary
 10. Hold Summary
 11. Recovery Summary
 12. Removal Summary
 13. Minimum Pulse Width Summary
 14. Metastability Summary Slow 900mV 100C Model
 15. Metastability Summary Slow 900mV -40C Model
 16. Metastability Summary Fast 900mV 100C Model
 17. Metastability Summary Fast 900mV -40C Model
 18. Board Trace Model Assignments
 19. Input Transition Times
 20. Signal Integrity Metrics (Slow 900mv 100c Model)
 21. Setup Transfers
 22. Hold Transfers
---- Setup Reports ----
     ---- clk Reports ----
           23. Command Info
           24. Summary of Paths
           25. Path #1: Setup slack is 3.923 
           26. Path #2: Setup slack is 3.959 
           27. Path #3: Setup slack is 4.086 
           28. Path #4: Setup slack is 4.113 
           29. Path #5: Setup slack is 4.121 
           30. Path #6: Setup slack is 4.140 
           31. Path #7: Setup slack is 4.140 
           32. Path #8: Setup slack is 4.140 
           33. Path #9: Setup slack is 4.140 
           34. Path #10: Setup slack is 4.140 
---- Hold Reports ----
     ---- clk Reports ----
           35. Command Info
           36. Summary of Paths
           37. Path #1: Hold slack is 0.019 
           38. Path #2: Hold slack is 0.019 
           39. Path #3: Hold slack is 0.019 
           40. Path #4: Hold slack is 0.020 
           41. Path #5: Hold slack is 0.020 
           42. Path #6: Hold slack is 0.020 
           43. Path #7: Hold slack is 0.021 
           44. Path #8: Hold slack is 0.021 
           45. Path #9: Hold slack is 0.022 
           46. Path #10: Hold slack is 0.032 
 47. Timing Analyzer Messages
---- Unconstrained Paths Reports ----
      48. Unconstrained Paths Summary
      49. Clock Status Summary
     ---- Setup Analysis Reports ----
           50. Unconstrained Input Ports
           51. Unconstrained Output Ports
     ---- Hold Analysis Reports ----
           52. Unconstrained Input Ports
           53. Unconstrained Output Ports
 54. INI Usage
 55. Multicorner Timing Analysis Summary



----------------
; Legal Notice ;
----------------
Copyright (C) 2026  Altera Corporation. All rights reserved.
Your use of Altera Corporation's design tools, logic functions 
and other software and tools, and any partner logic 
functions, and any output files from any of the foregoing 
(including device programming or simulation files), and any 
associated documentation or information are expressly subject 
to the terms and conditions of the Altera Program License 
Subscription Agreement, the Altera Quartus Prime License Agreement,
the Altera IP License Agreement, or other applicable license
agreement, including, without limitation, that your use is for
the sole purpose of programming logic devices manufactured by
Altera and sold by Altera or its authorized distributors.  Please
refer to the Altera Software License Subscription Agreements 
on the Quartus Prime software download page.



+----------------------------------------------------------------------------+
; Timing Analyzer Summary                                                    ;
+-----------------------+----------------------------------------------------+
; Quartus Prime Version ; Version 26.1.0 Build 110 03/26/2026 SC Pro Edition ;
; Timing Analyzer       ; Timing Analyzer                                    ;
; Revision Name         ; axi4lite_subsystem                                 ;
; Device Family         ; Cyclone 10 GX                                      ;
; Device                ; 10CX220YF780I5G                                    ;
; Snapshot              ; final                                              ;
; Timing Models         ; Final                                              ;
; Power Models          ; Final                                              ;
; Device Status         ; Final                                              ;
; Rise/Fall Delays      ; Enabled                                            ;
+-----------------------+----------------------------------------------------+


+---------------------------------------------+
; Timing Delays: Final Snapshot               ;
+----------------------------------+----------+
; Snapshot                         ; final    ;
; Periphery block cell delays      ; Sign-off ;
; Core block cell delays           ; Sign-off ;
; Routing interconnect (IC) delays ; Sign-off ;
+----------------------------------+----------+


+-------------------------------------+
; Parallel Compilation                ;
+----------------------------+--------+
; Processors                 ; Number ;
+----------------------------+--------+
; Number detected on machine ; 20     ;
; Maximum allowed            ; 14     ;
+----------------------------+--------+


+--------------------------------------------------------------------------------------------------------------------------------+
; SDC File List                                                                                                                  ;
+--------------------+----------+--------+---------+----------+--------+--------------------------+-----------------+------------+
; SDC File Path      ; Instance ; Entity ; Library ; Promoted ; Status ; Read at                  ; Processing Time ; SDC on RTL ;
+--------------------+----------+--------+---------+----------+--------+--------------------------+-----------------+------------+
; rtl/contraints.sdc ;          ;        ;         ; No       ; OK     ; Sun Jul  5 18:22:43 2026 ; 00:00:00        ; No         ;
+--------------------+----------+--------+---------+----------+--------+--------------------------+-----------------+------------+
Note: All paths for non-entity SDC files are reported relative to the project directory (D:/verilog_projects/quartus/axi4lite_subsystem/).


+---------------------------------------------------------------------------------------------------------------------------------------------------------------------------------+
; Clocks                                                                                                                                                                          ;
+------------+------+--------+-----------+-------+-------+------------+-----------+-------------+-------+--------+-----------+------------+----------+--------+--------+----------+
; Clock Name ; Type ; Period ; Frequency ; Rise  ; Fall  ; Duty Cycle ; Divide by ; Multiply by ; Phase ; Offset ; Edge List ; Edge Shift ; Inverted ; Master ; Source ; Targets  ;
+------------+------+--------+-----------+-------+-------+------------+-----------+-------------+-------+--------+-----------+------------+----------+--------+--------+----------+
; clk        ; Base ; 10.000 ; 100.0 MHz ; 0.000 ; 5.000 ;            ;           ;             ;       ;        ;           ;            ;          ;        ;        ; { ACLK } ;
+------------+------+--------+-----------+-------+-------+------------+-----------+-------------+-------+--------+-----------+------------+----------+--------+--------+----------+


+----------------------------------------------------------------------+
; Design Closure Summary                                               ;
+--------------------------------------------------------+-------------+
; Panel Name                                             ; Result Flag ;
+--------------------------------------------------------+-------------+
; Design Closure Summary                                 ; Fail        ;
;   Timing Closure                                       ; Pass        ;
;     Setup Summary                                      ; Pass        ;
;     Hold Summary                                       ; Pass        ;
;     Recovery Summary                                   ; Not Found   ;
;     Removal Summary                                    ; Not Found   ;
;     Setup Data Delay Summary                           ; Not Found   ;
;     Recovery Data Delay Summary                        ; Not Found   ;
;     Minimum Pulse Width Summary                        ; Pass        ;
;     Max Skew Summary                                   ; Not Found   ;
;     Max Clock Skew Summary                             ; Not Found   ;
;     Net Delay Summary                                  ; Not Found   ;
;     Metastability Summary                              ; Pass        ;
;     Double Data Rate (DDR) Summary                     ; Not Found   ;
;     Transmitter Channel-to-Channel Skew (TCCS) Summary ; Not Found   ;
;     Receiver Input Skew Margin (RSKM) Summary          ; Not Found   ;
;   Design Assistant Summary                             ; Not Found   ;
;   Unconstrained Paths                                  ; Fail        ;
+--------------------------------------------------------+-------------+


+------------------------------------------------------------------------------------+
; Fmax Summary                                                                       ;
+------------+-----------------+------------+------+---------------------------------+
; Fmax       ; Restricted Fmax ; Clock Name ; Note ; Worst-Case Operating Conditions ;
+------------+-----------------+------------+------+---------------------------------+
; 164.55 MHz ; 164.55 MHz      ; clk        ;      ; Slow 900mV 100C Model           ;
+------------+-----------------+------------+------+---------------------------------+
This panel reports FMAX for every clock in the design, regardless of the user-specified clock periods.  FMAX is only computed for paths where the source and destination registers or ports are driven by the same clock.  Paths of different clocks, including generated clocks, are ignored.  For paths between a clock and its inversion, FMAX is computed as if the rising and falling edges are scaled along with FMAX, such that the duty cycle (in terms of a percentage) is maintained. Intel recommends that you always use clock constraints and other slack reports for sign-off analysis.
Delay Models:
Slow 900mV 100C Model
Slow 900mV -40C Model
Fast 900mV 100C Model
Fast 900mV -40C Model


+--------------------------------------------------------------------------------------+
; Setup Summary                                                                        ;
+-------+-------+---------------+--------------------+---------------------------------+
; Clock ; Slack ; End Point TNS ; Failing End Points ; Worst-Case Operating Conditions ;
+-------+-------+---------------+--------------------+---------------------------------+
; clk   ; 3.923 ; 0.000         ; 0                  ; Slow 900mV 100C Model           ;
+-------+-------+---------------+--------------------+---------------------------------+
Delay Models:
Slow 900mV 100C Model
Slow 900mV -40C Model
Fast 900mV 100C Model
Fast 900mV -40C Model


+--------------------------------------------------------------------------------------+
; Hold Summary                                                                         ;
+-------+-------+---------------+--------------------+---------------------------------+
; Clock ; Slack ; End Point TNS ; Failing End Points ; Worst-Case Operating Conditions ;
+-------+-------+---------------+--------------------+---------------------------------+
; clk   ; 0.019 ; 0.000         ; 0                  ; Fast 900mV -40C Model           ;
+-------+-------+---------------+--------------------+---------------------------------+
Delay Models:
Slow 900mV 100C Model
Slow 900mV -40C Model
Fast 900mV 100C Model
Fast 900mV -40C Model


--------------------
; Recovery Summary ;
--------------------
No paths to report.


-------------------
; Removal Summary ;
-------------------
No paths to report.


+---------------------------------------------------------------------------------------------------+
; Minimum Pulse Width Summary                                                                       ;
+-------+-------+---------------+--------------------+------------+---------------------------------+
; Clock ; Slack ; End Point TNS ; Failing End Points ; Type       ; Worst-Case Operating Conditions ;
+-------+-------+---------------+--------------------+------------+---------------------------------+
; clk   ; 4.450 ; 0.000         ; 0                  ; High Pulse ; Slow 900mV -40C Model           ;
+-------+-------+---------------+--------------------+------------+---------------------------------+
Delay Models:
Slow 900mV 100C Model
Slow 900mV -40C Model
Fast 900mV 100C Model
Fast 900mV -40C Model


-----------------------------------------------
; Metastability Summary Slow 900mV 100C Model ;
-----------------------------------------------
No synchronizer chains to report.


-----------------------------------------------
; Metastability Summary Slow 900mV -40C Model ;
-----------------------------------------------
No synchronizer chains to report.


-----------------------------------------------
; Metastability Summary Fast 900mV 100C Model ;
-----------------------------------------------
No synchronizer chains to report.


-----------------------------------------------
; Metastability Summary Fast 900mV -40C Model ;
-----------------------------------------------
No synchronizer chains to report.


+------------------------------------------------------------------------------------------------------------------------------------------------------------------------------------------------------------------------------------------------------------------------------------------------------------------------------------------------------------------------------------------------------------------+
; Board Trace Model Assignments                                                                                                                                                                                                                                                                                                                                                                                    ;
+---------------+--------------+-------------------+-------------------------+-------------------------+---------------+---------------------+----------------+------------------+--------+------------------+------------------------+------------------------+--------------+---------------+-----------------+-------+---------------------+--------------------+---------------+-----------------+-------------+
; Pin           ; I/O Standard ; Near Tline Length ; Near Tline L per Length ; Near Tline C per Length ; Near Series R ; Near Differential R ; Near Pull-up R ; Near Pull-down R ; Near C ; Far Tline Length ; Far Tline L per Length ; Far Tline C per Length ; Far Series R ; Far Pull-up R ; Far Pull-down R ; Far C ; Termination Voltage ; Far Differential R ; EBD File Name ; EBD Signal Name ; EBD Far-end ;
+---------------+--------------+-------------------+-------------------------+-------------------------+---------------+---------------------+----------------+------------------+--------+------------------+------------------------+------------------------+--------------+---------------+-----------------+-------+---------------------+--------------------+---------------+-----------------+-------------+
; AWREADY       ; 1.8-V        ; 0 in              ; 0 H/in                  ; 0 F/in                  ; short         ; -                   ; open           ; open             ; open   ; 0 in             ; 0 H/in                 ; 0 F/in                 ; short        ; open          ; open            ; open  ; 0 V                 ; -                  ; n/a           ; n/a             ; n/a         ;
; WREADY        ; 1.8-V        ; 0 in              ; 0 H/in                  ; 0 F/in                  ; short         ; -                   ; open           ; open             ; open   ; 0 in             ; 0 H/in                 ; 0 F/in                 ; short        ; open          ; open            ; open  ; 0 V                 ; -                  ; n/a           ; n/a             ; n/a         ;
; BRESP(0)      ; 1.8-V        ; 0 in              ; 0 H/in                  ; 0 F/in                  ; short         ; -                   ; open           ; open             ; open   ; 0 in             ; 0 H/in                 ; 0 F/in                 ; short        ; open          ; open            ; open  ; 0 V                 ; -                  ; n/a           ; n/a             ; n/a         ;
; BRESP(1)      ; 1.8-V        ; 0 in              ; 0 H/in                  ; 0 F/in                  ; short         ; -                   ; open           ; open             ; open   ; 0 in             ; 0 H/in                 ; 0 F/in                 ; short        ; open          ; open            ; open  ; 0 V                 ; -                  ; n/a           ; n/a             ; n/a         ;
; BVALID        ; 1.8-V        ; 0 in              ; 0 H/in                  ; 0 F/in                  ; short         ; -                   ; open           ; open             ; open   ; 0 in             ; 0 H/in                 ; 0 F/in                 ; short        ; open          ; open            ; open  ; 0 V                 ; -                  ; n/a           ; n/a             ; n/a         ;
; ARREADY       ; 1.8-V        ; 0 in              ; 0 H/in                  ; 0 F/in                  ; short         ; -                   ; open           ; open             ; open   ; 0 in             ; 0 H/in                 ; 0 F/in                 ; short        ; open          ; open            ; open  ; 0 V                 ; -                  ; n/a           ; n/a             ; n/a         ;
; RDATA(0)      ; 1.8-V        ; 0 in              ; 0 H/in                  ; 0 F/in                  ; short         ; -                   ; open           ; open             ; open   ; 0 in             ; 0 H/in                 ; 0 F/in                 ; short        ; open          ; open            ; open  ; 0 V                 ; -                  ; n/a           ; n/a             ; n/a         ;
; RDATA(1)      ; 1.8-V        ; 0 in              ; 0 H/in                  ; 0 F/in                  ; short         ; -                   ; open           ; open             ; open   ; 0 in             ; 0 H/in                 ; 0 F/in                 ; short        ; open          ; open            ; open  ; 0 V                 ; -                  ; n/a           ; n/a             ; n/a         ;
; RDATA(2)      ; 1.8-V        ; 0 in              ; 0 H/in                  ; 0 F/in                  ; short         ; -                   ; open           ; open             ; open   ; 0 in             ; 0 H/in                 ; 0 F/in                 ; short        ; open          ; open            ; open  ; 0 V                 ; -                  ; n/a           ; n/a             ; n/a         ;
; RDATA(3)      ; 1.8-V        ; 0 in              ; 0 H/in                  ; 0 F/in                  ; short         ; -                   ; open           ; open             ; open   ; 0 in             ; 0 H/in                 ; 0 F/in                 ; short        ; open          ; open            ; open  ; 0 V                 ; -                  ; n/a           ; n/a             ; n/a         ;
; RDATA(4)      ; 1.8-V        ; 0 in              ; 0 H/in                  ; 0 F/in                  ; short         ; -                   ; open           ; open             ; open   ; 0 in             ; 0 H/in                 ; 0 F/in                 ; short        ; open          ; open            ; open  ; 0 V                 ; -                  ; n/a           ; n/a             ; n/a         ;
; RDATA(5)      ; 1.8-V        ; 0 in              ; 0 H/in                  ; 0 F/in                  ; short         ; -                   ; open           ; open             ; open   ; 0 in             ; 0 H/in                 ; 0 F/in                 ; short        ; open          ; open            ; open  ; 0 V                 ; -                  ; n/a           ; n/a             ; n/a         ;
; RDATA(6)      ; 1.8-V        ; 0 in              ; 0 H/in                  ; 0 F/in                  ; short         ; -                   ; open           ; open             ; open   ; 0 in             ; 0 H/in                 ; 0 F/in                 ; short        ; open          ; open            ; open  ; 0 V                 ; -                  ; n/a           ; n/a             ; n/a         ;
; RDATA(7)      ; 1.8-V        ; 0 in              ; 0 H/in                  ; 0 F/in                  ; short         ; -                   ; open           ; open             ; open   ; 0 in             ; 0 H/in                 ; 0 F/in                 ; short        ; open          ; open            ; open  ; 0 V                 ; -                  ; n/a           ; n/a             ; n/a         ;
; RDATA(8)      ; 1.8-V        ; 0 in              ; 0 H/in                  ; 0 F/in                  ; short         ; -                   ; open           ; open             ; open   ; 0 in             ; 0 H/in                 ; 0 F/in                 ; short        ; open          ; open            ; open  ; 0 V                 ; -                  ; n/a           ; n/a             ; n/a         ;
; RDATA(9)      ; 1.8-V        ; 0 in              ; 0 H/in                  ; 0 F/in                  ; short         ; -                   ; open           ; open             ; open   ; 0 in             ; 0 H/in                 ; 0 F/in                 ; short        ; open          ; open            ; open  ; 0 V                 ; -                  ; n/a           ; n/a             ; n/a         ;
; RDATA(10)     ; 1.8-V        ; 0 in              ; 0 H/in                  ; 0 F/in                  ; short         ; -                   ; open           ; open             ; open   ; 0 in             ; 0 H/in                 ; 0 F/in                 ; short        ; open          ; open            ; open  ; 0 V                 ; -                  ; n/a           ; n/a             ; n/a         ;
; RDATA(11)     ; 1.8-V        ; 0 in              ; 0 H/in                  ; 0 F/in                  ; short         ; -                   ; open           ; open             ; open   ; 0 in             ; 0 H/in                 ; 0 F/in                 ; short        ; open          ; open            ; open  ; 0 V                 ; -                  ; n/a           ; n/a             ; n/a         ;
; RDATA(12)     ; 1.8-V        ; 0 in              ; 0 H/in                  ; 0 F/in                  ; short         ; -                   ; open           ; open             ; open   ; 0 in             ; 0 H/in                 ; 0 F/in                 ; short        ; open          ; open            ; open  ; 0 V                 ; -                  ; n/a           ; n/a             ; n/a         ;
; RDATA(13)     ; 1.8-V        ; 0 in              ; 0 H/in                  ; 0 F/in                  ; short         ; -                   ; open           ; open             ; open   ; 0 in             ; 0 H/in                 ; 0 F/in                 ; short        ; open          ; open            ; open  ; 0 V                 ; -                  ; n/a           ; n/a             ; n/a         ;
; RDATA(14)     ; 1.8-V        ; 0 in              ; 0 H/in                  ; 0 F/in                  ; short         ; -                   ; open           ; open             ; open   ; 0 in             ; 0 H/in                 ; 0 F/in                 ; short        ; open          ; open            ; open  ; 0 V                 ; -                  ; n/a           ; n/a             ; n/a         ;
; RDATA(15)     ; 1.8-V        ; 0 in              ; 0 H/in                  ; 0 F/in                  ; short         ; -                   ; open           ; open             ; open   ; 0 in             ; 0 H/in                 ; 0 F/in                 ; short        ; open          ; open            ; open  ; 0 V                 ; -                  ; n/a           ; n/a             ; n/a         ;
; RDATA(16)     ; 1.8-V        ; 0 in              ; 0 H/in                  ; 0 F/in                  ; short         ; -                   ; open           ; open             ; open   ; 0 in             ; 0 H/in                 ; 0 F/in                 ; short        ; open          ; open            ; open  ; 0 V                 ; -                  ; n/a           ; n/a             ; n/a         ;
; RDATA(17)     ; 1.8-V        ; 0 in              ; 0 H/in                  ; 0 F/in                  ; short         ; -                   ; open           ; open             ; open   ; 0 in             ; 0 H/in                 ; 0 F/in                 ; short        ; open          ; open            ; open  ; 0 V                 ; -                  ; n/a           ; n/a             ; n/a         ;
; RDATA(18)     ; 1.8-V        ; 0 in              ; 0 H/in                  ; 0 F/in                  ; short         ; -                   ; open           ; open             ; open   ; 0 in             ; 0 H/in                 ; 0 F/in                 ; short        ; open          ; open            ; open  ; 0 V                 ; -                  ; n/a           ; n/a             ; n/a         ;
; RDATA(19)     ; 1.8-V        ; 0 in              ; 0 H/in                  ; 0 F/in                  ; short         ; -                   ; open           ; open             ; open   ; 0 in             ; 0 H/in                 ; 0 F/in                 ; short        ; open          ; open            ; open  ; 0 V                 ; -                  ; n/a           ; n/a             ; n/a         ;
; RDATA(20)     ; 1.8-V        ; 0 in              ; 0 H/in                  ; 0 F/in                  ; short         ; -                   ; open           ; open             ; open   ; 0 in             ; 0 H/in                 ; 0 F/in                 ; short        ; open          ; open            ; open  ; 0 V                 ; -                  ; n/a           ; n/a             ; n/a         ;
; RDATA(21)     ; 1.8-V        ; 0 in              ; 0 H/in                  ; 0 F/in                  ; short         ; -                   ; open           ; open             ; open   ; 0 in             ; 0 H/in                 ; 0 F/in                 ; short        ; open          ; open            ; open  ; 0 V                 ; -                  ; n/a           ; n/a             ; n/a         ;
; RDATA(22)     ; 1.8-V        ; 0 in              ; 0 H/in                  ; 0 F/in                  ; short         ; -                   ; open           ; open             ; open   ; 0 in             ; 0 H/in                 ; 0 F/in                 ; short        ; open          ; open            ; open  ; 0 V                 ; -                  ; n/a           ; n/a             ; n/a         ;
; RDATA(23)     ; 1.8-V        ; 0 in              ; 0 H/in                  ; 0 F/in                  ; short         ; -                   ; open           ; open             ; open   ; 0 in             ; 0 H/in                 ; 0 F/in                 ; short        ; open          ; open            ; open  ; 0 V                 ; -                  ; n/a           ; n/a             ; n/a         ;
; RDATA(24)     ; 1.8-V        ; 0 in              ; 0 H/in                  ; 0 F/in                  ; short         ; -                   ; open           ; open             ; open   ; 0 in             ; 0 H/in                 ; 0 F/in                 ; short        ; open          ; open            ; open  ; 0 V                 ; -                  ; n/a           ; n/a             ; n/a         ;
; RDATA(25)     ; 1.8-V        ; 0 in              ; 0 H/in                  ; 0 F/in                  ; short         ; -                   ; open           ; open             ; open   ; 0 in             ; 0 H/in                 ; 0 F/in                 ; short        ; open          ; open            ; open  ; 0 V                 ; -                  ; n/a           ; n/a             ; n/a         ;
; RDATA(26)     ; 1.8-V        ; 0 in              ; 0 H/in                  ; 0 F/in                  ; short         ; -                   ; open           ; open             ; open   ; 0 in             ; 0 H/in                 ; 0 F/in                 ; short        ; open          ; open            ; open  ; 0 V                 ; -                  ; n/a           ; n/a             ; n/a         ;
; RDATA(27)     ; 1.8-V        ; 0 in              ; 0 H/in                  ; 0 F/in                  ; short         ; -                   ; open           ; open             ; open   ; 0 in             ; 0 H/in                 ; 0 F/in                 ; short        ; open          ; open            ; open  ; 0 V                 ; -                  ; n/a           ; n/a             ; n/a         ;
; RDATA(28)     ; 1.8-V        ; 0 in              ; 0 H/in                  ; 0 F/in                  ; short         ; -                   ; open           ; open             ; open   ; 0 in             ; 0 H/in                 ; 0 F/in                 ; short        ; open          ; open            ; open  ; 0 V                 ; -                  ; n/a           ; n/a             ; n/a         ;
; RDATA(29)     ; 1.8-V        ; 0 in              ; 0 H/in                  ; 0 F/in                  ; short         ; -                   ; open           ; open             ; open   ; 0 in             ; 0 H/in                 ; 0 F/in                 ; short        ; open          ; open            ; open  ; 0 V                 ; -                  ; n/a           ; n/a             ; n/a         ;
; RDATA(30)     ; 1.8-V        ; 0 in              ; 0 H/in                  ; 0 F/in                  ; short         ; -                   ; open           ; open             ; open   ; 0 in             ; 0 H/in                 ; 0 F/in                 ; short        ; open          ; open            ; open  ; 0 V                 ; -                  ; n/a           ; n/a             ; n/a         ;
; RDATA(31)     ; 1.8-V        ; 0 in              ; 0 H/in                  ; 0 F/in                  ; short         ; -                   ; open           ; open             ; open   ; 0 in             ; 0 H/in                 ; 0 F/in                 ; short        ; open          ; open            ; open  ; 0 V                 ; -                  ; n/a           ; n/a             ; n/a         ;
; RRESP(0)      ; 1.8-V        ; 0 in              ; 0 H/in                  ; 0 F/in                  ; short         ; -                   ; open           ; open             ; open   ; 0 in             ; 0 H/in                 ; 0 F/in                 ; short        ; open          ; open            ; open  ; 0 V                 ; -                  ; n/a           ; n/a             ; n/a         ;
; RRESP(1)      ; 1.8-V        ; 0 in              ; 0 H/in                  ; 0 F/in                  ; short         ; -                   ; open           ; open             ; open   ; 0 in             ; 0 H/in                 ; 0 F/in                 ; short        ; open          ; open            ; open  ; 0 V                 ; -                  ; n/a           ; n/a             ; n/a         ;
; RVALID        ; 1.8-V        ; 0 in              ; 0 H/in                  ; 0 F/in                  ; short         ; -                   ; open           ; open             ; open   ; 0 in             ; 0 H/in                 ; 0 F/in                 ; short        ; open          ; open            ; open  ; 0 V                 ; -                  ; n/a           ; n/a             ; n/a         ;
; gpio_out(0)   ; 1.8-V        ; 0 in              ; 0 H/in                  ; 0 F/in                  ; short         ; -                   ; open           ; open             ; open   ; 0 in             ; 0 H/in                 ; 0 F/in                 ; short        ; open          ; open            ; open  ; 0 V                 ; -                  ; n/a           ; n/a             ; n/a         ;
; gpio_out(1)   ; 1.8-V        ; 0 in              ; 0 H/in                  ; 0 F/in                  ; short         ; -                   ; open           ; open             ; open   ; 0 in             ; 0 H/in                 ; 0 F/in                 ; short        ; open          ; open            ; open  ; 0 V                 ; -                  ; n/a           ; n/a             ; n/a         ;
; gpio_out(2)   ; 1.8-V        ; 0 in              ; 0 H/in                  ; 0 F/in                  ; short         ; -                   ; open           ; open             ; open   ; 0 in             ; 0 H/in                 ; 0 F/in                 ; short        ; open          ; open            ; open  ; 0 V                 ; -                  ; n/a           ; n/a             ; n/a         ;
; gpio_out(3)   ; 1.8-V        ; 0 in              ; 0 H/in                  ; 0 F/in                  ; short         ; -                   ; open           ; open             ; open   ; 0 in             ; 0 H/in                 ; 0 F/in                 ; short        ; open          ; open            ; open  ; 0 V                 ; -                  ; n/a           ; n/a             ; n/a         ;
; gpio_out(4)   ; 1.8-V        ; 0 in              ; 0 H/in                  ; 0 F/in                  ; short         ; -                   ; open           ; open             ; open   ; 0 in             ; 0 H/in                 ; 0 F/in                 ; short        ; open          ; open            ; open  ; 0 V                 ; -                  ; n/a           ; n/a             ; n/a         ;
; gpio_out(5)   ; 1.8-V        ; 0 in              ; 0 H/in                  ; 0 F/in                  ; short         ; -                   ; open           ; open             ; open   ; 0 in             ; 0 H/in                 ; 0 F/in                 ; short        ; open          ; open            ; open  ; 0 V                 ; -                  ; n/a           ; n/a             ; n/a         ;
; gpio_out(6)   ; 1.8-V        ; 0 in              ; 0 H/in                  ; 0 F/in                  ; short         ; -                   ; open           ; open             ; open   ; 0 in             ; 0 H/in                 ; 0 F/in                 ; short        ; open          ; open            ; open  ; 0 V                 ; -                  ; n/a           ; n/a             ; n/a         ;
; gpio_out(7)   ; 1.8-V        ; 0 in              ; 0 H/in                  ; 0 F/in                  ; short         ; -                   ; open           ; open             ; open   ; 0 in             ; 0 H/in                 ; 0 F/in                 ; short        ; open          ; open            ; open  ; 0 V                 ; -                  ; n/a           ; n/a             ; n/a         ;
; gpio_out(8)   ; 1.8-V        ; 0 in              ; 0 H/in                  ; 0 F/in                  ; short         ; -                   ; open           ; open             ; open   ; 0 in             ; 0 H/in                 ; 0 F/in                 ; short        ; open          ; open            ; open  ; 0 V                 ; -                  ; n/a           ; n/a             ; n/a         ;
; gpio_out(9)   ; 1.8-V        ; 0 in              ; 0 H/in                  ; 0 F/in                  ; short         ; -                   ; open           ; open             ; open   ; 0 in             ; 0 H/in                 ; 0 F/in                 ; short        ; open          ; open            ; open  ; 0 V                 ; -                  ; n/a           ; n/a             ; n/a         ;
; gpio_out(10)  ; 1.8-V        ; 0 in              ; 0 H/in                  ; 0 F/in                  ; short         ; -                   ; open           ; open             ; open   ; 0 in             ; 0 H/in                 ; 0 F/in                 ; short        ; open          ; open            ; open  ; 0 V                 ; -                  ; n/a           ; n/a             ; n/a         ;
; gpio_out(11)  ; 1.8-V        ; 0 in              ; 0 H/in                  ; 0 F/in                  ; short         ; -                   ; open           ; open             ; open   ; 0 in             ; 0 H/in                 ; 0 F/in                 ; short        ; open          ; open            ; open  ; 0 V                 ; -                  ; n/a           ; n/a             ; n/a         ;
; gpio_out(12)  ; 1.8-V        ; 0 in              ; 0 H/in                  ; 0 F/in                  ; short         ; -                   ; open           ; open             ; open   ; 0 in             ; 0 H/in                 ; 0 F/in                 ; short        ; open          ; open            ; open  ; 0 V                 ; -                  ; n/a           ; n/a             ; n/a         ;
; gpio_out(13)  ; 1.8-V        ; 0 in              ; 0 H/in                  ; 0 F/in                  ; short         ; -                   ; open           ; open             ; open   ; 0 in             ; 0 H/in                 ; 0 F/in                 ; short        ; open          ; open            ; open  ; 0 V                 ; -                  ; n/a           ; n/a             ; n/a         ;
; gpio_out(14)  ; 1.8-V        ; 0 in              ; 0 H/in                  ; 0 F/in                  ; short         ; -                   ; open           ; open             ; open   ; 0 in             ; 0 H/in                 ; 0 F/in                 ; short        ; open          ; open            ; open  ; 0 V                 ; -                  ; n/a           ; n/a             ; n/a         ;
; gpio_out(15)  ; 1.8-V        ; 0 in              ; 0 H/in                  ; 0 F/in                  ; short         ; -                   ; open           ; open             ; open   ; 0 in             ; 0 H/in                 ; 0 F/in                 ; short        ; open          ; open            ; open  ; 0 V                 ; -                  ; n/a           ; n/a             ; n/a         ;
; gpio_out(16)  ; 1.8-V        ; 0 in              ; 0 H/in                  ; 0 F/in                  ; short         ; -                   ; open           ; open             ; open   ; 0 in             ; 0 H/in                 ; 0 F/in                 ; short        ; open          ; open            ; open  ; 0 V                 ; -                  ; n/a           ; n/a             ; n/a         ;
; gpio_out(17)  ; 1.8-V        ; 0 in              ; 0 H/in                  ; 0 F/in                  ; short         ; -                   ; open           ; open             ; open   ; 0 in             ; 0 H/in                 ; 0 F/in                 ; short        ; open          ; open            ; open  ; 0 V                 ; -                  ; n/a           ; n/a             ; n/a         ;
; gpio_out(18)  ; 1.8-V        ; 0 in              ; 0 H/in                  ; 0 F/in                  ; short         ; -                   ; open           ; open             ; open   ; 0 in             ; 0 H/in                 ; 0 F/in                 ; short        ; open          ; open            ; open  ; 0 V                 ; -                  ; n/a           ; n/a             ; n/a         ;
; gpio_out(19)  ; 1.8-V        ; 0 in              ; 0 H/in                  ; 0 F/in                  ; short         ; -                   ; open           ; open             ; open   ; 0 in             ; 0 H/in                 ; 0 F/in                 ; short        ; open          ; open            ; open  ; 0 V                 ; -                  ; n/a           ; n/a             ; n/a         ;
; gpio_out(20)  ; 1.8-V        ; 0 in              ; 0 H/in                  ; 0 F/in                  ; short         ; -                   ; open           ; open             ; open   ; 0 in             ; 0 H/in                 ; 0 F/in                 ; short        ; open          ; open            ; open  ; 0 V                 ; -                  ; n/a           ; n/a             ; n/a         ;
; gpio_out(21)  ; 1.8-V        ; 0 in              ; 0 H/in                  ; 0 F/in                  ; short         ; -                   ; open           ; open             ; open   ; 0 in             ; 0 H/in                 ; 0 F/in                 ; short        ; open          ; open            ; open  ; 0 V                 ; -                  ; n/a           ; n/a             ; n/a         ;
; gpio_out(22)  ; 1.8-V        ; 0 in              ; 0 H/in                  ; 0 F/in                  ; short         ; -                   ; open           ; open             ; open   ; 0 in             ; 0 H/in                 ; 0 F/in                 ; short        ; open          ; open            ; open  ; 0 V                 ; -                  ; n/a           ; n/a             ; n/a         ;
; gpio_out(23)  ; 1.8-V        ; 0 in              ; 0 H/in                  ; 0 F/in                  ; short         ; -                   ; open           ; open             ; open   ; 0 in             ; 0 H/in                 ; 0 F/in                 ; short        ; open          ; open            ; open  ; 0 V                 ; -                  ; n/a           ; n/a             ; n/a         ;
; gpio_out(24)  ; 1.8-V        ; 0 in              ; 0 H/in                  ; 0 F/in                  ; short         ; -                   ; open           ; open             ; open   ; 0 in             ; 0 H/in                 ; 0 F/in                 ; short        ; open          ; open            ; open  ; 0 V                 ; -                  ; n/a           ; n/a             ; n/a         ;
; gpio_out(25)  ; 1.8-V        ; 0 in              ; 0 H/in                  ; 0 F/in                  ; short         ; -                   ; open           ; open             ; open   ; 0 in             ; 0 H/in                 ; 0 F/in                 ; short        ; open          ; open            ; open  ; 0 V                 ; -                  ; n/a           ; n/a             ; n/a         ;
; gpio_out(26)  ; 1.8-V        ; 0 in              ; 0 H/in                  ; 0 F/in                  ; short         ; -                   ; open           ; open             ; open   ; 0 in             ; 0 H/in                 ; 0 F/in                 ; short        ; open          ; open            ; open  ; 0 V                 ; -                  ; n/a           ; n/a             ; n/a         ;
; gpio_out(27)  ; 1.8-V        ; 0 in              ; 0 H/in                  ; 0 F/in                  ; short         ; -                   ; open           ; open             ; open   ; 0 in             ; 0 H/in                 ; 0 F/in                 ; short        ; open          ; open            ; open  ; 0 V                 ; -                  ; n/a           ; n/a             ; n/a         ;
; gpio_out(28)  ; 1.8-V        ; 0 in              ; 0 H/in                  ; 0 F/in                  ; short         ; -                   ; open           ; open             ; open   ; 0 in             ; 0 H/in                 ; 0 F/in                 ; short        ; open          ; open            ; open  ; 0 V                 ; -                  ; n/a           ; n/a             ; n/a         ;
; gpio_out(29)  ; 1.8-V        ; 0 in              ; 0 H/in                  ; 0 F/in                  ; short         ; -                   ; open           ; open             ; open   ; 0 in             ; 0 H/in                 ; 0 F/in                 ; short        ; open          ; open            ; open  ; 0 V                 ; -                  ; n/a           ; n/a             ; n/a         ;
; gpio_out(30)  ; 1.8-V        ; 0 in              ; 0 H/in                  ; 0 F/in                  ; short         ; -                   ; open           ; open             ; open   ; 0 in             ; 0 H/in                 ; 0 F/in                 ; short        ; open          ; open            ; open  ; 0 V                 ; -                  ; n/a           ; n/a             ; n/a         ;
; gpio_out(31)  ; 1.8-V        ; 0 in              ; 0 H/in                  ; 0 F/in                  ; short         ; -                   ; open           ; open             ; open   ; 0 in             ; 0 H/in                 ; 0 F/in                 ; short        ; open          ; open            ; open  ; 0 V                 ; -                  ; n/a           ; n/a             ; n/a         ;
; gpio_oe(0)    ; 1.8-V        ; 0 in              ; 0 H/in                  ; 0 F/in                  ; short         ; -                   ; open           ; open             ; open   ; 0 in             ; 0 H/in                 ; 0 F/in                 ; short        ; open          ; open            ; open  ; 0 V                 ; -                  ; n/a           ; n/a             ; n/a         ;
; gpio_oe(1)    ; 1.8-V        ; 0 in              ; 0 H/in                  ; 0 F/in                  ; short         ; -                   ; open           ; open             ; open   ; 0 in             ; 0 H/in                 ; 0 F/in                 ; short        ; open          ; open            ; open  ; 0 V                 ; -                  ; n/a           ; n/a             ; n/a         ;
; gpio_oe(2)    ; 1.8-V        ; 0 in              ; 0 H/in                  ; 0 F/in                  ; short         ; -                   ; open           ; open             ; open   ; 0 in             ; 0 H/in                 ; 0 F/in                 ; short        ; open          ; open            ; open  ; 0 V                 ; -                  ; n/a           ; n/a             ; n/a         ;
; gpio_oe(3)    ; 1.8-V        ; 0 in              ; 0 H/in                  ; 0 F/in                  ; short         ; -                   ; open           ; open             ; open   ; 0 in             ; 0 H/in                 ; 0 F/in                 ; short        ; open          ; open            ; open  ; 0 V                 ; -                  ; n/a           ; n/a             ; n/a         ;
; gpio_oe(4)    ; 1.8-V        ; 0 in              ; 0 H/in                  ; 0 F/in                  ; short         ; -                   ; open           ; open             ; open   ; 0 in             ; 0 H/in                 ; 0 F/in                 ; short        ; open          ; open            ; open  ; 0 V                 ; -                  ; n/a           ; n/a             ; n/a         ;
; gpio_oe(5)    ; 1.8-V        ; 0 in              ; 0 H/in                  ; 0 F/in                  ; short         ; -                   ; open           ; open             ; open   ; 0 in             ; 0 H/in                 ; 0 F/in                 ; short        ; open          ; open            ; open  ; 0 V                 ; -                  ; n/a           ; n/a             ; n/a         ;
; gpio_oe(6)    ; 1.8-V        ; 0 in              ; 0 H/in                  ; 0 F/in                  ; short         ; -                   ; open           ; open             ; open   ; 0 in             ; 0 H/in                 ; 0 F/in                 ; short        ; open          ; open            ; open  ; 0 V                 ; -                  ; n/a           ; n/a             ; n/a         ;
; gpio_oe(7)    ; 1.8-V        ; 0 in              ; 0 H/in                  ; 0 F/in                  ; short         ; -                   ; open           ; open             ; open   ; 0 in             ; 0 H/in                 ; 0 F/in                 ; short        ; open          ; open            ; open  ; 0 V                 ; -                  ; n/a           ; n/a             ; n/a         ;
; gpio_oe(8)    ; 1.8-V        ; 0 in              ; 0 H/in                  ; 0 F/in                  ; short         ; -                   ; open           ; open             ; open   ; 0 in             ; 0 H/in                 ; 0 F/in                 ; short        ; open          ; open            ; open  ; 0 V                 ; -                  ; n/a           ; n/a             ; n/a         ;
; gpio_oe(9)    ; 1.8-V        ; 0 in              ; 0 H/in                  ; 0 F/in                  ; short         ; -                   ; open           ; open             ; open   ; 0 in             ; 0 H/in                 ; 0 F/in                 ; short        ; open          ; open            ; open  ; 0 V                 ; -                  ; n/a           ; n/a             ; n/a         ;
; gpio_oe(10)   ; 1.8-V        ; 0 in              ; 0 H/in                  ; 0 F/in                  ; short         ; -                   ; open           ; open             ; open   ; 0 in             ; 0 H/in                 ; 0 F/in                 ; short        ; open          ; open            ; open  ; 0 V                 ; -                  ; n/a           ; n/a             ; n/a         ;
; gpio_oe(11)   ; 1.8-V        ; 0 in              ; 0 H/in                  ; 0 F/in                  ; short         ; -                   ; open           ; open             ; open   ; 0 in             ; 0 H/in                 ; 0 F/in                 ; short        ; open          ; open            ; open  ; 0 V                 ; -                  ; n/a           ; n/a             ; n/a         ;
; gpio_oe(12)   ; 1.8-V        ; 0 in              ; 0 H/in                  ; 0 F/in                  ; short         ; -                   ; open           ; open             ; open   ; 0 in             ; 0 H/in                 ; 0 F/in                 ; short        ; open          ; open            ; open  ; 0 V                 ; -                  ; n/a           ; n/a             ; n/a         ;
; gpio_oe(13)   ; 1.8-V        ; 0 in              ; 0 H/in                  ; 0 F/in                  ; short         ; -                   ; open           ; open             ; open   ; 0 in             ; 0 H/in                 ; 0 F/in                 ; short        ; open          ; open            ; open  ; 0 V                 ; -                  ; n/a           ; n/a             ; n/a         ;
; gpio_oe(14)   ; 1.8-V        ; 0 in              ; 0 H/in                  ; 0 F/in                  ; short         ; -                   ; open           ; open             ; open   ; 0 in             ; 0 H/in                 ; 0 F/in                 ; short        ; open          ; open            ; open  ; 0 V                 ; -                  ; n/a           ; n/a             ; n/a         ;
; gpio_oe(15)   ; 1.8-V        ; 0 in              ; 0 H/in                  ; 0 F/in                  ; short         ; -                   ; open           ; open             ; open   ; 0 in             ; 0 H/in                 ; 0 F/in                 ; short        ; open          ; open            ; open  ; 0 V                 ; -                  ; n/a           ; n/a             ; n/a         ;
; gpio_oe(16)   ; 1.8-V        ; 0 in              ; 0 H/in                  ; 0 F/in                  ; short         ; -                   ; open           ; open             ; open   ; 0 in             ; 0 H/in                 ; 0 F/in                 ; short        ; open          ; open            ; open  ; 0 V                 ; -                  ; n/a           ; n/a             ; n/a         ;
; gpio_oe(17)   ; 1.8-V        ; 0 in              ; 0 H/in                  ; 0 F/in                  ; short         ; -                   ; open           ; open             ; open   ; 0 in             ; 0 H/in                 ; 0 F/in                 ; short        ; open          ; open            ; open  ; 0 V                 ; -                  ; n/a           ; n/a             ; n/a         ;
; gpio_oe(18)   ; 1.8-V        ; 0 in              ; 0 H/in                  ; 0 F/in                  ; short         ; -                   ; open           ; open             ; open   ; 0 in             ; 0 H/in                 ; 0 F/in                 ; short        ; open          ; open            ; open  ; 0 V                 ; -                  ; n/a           ; n/a             ; n/a         ;
; gpio_oe(19)   ; 1.8-V        ; 0 in              ; 0 H/in                  ; 0 F/in                  ; short         ; -                   ; open           ; open             ; open   ; 0 in             ; 0 H/in                 ; 0 F/in                 ; short        ; open          ; open            ; open  ; 0 V                 ; -                  ; n/a           ; n/a             ; n/a         ;
; gpio_oe(20)   ; 1.8-V        ; 0 in              ; 0 H/in                  ; 0 F/in                  ; short         ; -                   ; open           ; open             ; open   ; 0 in             ; 0 H/in                 ; 0 F/in                 ; short        ; open          ; open            ; open  ; 0 V                 ; -                  ; n/a           ; n/a             ; n/a         ;
; gpio_oe(21)   ; 1.8-V        ; 0 in              ; 0 H/in                  ; 0 F/in                  ; short         ; -                   ; open           ; open             ; open   ; 0 in             ; 0 H/in                 ; 0 F/in                 ; short        ; open          ; open            ; open  ; 0 V                 ; -                  ; n/a           ; n/a             ; n/a         ;
; gpio_oe(22)   ; 1.8-V        ; 0 in              ; 0 H/in                  ; 0 F/in                  ; short         ; -                   ; open           ; open             ; open   ; 0 in             ; 0 H/in                 ; 0 F/in                 ; short        ; open          ; open            ; open  ; 0 V                 ; -                  ; n/a           ; n/a             ; n/a         ;
; gpio_oe(23)   ; 1.8-V        ; 0 in              ; 0 H/in                  ; 0 F/in                  ; short         ; -                   ; open           ; open             ; open   ; 0 in             ; 0 H/in                 ; 0 F/in                 ; short        ; open          ; open            ; open  ; 0 V                 ; -                  ; n/a           ; n/a             ; n/a         ;
; gpio_oe(24)   ; 1.8-V        ; 0 in              ; 0 H/in                  ; 0 F/in                  ; short         ; -                   ; open           ; open             ; open   ; 0 in             ; 0 H/in                 ; 0 F/in                 ; short        ; open          ; open            ; open  ; 0 V                 ; -                  ; n/a           ; n/a             ; n/a         ;
; gpio_oe(25)   ; 1.8-V        ; 0 in              ; 0 H/in                  ; 0 F/in                  ; short         ; -                   ; open           ; open             ; open   ; 0 in             ; 0 H/in                 ; 0 F/in                 ; short        ; open          ; open            ; open  ; 0 V                 ; -                  ; n/a           ; n/a             ; n/a         ;
; gpio_oe(26)   ; 1.8-V        ; 0 in              ; 0 H/in                  ; 0 F/in                  ; short         ; -                   ; open           ; open             ; open   ; 0 in             ; 0 H/in                 ; 0 F/in                 ; short        ; open          ; open            ; open  ; 0 V                 ; -                  ; n/a           ; n/a             ; n/a         ;
; gpio_oe(27)   ; 1.8-V        ; 0 in              ; 0 H/in                  ; 0 F/in                  ; short         ; -                   ; open           ; open             ; open   ; 0 in             ; 0 H/in                 ; 0 F/in                 ; short        ; open          ; open            ; open  ; 0 V                 ; -                  ; n/a           ; n/a             ; n/a         ;
; gpio_oe(28)   ; 1.8-V        ; 0 in              ; 0 H/in                  ; 0 F/in                  ; short         ; -                   ; open           ; open             ; open   ; 0 in             ; 0 H/in                 ; 0 F/in                 ; short        ; open          ; open            ; open  ; 0 V                 ; -                  ; n/a           ; n/a             ; n/a         ;
; gpio_oe(29)   ; 1.8-V        ; 0 in              ; 0 H/in                  ; 0 F/in                  ; short         ; -                   ; open           ; open             ; open   ; 0 in             ; 0 H/in                 ; 0 F/in                 ; short        ; open          ; open            ; open  ; 0 V                 ; -                  ; n/a           ; n/a             ; n/a         ;
; gpio_oe(30)   ; 1.8-V        ; 0 in              ; 0 H/in                  ; 0 F/in                  ; short         ; -                   ; open           ; open             ; open   ; 0 in             ; 0 H/in                 ; 0 F/in                 ; short        ; open          ; open            ; open  ; 0 V                 ; -                  ; n/a           ; n/a             ; n/a         ;
; gpio_oe(31)   ; 1.8-V        ; 0 in              ; 0 H/in                  ; 0 F/in                  ; short         ; -                   ; open           ; open             ; open   ; 0 in             ; 0 H/in                 ; 0 F/in                 ; short        ; open          ; open            ; open  ; 0 V                 ; -                  ; n/a           ; n/a             ; n/a         ;
; combined_irq  ; 1.8-V        ; 0 in              ; 0 H/in                  ; 0 F/in                  ; short         ; -                   ; open           ; open             ; open   ; 0 in             ; 0 H/in                 ; 0 F/in                 ; short        ; open          ; open            ; open  ; 0 V                 ; -                  ; n/a           ; n/a             ; n/a         ;
; irq_status(0) ; 1.8-V        ; 0 in              ; 0 H/in                  ; 0 F/in                  ; short         ; -                   ; open           ; open             ; open   ; 0 in             ; 0 H/in                 ; 0 F/in                 ; short        ; open          ; open            ; open  ; 0 V                 ; -                  ; n/a           ; n/a             ; n/a         ;
; irq_status(1) ; 1.8-V        ; 0 in              ; 0 H/in                  ; 0 F/in                  ; short         ; -                   ; open           ; open             ; open   ; 0 in             ; 0 H/in                 ; 0 F/in                 ; short        ; open          ; open            ; open  ; 0 V                 ; -                  ; n/a           ; n/a             ; n/a         ;
; irq_status(2) ; 1.8-V        ; 0 in              ; 0 H/in                  ; 0 F/in                  ; short         ; -                   ; open           ; open             ; open   ; 0 in             ; 0 H/in                 ; 0 F/in                 ; short        ; open          ; open            ; open  ; 0 V                 ; -                  ; n/a           ; n/a             ; n/a         ;
+---------------+--------------+-------------------+-------------------------+-------------------------+---------------+---------------------+----------------+------------------+--------+------------------+------------------------+------------------------+--------------+---------------+-----------------+-------+---------------------+--------------------+---------------+-----------------+-------------+


+-------------------------------------------------------------------+
; Input Transition Times                                            ;
+----------------+--------------+-----------------+-----------------+
; Pin            ; I/O Standard ; 10-90 Rise Time ; 90-10 Fall Time ;
+----------------+--------------+-----------------+-----------------+
; WSTRB(0)       ; 1.8-V        ; 1440 ps         ; 1440 ps         ;
; WSTRB(1)       ; 1.8-V        ; 1440 ps         ; 1440 ps         ;
; WSTRB(2)       ; 1.8-V        ; 1440 ps         ; 1440 ps         ;
; WSTRB(3)       ; 1.8-V        ; 1440 ps         ; 1440 ps         ;
; BREADY         ; 1.8-V        ; 1440 ps         ; 1440 ps         ;
; AWVALID        ; 1.8-V        ; 1440 ps         ; 1440 ps         ;
; WVALID         ; 1.8-V        ; 1440 ps         ; 1440 ps         ;
; ACLK           ; 1.8-V        ; 1440 ps         ; 1440 ps         ;
; ARESETn        ; 1.8-V        ; 1440 ps         ; 1440 ps         ;
; RREADY         ; 1.8-V        ; 1440 ps         ; 1440 ps         ;
; ARVALID        ; 1.8-V        ; 1440 ps         ; 1440 ps         ;
; gpio_in(0)     ; 1.8-V        ; 1440 ps         ; 1440 ps         ;
; gpio_in(1)     ; 1.8-V        ; 1440 ps         ; 1440 ps         ;
; gpio_in(2)     ; 1.8-V        ; 1440 ps         ; 1440 ps         ;
; gpio_in(3)     ; 1.8-V        ; 1440 ps         ; 1440 ps         ;
; gpio_in(4)     ; 1.8-V        ; 1440 ps         ; 1440 ps         ;
; gpio_in(5)     ; 1.8-V        ; 1440 ps         ; 1440 ps         ;
; gpio_in(6)     ; 1.8-V        ; 1440 ps         ; 1440 ps         ;
; gpio_in(7)     ; 1.8-V        ; 1440 ps         ; 1440 ps         ;
; gpio_in(8)     ; 1.8-V        ; 1440 ps         ; 1440 ps         ;
; gpio_in(9)     ; 1.8-V        ; 1440 ps         ; 1440 ps         ;
; gpio_in(10)    ; 1.8-V        ; 1440 ps         ; 1440 ps         ;
; gpio_in(11)    ; 1.8-V        ; 1440 ps         ; 1440 ps         ;
; gpio_in(12)    ; 1.8-V        ; 1440 ps         ; 1440 ps         ;
; gpio_in(13)    ; 1.8-V        ; 1440 ps         ; 1440 ps         ;
; gpio_in(14)    ; 1.8-V        ; 1440 ps         ; 1440 ps         ;
; gpio_in(15)    ; 1.8-V        ; 1440 ps         ; 1440 ps         ;
; gpio_in(16)    ; 1.8-V        ; 1440 ps         ; 1440 ps         ;
; gpio_in(17)    ; 1.8-V        ; 1440 ps         ; 1440 ps         ;
; gpio_in(18)    ; 1.8-V        ; 1440 ps         ; 1440 ps         ;
; gpio_in(19)    ; 1.8-V        ; 1440 ps         ; 1440 ps         ;
; gpio_in(20)    ; 1.8-V        ; 1440 ps         ; 1440 ps         ;
; gpio_in(21)    ; 1.8-V        ; 1440 ps         ; 1440 ps         ;
; gpio_in(22)    ; 1.8-V        ; 1440 ps         ; 1440 ps         ;
; gpio_in(23)    ; 1.8-V        ; 1440 ps         ; 1440 ps         ;
; gpio_in(24)    ; 1.8-V        ; 1440 ps         ; 1440 ps         ;
; gpio_in(25)    ; 1.8-V        ; 1440 ps         ; 1440 ps         ;
; gpio_in(26)    ; 1.8-V        ; 1440 ps         ; 1440 ps         ;
; gpio_in(27)    ; 1.8-V        ; 1440 ps         ; 1440 ps         ;
; gpio_in(28)    ; 1.8-V        ; 1440 ps         ; 1440 ps         ;
; gpio_in(29)    ; 1.8-V        ; 1440 ps         ; 1440 ps         ;
; gpio_in(30)    ; 1.8-V        ; 1440 ps         ; 1440 ps         ;
; gpio_in(31)    ; 1.8-V        ; 1440 ps         ; 1440 ps         ;
; ARADDR(31)     ; 1.8-V        ; 1440 ps         ; 1440 ps         ;
; AWADDR(31)     ; 1.8-V        ; 1440 ps         ; 1440 ps         ;
; ARADDR(9)      ; 1.8-V        ; 1440 ps         ; 1440 ps         ;
; AWADDR(9)      ; 1.8-V        ; 1440 ps         ; 1440 ps         ;
; ARADDR(8)      ; 1.8-V        ; 1440 ps         ; 1440 ps         ;
; AWADDR(8)      ; 1.8-V        ; 1440 ps         ; 1440 ps         ;
; ARADDR(10)     ; 1.8-V        ; 1440 ps         ; 1440 ps         ;
; AWADDR(10)     ; 1.8-V        ; 1440 ps         ; 1440 ps         ;
; ARADDR(19)     ; 1.8-V        ; 1440 ps         ; 1440 ps         ;
; AWADDR(19)     ; 1.8-V        ; 1440 ps         ; 1440 ps         ;
; ARADDR(18)     ; 1.8-V        ; 1440 ps         ; 1440 ps         ;
; AWADDR(18)     ; 1.8-V        ; 1440 ps         ; 1440 ps         ;
; ARADDR(16)     ; 1.8-V        ; 1440 ps         ; 1440 ps         ;
; AWADDR(16)     ; 1.8-V        ; 1440 ps         ; 1440 ps         ;
; ARADDR(15)     ; 1.8-V        ; 1440 ps         ; 1440 ps         ;
; AWADDR(15)     ; 1.8-V        ; 1440 ps         ; 1440 ps         ;
; ARADDR(14)     ; 1.8-V        ; 1440 ps         ; 1440 ps         ;
; AWADDR(14)     ; 1.8-V        ; 1440 ps         ; 1440 ps         ;
; ARADDR(13)     ; 1.8-V        ; 1440 ps         ; 1440 ps         ;
; AWADDR(13)     ; 1.8-V        ; 1440 ps         ; 1440 ps         ;
; ARADDR(12)     ; 1.8-V        ; 1440 ps         ; 1440 ps         ;
; AWADDR(12)     ; 1.8-V        ; 1440 ps         ; 1440 ps         ;
; ARADDR(11)     ; 1.8-V        ; 1440 ps         ; 1440 ps         ;
; AWADDR(11)     ; 1.8-V        ; 1440 ps         ; 1440 ps         ;
; ARADDR(30)     ; 1.8-V        ; 1440 ps         ; 1440 ps         ;
; AWADDR(30)     ; 1.8-V        ; 1440 ps         ; 1440 ps         ;
; ARADDR(29)     ; 1.8-V        ; 1440 ps         ; 1440 ps         ;
; AWADDR(29)     ; 1.8-V        ; 1440 ps         ; 1440 ps         ;
; ARADDR(28)     ; 1.8-V        ; 1440 ps         ; 1440 ps         ;
; AWADDR(28)     ; 1.8-V        ; 1440 ps         ; 1440 ps         ;
; ARADDR(27)     ; 1.8-V        ; 1440 ps         ; 1440 ps         ;
; AWADDR(27)     ; 1.8-V        ; 1440 ps         ; 1440 ps         ;
; ARADDR(26)     ; 1.8-V        ; 1440 ps         ; 1440 ps         ;
; AWADDR(26)     ; 1.8-V        ; 1440 ps         ; 1440 ps         ;
; ARADDR(25)     ; 1.8-V        ; 1440 ps         ; 1440 ps         ;
; AWADDR(25)     ; 1.8-V        ; 1440 ps         ; 1440 ps         ;
; ARADDR(24)     ; 1.8-V        ; 1440 ps         ; 1440 ps         ;
; AWADDR(24)     ; 1.8-V        ; 1440 ps         ; 1440 ps         ;
; ARADDR(17)     ; 1.8-V        ; 1440 ps         ; 1440 ps         ;
; AWADDR(17)     ; 1.8-V        ; 1440 ps         ; 1440 ps         ;
; ARADDR(23)     ; 1.8-V        ; 1440 ps         ; 1440 ps         ;
; AWADDR(23)     ; 1.8-V        ; 1440 ps         ; 1440 ps         ;
; ARADDR(22)     ; 1.8-V        ; 1440 ps         ; 1440 ps         ;
; AWADDR(22)     ; 1.8-V        ; 1440 ps         ; 1440 ps         ;
; ARADDR(21)     ; 1.8-V        ; 1440 ps         ; 1440 ps         ;
; AWADDR(21)     ; 1.8-V        ; 1440 ps         ; 1440 ps         ;
; ARADDR(20)     ; 1.8-V        ; 1440 ps         ; 1440 ps         ;
; AWADDR(20)     ; 1.8-V        ; 1440 ps         ; 1440 ps         ;
; ARADDR(3)      ; 1.8-V        ; 1440 ps         ; 1440 ps         ;
; AWADDR(3)      ; 1.8-V        ; 1440 ps         ; 1440 ps         ;
; ARADDR(4)      ; 1.8-V        ; 1440 ps         ; 1440 ps         ;
; AWADDR(4)      ; 1.8-V        ; 1440 ps         ; 1440 ps         ;
; ARADDR(0)      ; 1.8-V        ; 1440 ps         ; 1440 ps         ;
; AWADDR(0)      ; 1.8-V        ; 1440 ps         ; 1440 ps         ;
; ARADDR(2)      ; 1.8-V        ; 1440 ps         ; 1440 ps         ;
; AWADDR(2)      ; 1.8-V        ; 1440 ps         ; 1440 ps         ;
; ARADDR(7)      ; 1.8-V        ; 1440 ps         ; 1440 ps         ;
; AWADDR(7)      ; 1.8-V        ; 1440 ps         ; 1440 ps         ;
; ARADDR(1)      ; 1.8-V        ; 1440 ps         ; 1440 ps         ;
; AWADDR(1)      ; 1.8-V        ; 1440 ps         ; 1440 ps         ;
; ARADDR(5)      ; 1.8-V        ; 1440 ps         ; 1440 ps         ;
; AWADDR(5)      ; 1.8-V        ; 1440 ps         ; 1440 ps         ;
; ARADDR(6)      ; 1.8-V        ; 1440 ps         ; 1440 ps         ;
; AWADDR(6)      ; 1.8-V        ; 1440 ps         ; 1440 ps         ;
; WDATA(0)       ; 1.8-V        ; 1440 ps         ; 1440 ps         ;
; WDATA(1)       ; 1.8-V        ; 1440 ps         ; 1440 ps         ;
; WDATA(2)       ; 1.8-V        ; 1440 ps         ; 1440 ps         ;
; WDATA(3)       ; 1.8-V        ; 1440 ps         ; 1440 ps         ;
; WDATA(4)       ; 1.8-V        ; 1440 ps         ; 1440 ps         ;
; WDATA(5)       ; 1.8-V        ; 1440 ps         ; 1440 ps         ;
; WDATA(6)       ; 1.8-V        ; 1440 ps         ; 1440 ps         ;
; WDATA(7)       ; 1.8-V        ; 1440 ps         ; 1440 ps         ;
; WDATA(8)       ; 1.8-V        ; 1440 ps         ; 1440 ps         ;
; WDATA(9)       ; 1.8-V        ; 1440 ps         ; 1440 ps         ;
; WDATA(10)      ; 1.8-V        ; 1440 ps         ; 1440 ps         ;
; WDATA(11)      ; 1.8-V        ; 1440 ps         ; 1440 ps         ;
; WDATA(12)      ; 1.8-V        ; 1440 ps         ; 1440 ps         ;
; WDATA(13)      ; 1.8-V        ; 1440 ps         ; 1440 ps         ;
; WDATA(14)      ; 1.8-V        ; 1440 ps         ; 1440 ps         ;
; WDATA(15)      ; 1.8-V        ; 1440 ps         ; 1440 ps         ;
; WDATA(16)      ; 1.8-V        ; 1440 ps         ; 1440 ps         ;
; WDATA(17)      ; 1.8-V        ; 1440 ps         ; 1440 ps         ;
; WDATA(18)      ; 1.8-V        ; 1440 ps         ; 1440 ps         ;
; WDATA(19)      ; 1.8-V        ; 1440 ps         ; 1440 ps         ;
; WDATA(20)      ; 1.8-V        ; 1440 ps         ; 1440 ps         ;
; WDATA(21)      ; 1.8-V        ; 1440 ps         ; 1440 ps         ;
; WDATA(22)      ; 1.8-V        ; 1440 ps         ; 1440 ps         ;
; WDATA(23)      ; 1.8-V        ; 1440 ps         ; 1440 ps         ;
; WDATA(24)      ; 1.8-V        ; 1440 ps         ; 1440 ps         ;
; WDATA(25)      ; 1.8-V        ; 1440 ps         ; 1440 ps         ;
; WDATA(26)      ; 1.8-V        ; 1440 ps         ; 1440 ps         ;
; WDATA(27)      ; 1.8-V        ; 1440 ps         ; 1440 ps         ;
; WDATA(28)      ; 1.8-V        ; 1440 ps         ; 1440 ps         ;
; WDATA(29)      ; 1.8-V        ; 1440 ps         ; 1440 ps         ;
; WDATA(30)      ; 1.8-V        ; 1440 ps         ; 1440 ps         ;
; WDATA(31)      ; 1.8-V        ; 1440 ps         ; 1440 ps         ;
; ~ALTERA_DATA0~ ; 1.8-V        ; 1440 ps         ; 1440 ps         ;
+----------------+--------------+-----------------+-----------------+


+--------------------------------------------------------------------------------------------------------------------------------------------------------------------------------------------------------------------------------------------------------------------------------------------------------------------------------------------------------------------------------------------------------------------------------------------------------------------------------------------------------------------------------------------------------------------------------------------------------------------------------------------------------------------------------------------+
; Signal Integrity Metrics (Slow 900mv 100c Model)                                                                                                                                                                                                                                                                                                                                                                                                                                                                                                                                                                                                                                           ;
+---------------+--------------+---------------------+---------------------+------------------------------+------------------------------+---------------------+---------------------+--------------------------------------+--------------------------------------+-----------------------------+-----------------------------+----------------------------+----------------------------+-----------------------------+-----------------------------+--------------------+--------------------+-------------------------------------+-------------------------------------+----------------------------+----------------------------+---------------------------+---------------------------+
; Pin           ; I/O Standard ; Board Delay on Rise ; Board Delay on Fall ; Steady State Voh at FPGA Pin ; Steady State Vol at FPGA Pin ; Voh Max at FPGA Pin ; Vol Min at FPGA Pin ; Ringback Voltage on Rise at FPGA Pin ; Ringback Voltage on Fall at FPGA Pin ; 10-90 Rise Time at FPGA Pin ; 90-10 Fall Time at FPGA Pin ; Monotonic Rise at FPGA Pin ; Monotonic Fall at FPGA Pin ; Steady State Voh at Far-end ; Steady State Vol at Far-end ; Voh Max at Far-end ; Vol Min at Far-end ; Ringback Voltage on Rise at Far-end ; Ringback Voltage on Fall at Far-end ; 10-90 Rise Time at Far-end ; 90-10 Fall Time at Far-end ; Monotonic Rise at Far-end ; Monotonic Fall at Far-end ;
+---------------+--------------+---------------------+---------------------+------------------------------+------------------------------+---------------------+---------------------+--------------------------------------+--------------------------------------+-----------------------------+-----------------------------+----------------------------+----------------------------+-----------------------------+-----------------------------+--------------------+--------------------+-------------------------------------+-------------------------------------+----------------------------+----------------------------+---------------------------+---------------------------+
; AWREADY       ; 1.8-V        ; 0 s                 ; 0 s                 ; 1.66 V                       ; 4.43e-06 V                   ; 1.7 V               ; -0.0552 V           ; 0.108 V                              ; 0.08 V                               ; 2.35e-10 s                  ; 2.24e-10 s                  ; No                         ; No                         ; 1.66 V                      ; 4.43e-06 V                  ; 1.7 V              ; -0.0552 V          ; 0.108 V                             ; 0.08 V                              ; 2.35e-10 s                 ; 2.24e-10 s                 ; No                        ; No                        ;
; WREADY        ; 1.8-V        ; 0 s                 ; 0 s                 ; 1.66 V                       ; 4.43e-06 V                   ; 1.7 V               ; -0.0552 V           ; 0.108 V                              ; 0.08 V                               ; 2.35e-10 s                  ; 2.24e-10 s                  ; No                         ; No                         ; 1.66 V                      ; 4.43e-06 V                  ; 1.7 V              ; -0.0552 V          ; 0.108 V                             ; 0.08 V                              ; 2.35e-10 s                 ; 2.24e-10 s                 ; No                        ; No                        ;
; BRESP(0)      ; 1.8-V        ; 0 s                 ; 0 s                 ; 1.66 V                       ; 4.43e-06 V                   ; 1.7 V               ; -0.0552 V           ; 0.108 V                              ; 0.08 V                               ; 2.35e-10 s                  ; 2.24e-10 s                  ; No                         ; No                         ; 1.66 V                      ; 4.43e-06 V                  ; 1.7 V              ; -0.0552 V          ; 0.108 V                             ; 0.08 V                              ; 2.35e-10 s                 ; 2.24e-10 s                 ; No                        ; No                        ;
; BRESP(1)      ; 1.8-V        ; 0 s                 ; 0 s                 ; 1.66 V                       ; 4.43e-06 V                   ; 1.7 V               ; -0.0552 V           ; 0.108 V                              ; 0.08 V                               ; 2.35e-10 s                  ; 2.24e-10 s                  ; No                         ; No                         ; 1.66 V                      ; 4.43e-06 V                  ; 1.7 V              ; -0.0552 V          ; 0.108 V                             ; 0.08 V                              ; 2.35e-10 s                 ; 2.24e-10 s                 ; No                        ; No                        ;
; BVALID        ; 1.8-V        ; 0 s                 ; 0 s                 ; 1.66 V                       ; 4.43e-06 V                   ; 1.7 V               ; -0.0552 V           ; 0.108 V                              ; 0.08 V                               ; 2.35e-10 s                  ; 2.24e-10 s                  ; No                         ; No                         ; 1.66 V                      ; 4.43e-06 V                  ; 1.7 V              ; -0.0552 V          ; 0.108 V                             ; 0.08 V                              ; 2.35e-10 s                 ; 2.24e-10 s                 ; No                        ; No                        ;
; ARREADY       ; 1.8-V        ; 0 s                 ; 0 s                 ; 1.66 V                       ; 4.43e-06 V                   ; 1.7 V               ; -0.0552 V           ; 0.108 V                              ; 0.08 V                               ; 2.35e-10 s                  ; 2.24e-10 s                  ; No                         ; No                         ; 1.66 V                      ; 4.43e-06 V                  ; 1.7 V              ; -0.0552 V          ; 0.108 V                             ; 0.08 V                              ; 2.35e-10 s                 ; 2.24e-10 s                 ; No                        ; No                        ;
; RDATA(0)      ; 1.8-V        ; 0 s                 ; 0 s                 ; 1.66 V                       ; 4.43e-06 V                   ; 1.7 V               ; -0.0552 V           ; 0.108 V                              ; 0.08 V                               ; 2.35e-10 s                  ; 2.24e-10 s                  ; No                         ; No                         ; 1.66 V                      ; 4.43e-06 V                  ; 1.7 V              ; -0.0552 V          ; 0.108 V                             ; 0.08 V                              ; 2.35e-10 s                 ; 2.24e-10 s                 ; No                        ; No                        ;
; RDATA(1)      ; 1.8-V        ; 0 s                 ; 0 s                 ; 1.66 V                       ; 4.43e-06 V                   ; 1.7 V               ; -0.0552 V           ; 0.108 V                              ; 0.08 V                               ; 2.35e-10 s                  ; 2.24e-10 s                  ; No                         ; No                         ; 1.66 V                      ; 4.43e-06 V                  ; 1.7 V              ; -0.0552 V          ; 0.108 V                             ; 0.08 V                              ; 2.35e-10 s                 ; 2.24e-10 s                 ; No                        ; No                        ;
; RDATA(2)      ; 1.8-V        ; 0 s                 ; 0 s                 ; 1.66 V                       ; 4.43e-06 V                   ; 1.7 V               ; -0.0552 V           ; 0.108 V                              ; 0.08 V                               ; 2.35e-10 s                  ; 2.24e-10 s                  ; No                         ; No                         ; 1.66 V                      ; 4.43e-06 V                  ; 1.7 V              ; -0.0552 V          ; 0.108 V                             ; 0.08 V                              ; 2.35e-10 s                 ; 2.24e-10 s                 ; No                        ; No                        ;
; RDATA(3)      ; 1.8-V        ; 0 s                 ; 0 s                 ; 1.66 V                       ; 4.43e-06 V                   ; 1.7 V               ; -0.0552 V           ; 0.108 V                              ; 0.08 V                               ; 2.35e-10 s                  ; 2.24e-10 s                  ; No                         ; No                         ; 1.66 V                      ; 4.43e-06 V                  ; 1.7 V              ; -0.0552 V          ; 0.108 V                             ; 0.08 V                              ; 2.35e-10 s                 ; 2.24e-10 s                 ; No                        ; No                        ;
; RDATA(4)      ; 1.8-V        ; 0 s                 ; 0 s                 ; 1.66 V                       ; 4.43e-06 V                   ; 1.7 V               ; -0.0552 V           ; 0.108 V                              ; 0.08 V                               ; 2.35e-10 s                  ; 2.24e-10 s                  ; No                         ; No                         ; 1.66 V                      ; 4.43e-06 V                  ; 1.7 V              ; -0.0552 V          ; 0.108 V                             ; 0.08 V                              ; 2.35e-10 s                 ; 2.24e-10 s                 ; No                        ; No                        ;
; RDATA(5)      ; 1.8-V        ; 0 s                 ; 0 s                 ; 1.66 V                       ; 4.43e-06 V                   ; 1.7 V               ; -0.0552 V           ; 0.108 V                              ; 0.08 V                               ; 2.35e-10 s                  ; 2.24e-10 s                  ; No                         ; No                         ; 1.66 V                      ; 4.43e-06 V                  ; 1.7 V              ; -0.0552 V          ; 0.108 V                             ; 0.08 V                              ; 2.35e-10 s                 ; 2.24e-10 s                 ; No                        ; No                        ;
; RDATA(6)      ; 1.8-V        ; 0 s                 ; 0 s                 ; 1.66 V                       ; 4.43e-06 V                   ; 1.7 V               ; -0.0552 V           ; 0.108 V                              ; 0.08 V                               ; 2.35e-10 s                  ; 2.24e-10 s                  ; No                         ; No                         ; 1.66 V                      ; 4.43e-06 V                  ; 1.7 V              ; -0.0552 V          ; 0.108 V                             ; 0.08 V                              ; 2.35e-10 s                 ; 2.24e-10 s                 ; No                        ; No                        ;
; RDATA(7)      ; 1.8-V        ; 0 s                 ; 0 s                 ; 1.66 V                       ; 4.43e-06 V                   ; 1.7 V               ; -0.0552 V           ; 0.108 V                              ; 0.08 V                               ; 2.35e-10 s                  ; 2.24e-10 s                  ; No                         ; No                         ; 1.66 V                      ; 4.43e-06 V                  ; 1.7 V              ; -0.0552 V          ; 0.108 V                             ; 0.08 V                              ; 2.35e-10 s                 ; 2.24e-10 s                 ; No                        ; No                        ;
; RDATA(8)      ; 1.8-V        ; 0 s                 ; 0 s                 ; 1.66 V                       ; 4.43e-06 V                   ; 1.7 V               ; -0.0552 V           ; 0.108 V                              ; 0.08 V                               ; 2.35e-10 s                  ; 2.24e-10 s                  ; No                         ; No                         ; 1.66 V                      ; 4.43e-06 V                  ; 1.7 V              ; -0.0552 V          ; 0.108 V                             ; 0.08 V                              ; 2.35e-10 s                 ; 2.24e-10 s                 ; No                        ; No                        ;
; RDATA(9)      ; 1.8-V        ; 0 s                 ; 0 s                 ; 1.66 V                       ; 4.43e-06 V                   ; 1.7 V               ; -0.0552 V           ; 0.108 V                              ; 0.08 V                               ; 2.35e-10 s                  ; 2.24e-10 s                  ; No                         ; No                         ; 1.66 V                      ; 4.43e-06 V                  ; 1.7 V              ; -0.0552 V          ; 0.108 V                             ; 0.08 V                              ; 2.35e-10 s                 ; 2.24e-10 s                 ; No                        ; No                        ;
; RDATA(10)     ; 1.8-V        ; 0 s                 ; 0 s                 ; 1.66 V                       ; 4.43e-06 V                   ; 1.7 V               ; -0.0552 V           ; 0.108 V                              ; 0.08 V                               ; 2.35e-10 s                  ; 2.24e-10 s                  ; No                         ; No                         ; 1.66 V                      ; 4.43e-06 V                  ; 1.7 V              ; -0.0552 V          ; 0.108 V                             ; 0.08 V                              ; 2.35e-10 s                 ; 2.24e-10 s                 ; No                        ; No                        ;
; RDATA(11)     ; 1.8-V        ; 0 s                 ; 0 s                 ; 1.66 V                       ; 4.43e-06 V                   ; 1.7 V               ; -0.0552 V           ; 0.108 V                              ; 0.08 V                               ; 2.35e-10 s                  ; 2.24e-10 s                  ; No                         ; No                         ; 1.66 V                      ; 4.43e-06 V                  ; 1.7 V              ; -0.0552 V          ; 0.108 V                             ; 0.08 V                              ; 2.35e-10 s                 ; 2.24e-10 s                 ; No                        ; No                        ;
; RDATA(12)     ; 1.8-V        ; 0 s                 ; 0 s                 ; 1.66 V                       ; 4.43e-06 V                   ; 1.7 V               ; -0.0552 V           ; 0.108 V                              ; 0.08 V                               ; 2.35e-10 s                  ; 2.24e-10 s                  ; No                         ; No                         ; 1.66 V                      ; 4.43e-06 V                  ; 1.7 V              ; -0.0552 V          ; 0.108 V                             ; 0.08 V                              ; 2.35e-10 s                 ; 2.24e-10 s                 ; No                        ; No                        ;
; RDATA(13)     ; 1.8-V        ; 0 s                 ; 0 s                 ; 1.66 V                       ; 4.43e-06 V                   ; 1.7 V               ; -0.0552 V           ; 0.108 V                              ; 0.08 V                               ; 2.35e-10 s                  ; 2.24e-10 s                  ; No                         ; No                         ; 1.66 V                      ; 4.43e-06 V                  ; 1.7 V              ; -0.0552 V          ; 0.108 V                             ; 0.08 V                              ; 2.35e-10 s                 ; 2.24e-10 s                 ; No                        ; No                        ;
; RDATA(14)     ; 1.8-V        ; 0 s                 ; 0 s                 ; 1.66 V                       ; 4.43e-06 V                   ; 1.7 V               ; -0.0552 V           ; 0.108 V                              ; 0.08 V                               ; 2.35e-10 s                  ; 2.24e-10 s                  ; No                         ; No                         ; 1.66 V                      ; 4.43e-06 V                  ; 1.7 V              ; -0.0552 V          ; 0.108 V                             ; 0.08 V                              ; 2.35e-10 s                 ; 2.24e-10 s                 ; No                        ; No                        ;
; RDATA(15)     ; 1.8-V        ; 0 s                 ; 0 s                 ; 1.66 V                       ; 4.43e-06 V                   ; 1.7 V               ; -0.0552 V           ; 0.108 V                              ; 0.08 V                               ; 2.35e-10 s                  ; 2.24e-10 s                  ; No                         ; No                         ; 1.66 V                      ; 4.43e-06 V                  ; 1.7 V              ; -0.0552 V          ; 0.108 V                             ; 0.08 V                              ; 2.35e-10 s                 ; 2.24e-10 s                 ; No                        ; No                        ;
; RDATA(16)     ; 1.8-V        ; 0 s                 ; 0 s                 ; 1.66 V                       ; 4.43e-06 V                   ; 1.7 V               ; -0.0552 V           ; 0.108 V                              ; 0.08 V                               ; 2.35e-10 s                  ; 2.24e-10 s                  ; No                         ; No                         ; 1.66 V                      ; 4.43e-06 V                  ; 1.7 V              ; -0.0552 V          ; 0.108 V                             ; 0.08 V                              ; 2.35e-10 s                 ; 2.24e-10 s                 ; No                        ; No                        ;
; RDATA(17)     ; 1.8-V        ; 0 s                 ; 0 s                 ; 1.66 V                       ; 4.43e-06 V                   ; 1.7 V               ; -0.0552 V           ; 0.108 V                              ; 0.08 V                               ; 2.35e-10 s                  ; 2.24e-10 s                  ; No                         ; No                         ; 1.66 V                      ; 4.43e-06 V                  ; 1.7 V              ; -0.0552 V          ; 0.108 V                             ; 0.08 V                              ; 2.35e-10 s                 ; 2.24e-10 s                 ; No                        ; No                        ;
; RDATA(18)     ; 1.8-V        ; 0 s                 ; 0 s                 ; 1.66 V                       ; 4.43e-06 V                   ; 1.7 V               ; -0.0552 V           ; 0.108 V                              ; 0.08 V                               ; 2.35e-10 s                  ; 2.24e-10 s                  ; No                         ; No                         ; 1.66 V                      ; 4.43e-06 V                  ; 1.7 V              ; -0.0552 V          ; 0.108 V                             ; 0.08 V                              ; 2.35e-10 s                 ; 2.24e-10 s                 ; No                        ; No                        ;
; RDATA(19)     ; 1.8-V        ; 0 s                 ; 0 s                 ; 1.66 V                       ; 4.43e-06 V                   ; 1.7 V               ; -0.0552 V           ; 0.108 V                              ; 0.08 V                               ; 2.35e-10 s                  ; 2.24e-10 s                  ; No                         ; No                         ; 1.66 V                      ; 4.43e-06 V                  ; 1.7 V              ; -0.0552 V          ; 0.108 V                             ; 0.08 V                              ; 2.35e-10 s                 ; 2.24e-10 s                 ; No                        ; No                        ;
; RDATA(20)     ; 1.8-V        ; 0 s                 ; 0 s                 ; 1.66 V                       ; 4.43e-06 V                   ; 1.7 V               ; -0.0552 V           ; 0.108 V                              ; 0.08 V                               ; 2.35e-10 s                  ; 2.24e-10 s                  ; No                         ; No                         ; 1.66 V                      ; 4.43e-06 V                  ; 1.7 V              ; -0.0552 V          ; 0.108 V                             ; 0.08 V                              ; 2.35e-10 s                 ; 2.24e-10 s                 ; No                        ; No                        ;
; RDATA(21)     ; 1.8-V        ; 0 s                 ; 0 s                 ; 1.66 V                       ; 4.43e-06 V                   ; 1.7 V               ; -0.0552 V           ; 0.108 V                              ; 0.08 V                               ; 2.35e-10 s                  ; 2.24e-10 s                  ; No                         ; No                         ; 1.66 V                      ; 4.43e-06 V                  ; 1.7 V              ; -0.0552 V          ; 0.108 V                             ; 0.08 V                              ; 2.35e-10 s                 ; 2.24e-10 s                 ; No                        ; No                        ;
; RDATA(22)     ; 1.8-V        ; 0 s                 ; 0 s                 ; 1.66 V                       ; 4.43e-06 V                   ; 1.7 V               ; -0.0552 V           ; 0.108 V                              ; 0.08 V                               ; 2.35e-10 s                  ; 2.24e-10 s                  ; No                         ; No                         ; 1.66 V                      ; 4.43e-06 V                  ; 1.7 V              ; -0.0552 V          ; 0.108 V                             ; 0.08 V                              ; 2.35e-10 s                 ; 2.24e-10 s                 ; No                        ; No                        ;
; RDATA(23)     ; 1.8-V        ; 0 s                 ; 0 s                 ; 1.66 V                       ; 4.43e-06 V                   ; 1.7 V               ; -0.0552 V           ; 0.108 V                              ; 0.08 V                               ; 2.35e-10 s                  ; 2.24e-10 s                  ; No                         ; No                         ; 1.66 V                      ; 4.43e-06 V                  ; 1.7 V              ; -0.0552 V          ; 0.108 V                             ; 0.08 V                              ; 2.35e-10 s                 ; 2.24e-10 s                 ; No                        ; No                        ;
; RDATA(24)     ; 1.8-V        ; 0 s                 ; 0 s                 ; 1.66 V                       ; 4.43e-06 V                   ; 1.7 V               ; -0.0552 V           ; 0.108 V                              ; 0.08 V                               ; 2.35e-10 s                  ; 2.24e-10 s                  ; No                         ; No                         ; 1.66 V                      ; 4.43e-06 V                  ; 1.7 V              ; -0.0552 V          ; 0.108 V                             ; 0.08 V                              ; 2.35e-10 s                 ; 2.24e-10 s                 ; No                        ; No                        ;
; RDATA(25)     ; 1.8-V        ; 0 s                 ; 0 s                 ; 1.66 V                       ; 4.43e-06 V                   ; 1.7 V               ; -0.0552 V           ; 0.108 V                              ; 0.08 V                               ; 2.35e-10 s                  ; 2.24e-10 s                  ; No                         ; No                         ; 1.66 V                      ; 4.43e-06 V                  ; 1.7 V              ; -0.0552 V          ; 0.108 V                             ; 0.08 V                              ; 2.35e-10 s                 ; 2.24e-10 s                 ; No                        ; No                        ;
; RDATA(26)     ; 1.8-V        ; 0 s                 ; 0 s                 ; 1.66 V                       ; 4.43e-06 V                   ; 1.7 V               ; -0.0552 V           ; 0.108 V                              ; 0.08 V                               ; 2.35e-10 s                  ; 2.24e-10 s                  ; No                         ; No                         ; 1.66 V                      ; 4.43e-06 V                  ; 1.7 V              ; -0.0552 V          ; 0.108 V                             ; 0.08 V                              ; 2.35e-10 s                 ; 2.24e-10 s                 ; No                        ; No                        ;
; RDATA(27)     ; 1.8-V        ; 0 s                 ; 0 s                 ; 1.66 V                       ; 4.43e-06 V                   ; 1.7 V               ; -0.0552 V           ; 0.108 V                              ; 0.08 V                               ; 2.35e-10 s                  ; 2.24e-10 s                  ; No                         ; No                         ; 1.66 V                      ; 4.43e-06 V                  ; 1.7 V              ; -0.0552 V          ; 0.108 V                             ; 0.08 V                              ; 2.35e-10 s                 ; 2.24e-10 s                 ; No                        ; No                        ;
; RDATA(28)     ; 1.8-V        ; 0 s                 ; 0 s                 ; 1.66 V                       ; 4.43e-06 V                   ; 1.7 V               ; -0.0552 V           ; 0.108 V                              ; 0.08 V                               ; 2.35e-10 s                  ; 2.24e-10 s                  ; No                         ; No                         ; 1.66 V                      ; 4.43e-06 V                  ; 1.7 V              ; -0.0552 V          ; 0.108 V                             ; 0.08 V                              ; 2.35e-10 s                 ; 2.24e-10 s                 ; No                        ; No                        ;
; RDATA(29)     ; 1.8-V        ; 0 s                 ; 0 s                 ; 1.66 V                       ; 4.43e-06 V                   ; 1.7 V               ; -0.0552 V           ; 0.108 V                              ; 0.08 V                               ; 2.35e-10 s                  ; 2.24e-10 s                  ; No                         ; No                         ; 1.66 V                      ; 4.43e-06 V                  ; 1.7 V              ; -0.0552 V          ; 0.108 V                             ; 0.08 V                              ; 2.35e-10 s                 ; 2.24e-10 s                 ; No                        ; No                        ;
; RDATA(30)     ; 1.8-V        ; 0 s                 ; 0 s                 ; 1.66 V                       ; 4.43e-06 V                   ; 1.7 V               ; -0.0552 V           ; 0.108 V                              ; 0.08 V                               ; 2.35e-10 s                  ; 2.24e-10 s                  ; No                         ; No                         ; 1.66 V                      ; 4.43e-06 V                  ; 1.7 V              ; -0.0552 V          ; 0.108 V                             ; 0.08 V                              ; 2.35e-10 s                 ; 2.24e-10 s                 ; No                        ; No                        ;
; RDATA(31)     ; 1.8-V        ; 0 s                 ; 0 s                 ; 1.66 V                       ; 4.43e-06 V                   ; 1.7 V               ; -0.0552 V           ; 0.108 V                              ; 0.08 V                               ; 2.35e-10 s                  ; 2.24e-10 s                  ; No                         ; No                         ; 1.66 V                      ; 4.43e-06 V                  ; 1.7 V              ; -0.0552 V          ; 0.108 V                             ; 0.08 V                              ; 2.35e-10 s                 ; 2.24e-10 s                 ; No                        ; No                        ;
; RRESP(0)      ; 1.8-V        ; 0 s                 ; 0 s                 ; 1.66 V                       ; 4.43e-06 V                   ; 1.7 V               ; -0.0552 V           ; 0.108 V                              ; 0.08 V                               ; 2.35e-10 s                  ; 2.24e-10 s                  ; No                         ; No                         ; 1.66 V                      ; 4.43e-06 V                  ; 1.7 V              ; -0.0552 V          ; 0.108 V                             ; 0.08 V                              ; 2.35e-10 s                 ; 2.24e-10 s                 ; No                        ; No                        ;
; RRESP(1)      ; 1.8-V        ; 0 s                 ; 0 s                 ; 1.66 V                       ; 4.43e-06 V                   ; 1.7 V               ; -0.0552 V           ; 0.108 V                              ; 0.08 V                               ; 2.35e-10 s                  ; 2.24e-10 s                  ; No                         ; No                         ; 1.66 V                      ; 4.43e-06 V                  ; 1.7 V              ; -0.0552 V          ; 0.108 V                             ; 0.08 V                              ; 2.35e-10 s                 ; 2.24e-10 s                 ; No                        ; No                        ;
; RVALID        ; 1.8-V        ; 0 s                 ; 0 s                 ; 1.66 V                       ; 4.43e-06 V                   ; 1.7 V               ; -0.0552 V           ; 0.108 V                              ; 0.08 V                               ; 2.35e-10 s                  ; 2.24e-10 s                  ; No                         ; No                         ; 1.66 V                      ; 4.43e-06 V                  ; 1.7 V              ; -0.0552 V          ; 0.108 V                             ; 0.08 V                              ; 2.35e-10 s                 ; 2.24e-10 s                 ; No                        ; No                        ;
; gpio_out(0)   ; 1.8-V        ; 0 s                 ; 0 s                 ; 1.66 V                       ; 4.43e-06 V                   ; 1.7 V               ; -0.0552 V           ; 0.108 V                              ; 0.08 V                               ; 2.35e-10 s                  ; 2.24e-10 s                  ; No                         ; No                         ; 1.66 V                      ; 4.43e-06 V                  ; 1.7 V              ; -0.0552 V          ; 0.108 V                             ; 0.08 V                              ; 2.35e-10 s                 ; 2.24e-10 s                 ; No                        ; No                        ;
; gpio_out(1)   ; 1.8-V        ; 0 s                 ; 0 s                 ; 1.66 V                       ; 4.43e-06 V                   ; 1.7 V               ; -0.0552 V           ; 0.108 V                              ; 0.08 V                               ; 2.35e-10 s                  ; 2.24e-10 s                  ; No                         ; No                         ; 1.66 V                      ; 4.43e-06 V                  ; 1.7 V              ; -0.0552 V          ; 0.108 V                             ; 0.08 V                              ; 2.35e-10 s                 ; 2.24e-10 s                 ; No                        ; No                        ;
; gpio_out(2)   ; 1.8-V        ; 0 s                 ; 0 s                 ; 1.66 V                       ; 4.43e-06 V                   ; 1.7 V               ; -0.0552 V           ; 0.108 V                              ; 0.08 V                               ; 2.35e-10 s                  ; 2.24e-10 s                  ; No                         ; No                         ; 1.66 V                      ; 4.43e-06 V                  ; 1.7 V              ; -0.0552 V          ; 0.108 V                             ; 0.08 V                              ; 2.35e-10 s                 ; 2.24e-10 s                 ; No                        ; No                        ;
; gpio_out(3)   ; 1.8-V        ; 0 s                 ; 0 s                 ; 1.66 V                       ; 4.43e-06 V                   ; 1.7 V               ; -0.0552 V           ; 0.108 V                              ; 0.08 V                               ; 2.35e-10 s                  ; 2.24e-10 s                  ; No                         ; No                         ; 1.66 V                      ; 4.43e-06 V                  ; 1.7 V              ; -0.0552 V          ; 0.108 V                             ; 0.08 V                              ; 2.35e-10 s                 ; 2.24e-10 s                 ; No                        ; No                        ;
; gpio_out(4)   ; 1.8-V        ; 0 s                 ; 0 s                 ; 1.66 V                       ; 4.43e-06 V                   ; 1.7 V               ; -0.0552 V           ; 0.108 V                              ; 0.08 V                               ; 2.35e-10 s                  ; 2.24e-10 s                  ; No                         ; No                         ; 1.66 V                      ; 4.43e-06 V                  ; 1.7 V              ; -0.0552 V          ; 0.108 V                             ; 0.08 V                              ; 2.35e-10 s                 ; 2.24e-10 s                 ; No                        ; No                        ;
; gpio_out(5)   ; 1.8-V        ; 0 s                 ; 0 s                 ; 1.66 V                       ; 4.43e-06 V                   ; 1.7 V               ; -0.0552 V           ; 0.108 V                              ; 0.08 V                               ; 2.35e-10 s                  ; 2.24e-10 s                  ; No                         ; No                         ; 1.66 V                      ; 4.43e-06 V                  ; 1.7 V              ; -0.0552 V          ; 0.108 V                             ; 0.08 V                              ; 2.35e-10 s                 ; 2.24e-10 s                 ; No                        ; No                        ;
; gpio_out(6)   ; 1.8-V        ; 0 s                 ; 0 s                 ; 1.66 V                       ; 4.43e-06 V                   ; 1.7 V               ; -0.0552 V           ; 0.108 V                              ; 0.08 V                               ; 2.35e-10 s                  ; 2.24e-10 s                  ; No                         ; No                         ; 1.66 V                      ; 4.43e-06 V                  ; 1.7 V              ; -0.0552 V          ; 0.108 V                             ; 0.08 V                              ; 2.35e-10 s                 ; 2.24e-10 s                 ; No                        ; No                        ;
; gpio_out(7)   ; 1.8-V        ; 0 s                 ; 0 s                 ; 1.66 V                       ; 4.43e-06 V                   ; 1.7 V               ; -0.0552 V           ; 0.108 V                              ; 0.08 V                               ; 2.35e-10 s                  ; 2.24e-10 s                  ; No                         ; No                         ; 1.66 V                      ; 4.43e-06 V                  ; 1.7 V              ; -0.0552 V          ; 0.108 V                             ; 0.08 V                              ; 2.35e-10 s                 ; 2.24e-10 s                 ; No                        ; No                        ;
; gpio_out(8)   ; 1.8-V        ; 0 s                 ; 0 s                 ; 1.66 V                       ; 4.43e-06 V                   ; 1.7 V               ; -0.0552 V           ; 0.108 V                              ; 0.08 V                               ; 2.35e-10 s                  ; 2.24e-10 s                  ; No                         ; No                         ; 1.66 V                      ; 4.43e-06 V                  ; 1.7 V              ; -0.0552 V          ; 0.108 V                             ; 0.08 V                              ; 2.35e-10 s                 ; 2.24e-10 s                 ; No                        ; No                        ;
; gpio_out(9)   ; 1.8-V        ; 0 s                 ; 0 s                 ; 1.66 V                       ; 4.43e-06 V                   ; 1.7 V               ; -0.0552 V           ; 0.108 V                              ; 0.08 V                               ; 2.35e-10 s                  ; 2.24e-10 s                  ; No                         ; No                         ; 1.66 V                      ; 4.43e-06 V                  ; 1.7 V              ; -0.0552 V          ; 0.108 V                             ; 0.08 V                              ; 2.35e-10 s                 ; 2.24e-10 s                 ; No                        ; No                        ;
; gpio_out(10)  ; 1.8-V        ; 0 s                 ; 0 s                 ; 1.66 V                       ; 4.43e-06 V                   ; 1.7 V               ; -0.0552 V           ; 0.108 V                              ; 0.08 V                               ; 2.35e-10 s                  ; 2.24e-10 s                  ; No                         ; No                         ; 1.66 V                      ; 4.43e-06 V                  ; 1.7 V              ; -0.0552 V          ; 0.108 V                             ; 0.08 V                              ; 2.35e-10 s                 ; 2.24e-10 s                 ; No                        ; No                        ;
; gpio_out(11)  ; 1.8-V        ; 0 s                 ; 0 s                 ; 1.66 V                       ; 4.43e-06 V                   ; 1.7 V               ; -0.0552 V           ; 0.108 V                              ; 0.08 V                               ; 2.35e-10 s                  ; 2.24e-10 s                  ; No                         ; No                         ; 1.66 V                      ; 4.43e-06 V                  ; 1.7 V              ; -0.0552 V          ; 0.108 V                             ; 0.08 V                              ; 2.35e-10 s                 ; 2.24e-10 s                 ; No                        ; No                        ;
; gpio_out(12)  ; 1.8-V        ; 0 s                 ; 0 s                 ; 1.66 V                       ; 4.43e-06 V                   ; 1.7 V               ; -0.0552 V           ; 0.108 V                              ; 0.08 V                               ; 2.35e-10 s                  ; 2.24e-10 s                  ; No                         ; No                         ; 1.66 V                      ; 4.43e-06 V                  ; 1.7 V              ; -0.0552 V          ; 0.108 V                             ; 0.08 V                              ; 2.35e-10 s                 ; 2.24e-10 s                 ; No                        ; No                        ;
; gpio_out(13)  ; 1.8-V        ; 0 s                 ; 0 s                 ; 1.66 V                       ; 4.43e-06 V                   ; 1.7 V               ; -0.0552 V           ; 0.108 V                              ; 0.08 V                               ; 2.35e-10 s                  ; 2.24e-10 s                  ; No                         ; No                         ; 1.66 V                      ; 4.43e-06 V                  ; 1.7 V              ; -0.0552 V          ; 0.108 V                             ; 0.08 V                              ; 2.35e-10 s                 ; 2.24e-10 s                 ; No                        ; No                        ;
; gpio_out(14)  ; 1.8-V        ; 0 s                 ; 0 s                 ; 1.66 V                       ; 4.43e-06 V                   ; 1.7 V               ; -0.0552 V           ; 0.108 V                              ; 0.08 V                               ; 2.35e-10 s                  ; 2.24e-10 s                  ; No                         ; No                         ; 1.66 V                      ; 4.43e-06 V                  ; 1.7 V              ; -0.0552 V          ; 0.108 V                             ; 0.08 V                              ; 2.35e-10 s                 ; 2.24e-10 s                 ; No                        ; No                        ;
; gpio_out(15)  ; 1.8-V        ; 0 s                 ; 0 s                 ; 1.66 V                       ; 4.43e-06 V                   ; 1.7 V               ; -0.0552 V           ; 0.108 V                              ; 0.08 V                               ; 2.35e-10 s                  ; 2.24e-10 s                  ; No                         ; No                         ; 1.66 V                      ; 4.43e-06 V                  ; 1.7 V              ; -0.0552 V          ; 0.108 V                             ; 0.08 V                              ; 2.35e-10 s                 ; 2.24e-10 s                 ; No                        ; No                        ;
; gpio_out(16)  ; 1.8-V        ; 0 s                 ; 0 s                 ; 1.66 V                       ; 4.43e-06 V                   ; 1.7 V               ; -0.0552 V           ; 0.108 V                              ; 0.08 V                               ; 2.35e-10 s                  ; 2.24e-10 s                  ; No                         ; No                         ; 1.66 V                      ; 4.43e-06 V                  ; 1.7 V              ; -0.0552 V          ; 0.108 V                             ; 0.08 V                              ; 2.35e-10 s                 ; 2.24e-10 s                 ; No                        ; No                        ;
; gpio_out(17)  ; 1.8-V        ; 0 s                 ; 0 s                 ; 1.66 V                       ; 4.43e-06 V                   ; 1.7 V               ; -0.0552 V           ; 0.108 V                              ; 0.08 V                               ; 2.35e-10 s                  ; 2.24e-10 s                  ; No                         ; No                         ; 1.66 V                      ; 4.43e-06 V                  ; 1.7 V              ; -0.0552 V          ; 0.108 V                             ; 0.08 V                              ; 2.35e-10 s                 ; 2.24e-10 s                 ; No                        ; No                        ;
; gpio_out(18)  ; 1.8-V        ; 0 s                 ; 0 s                 ; 1.66 V                       ; 4.43e-06 V                   ; 1.7 V               ; -0.0552 V           ; 0.108 V                              ; 0.08 V                               ; 2.35e-10 s                  ; 2.24e-10 s                  ; No                         ; No                         ; 1.66 V                      ; 4.43e-06 V                  ; 1.7 V              ; -0.0552 V          ; 0.108 V                             ; 0.08 V                              ; 2.35e-10 s                 ; 2.24e-10 s                 ; No                        ; No                        ;
; gpio_out(19)  ; 1.8-V        ; 0 s                 ; 0 s                 ; 1.66 V                       ; 4.43e-06 V                   ; 1.7 V               ; -0.0552 V           ; 0.108 V                              ; 0.08 V                               ; 2.35e-10 s                  ; 2.24e-10 s                  ; No                         ; No                         ; 1.66 V                      ; 4.43e-06 V                  ; 1.7 V              ; -0.0552 V          ; 0.108 V                             ; 0.08 V                              ; 2.35e-10 s                 ; 2.24e-10 s                 ; No                        ; No                        ;
; gpio_out(20)  ; 1.8-V        ; 0 s                 ; 0 s                 ; 1.66 V                       ; 4.43e-06 V                   ; 1.7 V               ; -0.0552 V           ; 0.108 V                              ; 0.08 V                               ; 2.35e-10 s                  ; 2.24e-10 s                  ; No                         ; No                         ; 1.66 V                      ; 4.43e-06 V                  ; 1.7 V              ; -0.0552 V          ; 0.108 V                             ; 0.08 V                              ; 2.35e-10 s                 ; 2.24e-10 s                 ; No                        ; No                        ;
; gpio_out(21)  ; 1.8-V        ; 0 s                 ; 0 s                 ; 1.66 V                       ; 4.43e-06 V                   ; 1.7 V               ; -0.0552 V           ; 0.108 V                              ; 0.08 V                               ; 2.35e-10 s                  ; 2.24e-10 s                  ; No                         ; No                         ; 1.66 V                      ; 4.43e-06 V                  ; 1.7 V              ; -0.0552 V          ; 0.108 V                             ; 0.08 V                              ; 2.35e-10 s                 ; 2.24e-10 s                 ; No                        ; No                        ;
; gpio_out(22)  ; 1.8-V        ; 0 s                 ; 0 s                 ; 1.66 V                       ; 4.43e-06 V                   ; 1.7 V               ; -0.0552 V           ; 0.108 V                              ; 0.08 V                               ; 2.35e-10 s                  ; 2.24e-10 s                  ; No                         ; No                         ; 1.66 V                      ; 4.43e-06 V                  ; 1.7 V              ; -0.0552 V          ; 0.108 V                             ; 0.08 V                              ; 2.35e-10 s                 ; 2.24e-10 s                 ; No                        ; No                        ;
; gpio_out(23)  ; 1.8-V        ; 0 s                 ; 0 s                 ; 1.66 V                       ; 4.43e-06 V                   ; 1.7 V               ; -0.0552 V           ; 0.108 V                              ; 0.08 V                               ; 2.35e-10 s                  ; 2.24e-10 s                  ; No                         ; No                         ; 1.66 V                      ; 4.43e-06 V                  ; 1.7 V              ; -0.0552 V          ; 0.108 V                             ; 0.08 V                              ; 2.35e-10 s                 ; 2.24e-10 s                 ; No                        ; No                        ;
; gpio_out(24)  ; 1.8-V        ; 0 s                 ; 0 s                 ; 1.66 V                       ; 4.43e-06 V                   ; 1.7 V               ; -0.0552 V           ; 0.108 V                              ; 0.08 V                               ; 2.35e-10 s                  ; 2.24e-10 s                  ; No                         ; No                         ; 1.66 V                      ; 4.43e-06 V                  ; 1.7 V              ; -0.0552 V          ; 0.108 V                             ; 0.08 V                              ; 2.35e-10 s                 ; 2.24e-10 s                 ; No                        ; No                        ;
; gpio_out(25)  ; 1.8-V        ; 0 s                 ; 0 s                 ; 1.66 V                       ; 4.43e-06 V                   ; 1.7 V               ; -0.0552 V           ; 0.108 V                              ; 0.08 V                               ; 2.35e-10 s                  ; 2.24e-10 s                  ; No                         ; No                         ; 1.66 V                      ; 4.43e-06 V                  ; 1.7 V              ; -0.0552 V          ; 0.108 V                             ; 0.08 V                              ; 2.35e-10 s                 ; 2.24e-10 s                 ; No                        ; No                        ;
; gpio_out(26)  ; 1.8-V        ; 0 s                 ; 0 s                 ; 1.66 V                       ; 4.43e-06 V                   ; 1.7 V               ; -0.0552 V           ; 0.108 V                              ; 0.08 V                               ; 2.35e-10 s                  ; 2.24e-10 s                  ; No                         ; No                         ; 1.66 V                      ; 4.43e-06 V                  ; 1.7 V              ; -0.0552 V          ; 0.108 V                             ; 0.08 V                              ; 2.35e-10 s                 ; 2.24e-10 s                 ; No                        ; No                        ;
; gpio_out(27)  ; 1.8-V        ; 0 s                 ; 0 s                 ; 1.66 V                       ; 4.43e-06 V                   ; 1.7 V               ; -0.0552 V           ; 0.108 V                              ; 0.08 V                               ; 2.35e-10 s                  ; 2.24e-10 s                  ; No                         ; No                         ; 1.66 V                      ; 4.43e-06 V                  ; 1.7 V              ; -0.0552 V          ; 0.108 V                             ; 0.08 V                              ; 2.35e-10 s                 ; 2.24e-10 s                 ; No                        ; No                        ;
; gpio_out(28)  ; 1.8-V        ; 0 s                 ; 0 s                 ; 1.66 V                       ; 4.43e-06 V                   ; 1.7 V               ; -0.0552 V           ; 0.108 V                              ; 0.08 V                               ; 2.35e-10 s                  ; 2.24e-10 s                  ; No                         ; No                         ; 1.66 V                      ; 4.43e-06 V                  ; 1.7 V              ; -0.0552 V          ; 0.108 V                             ; 0.08 V                              ; 2.35e-10 s                 ; 2.24e-10 s                 ; No                        ; No                        ;
; gpio_out(29)  ; 1.8-V        ; 0 s                 ; 0 s                 ; 1.66 V                       ; 4.43e-06 V                   ; 1.7 V               ; -0.0552 V           ; 0.108 V                              ; 0.08 V                               ; 2.35e-10 s                  ; 2.24e-10 s                  ; No                         ; No                         ; 1.66 V                      ; 4.43e-06 V                  ; 1.7 V              ; -0.0552 V          ; 0.108 V                             ; 0.08 V                              ; 2.35e-10 s                 ; 2.24e-10 s                 ; No                        ; No                        ;
; gpio_out(30)  ; 1.8-V        ; 0 s                 ; 0 s                 ; 1.66 V                       ; 4.43e-06 V                   ; 1.7 V               ; -0.0552 V           ; 0.108 V                              ; 0.08 V                               ; 2.35e-10 s                  ; 2.24e-10 s                  ; No                         ; No                         ; 1.66 V                      ; 4.43e-06 V                  ; 1.7 V              ; -0.0552 V          ; 0.108 V                             ; 0.08 V                              ; 2.35e-10 s                 ; 2.24e-10 s                 ; No                        ; No                        ;
; gpio_out(31)  ; 1.8-V        ; 0 s                 ; 0 s                 ; 1.66 V                       ; 4.43e-06 V                   ; 1.7 V               ; -0.0552 V           ; 0.108 V                              ; 0.08 V                               ; 2.35e-10 s                  ; 2.24e-10 s                  ; No                         ; No                         ; 1.66 V                      ; 4.43e-06 V                  ; 1.7 V              ; -0.0552 V          ; 0.108 V                             ; 0.08 V                              ; 2.35e-10 s                 ; 2.24e-10 s                 ; No                        ; No                        ;
; gpio_oe(0)    ; 1.8-V        ; 0 s                 ; 0 s                 ; 1.66 V                       ; 4.43e-06 V                   ; 1.7 V               ; -0.0552 V           ; 0.108 V                              ; 0.08 V                               ; 2.35e-10 s                  ; 2.24e-10 s                  ; No                         ; No                         ; 1.66 V                      ; 4.43e-06 V                  ; 1.7 V              ; -0.0552 V          ; 0.108 V                             ; 0.08 V                              ; 2.35e-10 s                 ; 2.24e-10 s                 ; No                        ; No                        ;
; gpio_oe(1)    ; 1.8-V        ; 0 s                 ; 0 s                 ; 1.66 V                       ; 4.43e-06 V                   ; 1.7 V               ; -0.0552 V           ; 0.108 V                              ; 0.08 V                               ; 2.35e-10 s                  ; 2.24e-10 s                  ; No                         ; No                         ; 1.66 V                      ; 4.43e-06 V                  ; 1.7 V              ; -0.0552 V          ; 0.108 V                             ; 0.08 V                              ; 2.35e-10 s                 ; 2.24e-10 s                 ; No                        ; No                        ;
; gpio_oe(2)    ; 1.8-V        ; 0 s                 ; 0 s                 ; 1.66 V                       ; 4.43e-06 V                   ; 1.7 V               ; -0.0552 V           ; 0.108 V                              ; 0.08 V                               ; 2.35e-10 s                  ; 2.24e-10 s                  ; No                         ; No                         ; 1.66 V                      ; 4.43e-06 V                  ; 1.7 V              ; -0.0552 V          ; 0.108 V                             ; 0.08 V                              ; 2.35e-10 s                 ; 2.24e-10 s                 ; No                        ; No                        ;
; gpio_oe(3)    ; 1.8-V        ; 0 s                 ; 0 s                 ; 1.66 V                       ; 4.43e-06 V                   ; 1.7 V               ; -0.0552 V           ; 0.108 V                              ; 0.08 V                               ; 2.35e-10 s                  ; 2.24e-10 s                  ; No                         ; No                         ; 1.66 V                      ; 4.43e-06 V                  ; 1.7 V              ; -0.0552 V          ; 0.108 V                             ; 0.08 V                              ; 2.35e-10 s                 ; 2.24e-10 s                 ; No                        ; No                        ;
; gpio_oe(4)    ; 1.8-V        ; 0 s                 ; 0 s                 ; 1.66 V                       ; 4.43e-06 V                   ; 1.7 V               ; -0.0552 V           ; 0.108 V                              ; 0.08 V                               ; 2.35e-10 s                  ; 2.24e-10 s                  ; No                         ; No                         ; 1.66 V                      ; 4.43e-06 V                  ; 1.7 V              ; -0.0552 V          ; 0.108 V                             ; 0.08 V                              ; 2.35e-10 s                 ; 2.24e-10 s                 ; No                        ; No                        ;
; gpio_oe(5)    ; 1.8-V        ; 0 s                 ; 0 s                 ; 1.66 V                       ; 4.43e-06 V                   ; 1.7 V               ; -0.0552 V           ; 0.108 V                              ; 0.08 V                               ; 2.35e-10 s                  ; 2.24e-10 s                  ; No                         ; No                         ; 1.66 V                      ; 4.43e-06 V                  ; 1.7 V              ; -0.0552 V          ; 0.108 V                             ; 0.08 V                              ; 2.35e-10 s                 ; 2.24e-10 s                 ; No                        ; No                        ;
; gpio_oe(6)    ; 1.8-V        ; 0 s                 ; 0 s                 ; 1.66 V                       ; 4.43e-06 V                   ; 1.7 V               ; -0.0552 V           ; 0.108 V                              ; 0.08 V                               ; 2.35e-10 s                  ; 2.24e-10 s                  ; No                         ; No                         ; 1.66 V                      ; 4.43e-06 V                  ; 1.7 V              ; -0.0552 V          ; 0.108 V                             ; 0.08 V                              ; 2.35e-10 s                 ; 2.24e-10 s                 ; No                        ; No                        ;
; gpio_oe(7)    ; 1.8-V        ; 0 s                 ; 0 s                 ; 1.66 V                       ; 4.43e-06 V                   ; 1.7 V               ; -0.0552 V           ; 0.108 V                              ; 0.08 V                               ; 2.35e-10 s                  ; 2.24e-10 s                  ; No                         ; No                         ; 1.66 V                      ; 4.43e-06 V                  ; 1.7 V              ; -0.0552 V          ; 0.108 V                             ; 0.08 V                              ; 2.35e-10 s                 ; 2.24e-10 s                 ; No                        ; No                        ;
; gpio_oe(8)    ; 1.8-V        ; 0 s                 ; 0 s                 ; 1.66 V                       ; 4.43e-06 V                   ; 1.7 V               ; -0.0552 V           ; 0.108 V                              ; 0.08 V                               ; 2.35e-10 s                  ; 2.24e-10 s                  ; No                         ; No                         ; 1.66 V                      ; 4.43e-06 V                  ; 1.7 V              ; -0.0552 V          ; 0.108 V                             ; 0.08 V                              ; 2.35e-10 s                 ; 2.24e-10 s                 ; No                        ; No                        ;
; gpio_oe(9)    ; 1.8-V        ; 0 s                 ; 0 s                 ; 1.66 V                       ; 4.43e-06 V                   ; 1.7 V               ; -0.0552 V           ; 0.108 V                              ; 0.08 V                               ; 2.35e-10 s                  ; 2.24e-10 s                  ; No                         ; No                         ; 1.66 V                      ; 4.43e-06 V                  ; 1.7 V              ; -0.0552 V          ; 0.108 V                             ; 0.08 V                              ; 2.35e-10 s                 ; 2.24e-10 s                 ; No                        ; No                        ;
; gpio_oe(10)   ; 1.8-V        ; 0 s                 ; 0 s                 ; 1.66 V                       ; 4.43e-06 V                   ; 1.7 V               ; -0.0552 V           ; 0.108 V                              ; 0.08 V                               ; 2.35e-10 s                  ; 2.24e-10 s                  ; No                         ; No                         ; 1.66 V                      ; 4.43e-06 V                  ; 1.7 V              ; -0.0552 V          ; 0.108 V                             ; 0.08 V                              ; 2.35e-10 s                 ; 2.24e-10 s                 ; No                        ; No                        ;
; gpio_oe(11)   ; 1.8-V        ; 0 s                 ; 0 s                 ; 1.66 V                       ; 4.43e-06 V                   ; 1.7 V               ; -0.0552 V           ; 0.108 V                              ; 0.08 V                               ; 2.35e-10 s                  ; 2.24e-10 s                  ; No                         ; No                         ; 1.66 V                      ; 4.43e-06 V                  ; 1.7 V              ; -0.0552 V          ; 0.108 V                             ; 0.08 V                              ; 2.35e-10 s                 ; 2.24e-10 s                 ; No                        ; No                        ;
; gpio_oe(12)   ; 1.8-V        ; 0 s                 ; 0 s                 ; 1.66 V                       ; 4.43e-06 V                   ; 1.7 V               ; -0.0552 V           ; 0.108 V                              ; 0.08 V                               ; 2.35e-10 s                  ; 2.24e-10 s                  ; No                         ; No                         ; 1.66 V                      ; 4.43e-06 V                  ; 1.7 V              ; -0.0552 V          ; 0.108 V                             ; 0.08 V                              ; 2.35e-10 s                 ; 2.24e-10 s                 ; No                        ; No                        ;
; gpio_oe(13)   ; 1.8-V        ; 0 s                 ; 0 s                 ; 1.66 V                       ; 4.43e-06 V                   ; 1.7 V               ; -0.0552 V           ; 0.108 V                              ; 0.08 V                               ; 2.35e-10 s                  ; 2.24e-10 s                  ; No                         ; No                         ; 1.66 V                      ; 4.43e-06 V                  ; 1.7 V              ; -0.0552 V          ; 0.108 V                             ; 0.08 V                              ; 2.35e-10 s                 ; 2.24e-10 s                 ; No                        ; No                        ;
; gpio_oe(14)   ; 1.8-V        ; 0 s                 ; 0 s                 ; 1.66 V                       ; 4.43e-06 V                   ; 1.7 V               ; -0.0552 V           ; 0.108 V                              ; 0.08 V                               ; 2.35e-10 s                  ; 2.24e-10 s                  ; No                         ; No                         ; 1.66 V                      ; 4.43e-06 V                  ; 1.7 V              ; -0.0552 V          ; 0.108 V                             ; 0.08 V                              ; 2.35e-10 s                 ; 2.24e-10 s                 ; No                        ; No                        ;
; gpio_oe(15)   ; 1.8-V        ; 0 s                 ; 0 s                 ; 1.66 V                       ; 4.43e-06 V                   ; 1.7 V               ; -0.0552 V           ; 0.108 V                              ; 0.08 V                               ; 2.35e-10 s                  ; 2.24e-10 s                  ; No                         ; No                         ; 1.66 V                      ; 4.43e-06 V                  ; 1.7 V              ; -0.0552 V          ; 0.108 V                             ; 0.08 V                              ; 2.35e-10 s                 ; 2.24e-10 s                 ; No                        ; No                        ;
; gpio_oe(16)   ; 1.8-V        ; 0 s                 ; 0 s                 ; 1.66 V                       ; 4.43e-06 V                   ; 1.7 V               ; -0.0552 V           ; 0.108 V                              ; 0.08 V                               ; 2.35e-10 s                  ; 2.24e-10 s                  ; No                         ; No                         ; 1.66 V                      ; 4.43e-06 V                  ; 1.7 V              ; -0.0552 V          ; 0.108 V                             ; 0.08 V                              ; 2.35e-10 s                 ; 2.24e-10 s                 ; No                        ; No                        ;
; gpio_oe(17)   ; 1.8-V        ; 0 s                 ; 0 s                 ; 1.66 V                       ; 4.43e-06 V                   ; 1.7 V               ; -0.0552 V           ; 0.108 V                              ; 0.08 V                               ; 2.35e-10 s                  ; 2.24e-10 s                  ; No                         ; No                         ; 1.66 V                      ; 4.43e-06 V                  ; 1.7 V              ; -0.0552 V          ; 0.108 V                             ; 0.08 V                              ; 2.35e-10 s                 ; 2.24e-10 s                 ; No                        ; No                        ;
; gpio_oe(18)   ; 1.8-V        ; 0 s                 ; 0 s                 ; 1.66 V                       ; 4.43e-06 V                   ; 1.7 V               ; -0.0552 V           ; 0.108 V                              ; 0.08 V                               ; 2.35e-10 s                  ; 2.24e-10 s                  ; No                         ; No                         ; 1.66 V                      ; 4.43e-06 V                  ; 1.7 V              ; -0.0552 V          ; 0.108 V                             ; 0.08 V                              ; 2.35e-10 s                 ; 2.24e-10 s                 ; No                        ; No                        ;
; gpio_oe(19)   ; 1.8-V        ; 0 s                 ; 0 s                 ; 1.66 V                       ; 4.43e-06 V                   ; 1.7 V               ; -0.0552 V           ; 0.108 V                              ; 0.08 V                               ; 2.35e-10 s                  ; 2.24e-10 s                  ; No                         ; No                         ; 1.66 V                      ; 4.43e-06 V                  ; 1.7 V              ; -0.0552 V          ; 0.108 V                             ; 0.08 V                              ; 2.35e-10 s                 ; 2.24e-10 s                 ; No                        ; No                        ;
; gpio_oe(20)   ; 1.8-V        ; 0 s                 ; 0 s                 ; 1.66 V                       ; 4.43e-06 V                   ; 1.7 V               ; -0.0552 V           ; 0.108 V                              ; 0.08 V                               ; 2.35e-10 s                  ; 2.24e-10 s                  ; No                         ; No                         ; 1.66 V                      ; 4.43e-06 V                  ; 1.7 V              ; -0.0552 V          ; 0.108 V                             ; 0.08 V                              ; 2.35e-10 s                 ; 2.24e-10 s                 ; No                        ; No                        ;
; gpio_oe(21)   ; 1.8-V        ; 0 s                 ; 0 s                 ; 1.66 V                       ; 4.43e-06 V                   ; 1.7 V               ; -0.0552 V           ; 0.108 V                              ; 0.08 V                               ; 2.35e-10 s                  ; 2.24e-10 s                  ; No                         ; No                         ; 1.66 V                      ; 4.43e-06 V                  ; 1.7 V              ; -0.0552 V          ; 0.108 V                             ; 0.08 V                              ; 2.35e-10 s                 ; 2.24e-10 s                 ; No                        ; No                        ;
; gpio_oe(22)   ; 1.8-V        ; 0 s                 ; 0 s                 ; 1.66 V                       ; 2e-06 V                      ; 1.66 V              ; -0.0208 V           ; 0.09 V                               ; 0.184 V                              ; 3.69e-10 s                  ; 2.71e-10 s                  ; Yes                        ; No                         ; 1.66 V                      ; 2e-06 V                     ; 1.66 V             ; -0.0208 V          ; 0.09 V                              ; 0.184 V                             ; 3.69e-10 s                 ; 2.71e-10 s                 ; Yes                       ; No                        ;
; gpio_oe(23)   ; 1.8-V        ; 0 s                 ; 0 s                 ; 1.66 V                       ; 2e-06 V                      ; 1.66 V              ; -0.0208 V           ; 0.09 V                               ; 0.184 V                              ; 3.69e-10 s                  ; 2.71e-10 s                  ; Yes                        ; No                         ; 1.66 V                      ; 2e-06 V                     ; 1.66 V             ; -0.0208 V          ; 0.09 V                              ; 0.184 V                             ; 3.69e-10 s                 ; 2.71e-10 s                 ; Yes                       ; No                        ;
; gpio_oe(24)   ; 1.8-V        ; 0 s                 ; 0 s                 ; 1.66 V                       ; 2e-06 V                      ; 1.66 V              ; -0.0207 V           ; 0.09 V                               ; 0.184 V                              ; 3.69e-10 s                  ; 2.71e-10 s                  ; Yes                        ; No                         ; 1.66 V                      ; 2e-06 V                     ; 1.66 V             ; -0.0207 V          ; 0.09 V                              ; 0.184 V                             ; 3.69e-10 s                 ; 2.71e-10 s                 ; Yes                       ; No                        ;
; gpio_oe(25)   ; 1.8-V        ; 0 s                 ; 0 s                 ; 1.66 V                       ; 2e-06 V                      ; 1.66 V              ; -0.0208 V           ; 0.09 V                               ; 0.184 V                              ; 3.69e-10 s                  ; 2.71e-10 s                  ; Yes                        ; No                         ; 1.66 V                      ; 2e-06 V                     ; 1.66 V             ; -0.0208 V          ; 0.09 V                              ; 0.184 V                             ; 3.69e-10 s                 ; 2.71e-10 s                 ; Yes                       ; No                        ;
; gpio_oe(26)   ; 1.8-V        ; 0 s                 ; 0 s                 ; 1.66 V                       ; 2e-06 V                      ; 1.66 V              ; -0.0208 V           ; 0.09 V                               ; 0.184 V                              ; 3.69e-10 s                  ; 2.71e-10 s                  ; Yes                        ; No                         ; 1.66 V                      ; 2e-06 V                     ; 1.66 V             ; -0.0208 V          ; 0.09 V                              ; 0.184 V                             ; 3.69e-10 s                 ; 2.71e-10 s                 ; Yes                       ; No                        ;
; gpio_oe(27)   ; 1.8-V        ; 0 s                 ; 0 s                 ; 1.66 V                       ; 2e-06 V                      ; 1.66 V              ; -0.0208 V           ; 0.09 V                               ; 0.184 V                              ; 3.69e-10 s                  ; 2.71e-10 s                  ; Yes                        ; No                         ; 1.66 V                      ; 2e-06 V                     ; 1.66 V             ; -0.0208 V          ; 0.09 V                              ; 0.184 V                             ; 3.69e-10 s                 ; 2.71e-10 s                 ; Yes                       ; No                        ;
; gpio_oe(28)   ; 1.8-V        ; 0 s                 ; 0 s                 ; 1.66 V                       ; 2e-06 V                      ; 1.66 V              ; -0.0208 V           ; 0.09 V                               ; 0.184 V                              ; 3.69e-10 s                  ; 2.71e-10 s                  ; Yes                        ; No                         ; 1.66 V                      ; 2e-06 V                     ; 1.66 V             ; -0.0208 V          ; 0.09 V                              ; 0.184 V                             ; 3.69e-10 s                 ; 2.71e-10 s                 ; Yes                       ; No                        ;
; gpio_oe(29)   ; 1.8-V        ; 0 s                 ; 0 s                 ; 1.66 V                       ; 2e-06 V                      ; 1.66 V              ; -0.0208 V           ; 0.09 V                               ; 0.184 V                              ; 3.69e-10 s                  ; 2.71e-10 s                  ; Yes                        ; No                         ; 1.66 V                      ; 2e-06 V                     ; 1.66 V             ; -0.0208 V          ; 0.09 V                              ; 0.184 V                             ; 3.69e-10 s                 ; 2.71e-10 s                 ; Yes                       ; No                        ;
; gpio_oe(30)   ; 1.8-V        ; 0 s                 ; 0 s                 ; 1.66 V                       ; 2e-06 V                      ; 1.66 V              ; -0.0207 V           ; 0.09 V                               ; 0.184 V                              ; 3.69e-10 s                  ; 2.71e-10 s                  ; Yes                        ; No                         ; 1.66 V                      ; 2e-06 V                     ; 1.66 V             ; -0.0207 V          ; 0.09 V                              ; 0.184 V                             ; 3.69e-10 s                 ; 2.71e-10 s                 ; Yes                       ; No                        ;
; gpio_oe(31)   ; 1.8-V        ; 0 s                 ; 0 s                 ; 1.66 V                       ; 2e-06 V                      ; 1.66 V              ; -0.0207 V           ; 0.09 V                               ; 0.184 V                              ; 3.69e-10 s                  ; 2.71e-10 s                  ; Yes                        ; No                         ; 1.66 V                      ; 2e-06 V                     ; 1.66 V             ; -0.0207 V          ; 0.09 V                              ; 0.184 V                             ; 3.69e-10 s                 ; 2.71e-10 s                 ; Yes                       ; No                        ;
; combined_irq  ; 1.8-V        ; 0 s                 ; 0 s                 ; 1.66 V                       ; 2e-06 V                      ; 1.66 V              ; -0.0208 V           ; 0.09 V                               ; 0.184 V                              ; 3.69e-10 s                  ; 2.71e-10 s                  ; Yes                        ; No                         ; 1.66 V                      ; 2e-06 V                     ; 1.66 V             ; -0.0208 V          ; 0.09 V                              ; 0.184 V                             ; 3.69e-10 s                 ; 2.71e-10 s                 ; Yes                       ; No                        ;
; irq_status(0) ; 1.8-V        ; 0 s                 ; 0 s                 ; 1.66 V                       ; 2e-06 V                      ; 1.66 V              ; -0.0207 V           ; 0.09 V                               ; 0.184 V                              ; 3.69e-10 s                  ; 2.71e-10 s                  ; Yes                        ; No                         ; 1.66 V                      ; 2e-06 V                     ; 1.66 V             ; -0.0207 V          ; 0.09 V                              ; 0.184 V                             ; 3.69e-10 s                 ; 2.71e-10 s                 ; Yes                       ; No                        ;
; irq_status(1) ; 1.8-V        ; 0 s                 ; 0 s                 ; 1.66 V                       ; 2e-06 V                      ; 1.66 V              ; -0.0207 V           ; 0.09 V                               ; 0.184 V                              ; 3.69e-10 s                  ; 2.71e-10 s                  ; Yes                        ; No                         ; 1.66 V                      ; 2e-06 V                     ; 1.66 V             ; -0.0207 V          ; 0.09 V                              ; 0.184 V                             ; 3.69e-10 s                 ; 2.71e-10 s                 ; Yes                       ; No                        ;
; irq_status(2) ; 1.8-V        ; 0 s                 ; 0 s                 ; 1.66 V                       ; 2e-06 V                      ; 1.66 V              ; -0.0207 V           ; 0.09 V                               ; 0.184 V                              ; 3.69e-10 s                  ; 2.71e-10 s                  ; Yes                        ; No                         ; 1.66 V                      ; 2e-06 V                     ; 1.66 V             ; -0.0207 V          ; 0.09 V                              ; 0.184 V                             ; 3.69e-10 s                 ; 2.71e-10 s                 ; Yes                       ; No                        ;
+---------------+--------------+---------------------+---------------------+------------------------------+------------------------------+---------------------+---------------------+--------------------------------------+--------------------------------------+-----------------------------+-----------------------------+----------------------------+----------------------------+-----------------------------+-----------------------------+--------------------+--------------------+-------------------------------------+-------------------------------------+----------------------------+----------------------------+---------------------------+---------------------------+


+----------------------------------------------------------------------------------------------------------------------------------------------------+
; Setup Transfers                                                                                                                                    ;
+------------+----------+----------+----------+----------+----------+---------------------------+------------------+---------------------------------+
; From Clock ; To Clock ; RR Paths ; FR Paths ; RF Paths ; FF Paths ; Clock Pair Classification ; Worst-Case Slack ; Worst-Case Operating Conditions ;
+------------+----------+----------+----------+----------+----------+---------------------------+------------------+---------------------------------+
; clk        ; clk      ; 2821     ; 0        ; 0        ; 0        ; Intra-Clock (Timed Safe)  ; 3.923            ; Slow 900mV 100C Model           ;
+------------+----------+----------+----------+----------+----------+---------------------------+------------------+---------------------------------+
An "Asynchronous (Timed Unsafe)" transfer occurs when the From & To clocks are asynchronous and no timing constraints exist. Entries labeled "false path" only account for clock-to-clock false paths. Path-based false path counts are shown in rows with "Ignored (Not Timed)" classifications


+----------------------------------------------------------------------------------------------------------------------------------------------------+
; Hold Transfers                                                                                                                                     ;
+------------+----------+----------+----------+----------+----------+---------------------------+------------------+---------------------------------+
; From Clock ; To Clock ; RR Paths ; FR Paths ; RF Paths ; FF Paths ; Clock Pair Classification ; Worst-Case Slack ; Worst-Case Operating Conditions ;
+------------+----------+----------+----------+----------+----------+---------------------------+------------------+---------------------------------+
; clk        ; clk      ; 2564     ; 0        ; 0        ; 0        ; Intra-Clock (Timed Safe)  ; 0.019            ; Fast 900mV -40C Model           ;
+------------+----------+----------+----------+----------+----------+---------------------------+------------------+---------------------------------+
An "Asynchronous (Timed Unsafe)" transfer occurs when the From & To clocks are asynchronous and no timing constraints exist. Entries labeled "false path" only account for clock-to-clock false paths. Path-based false path counts are shown in rows with "Ignored (Not Timed)" classifications


----------------
; Command Info ;
----------------
Report Timing: Found 10 setup paths (0 violated).  Worst case slack is 3.923 

Tcl Command:
    report_timing -setup -panel_name {Worst-Case Timing Paths||Setup||clk} -to_clock [get_clocks {clk}] -npaths 10 -detail full_path

Options:
    -to_clock [get_clocks {clk}] 
    -setup 
    -npaths 10 
    -detail full_path 
    -panel_name {clk} 

Snapshot:
    final

Delay Models:
    Slow 900mV 100C Model
    Slow 900mV -40C Model
    Fast 900mV 100C Model
    Fast 900mV -40C Model


+---------------------------------------------------------------------------------------------------------------------------------------------------------------------+
; Summary of Paths                                                                                                                                                    ;
+-------+-----------------------+-----------------------------+--------------+-------------+--------------+------------+------------+---------------------------------+
; Slack ; From Node             ; To Node                     ; Launch Clock ; Latch Clock ; Relationship ; Clock Skew ; Data Delay ; Worst-Case Operating Conditions ;
+-------+-----------------------+-----------------------------+--------------+-------------+--------------+------------+------------+---------------------------------+
; 3.923 ; dut|wrapper|paddr[23] ; dut|wrapper|axiif.RDATA[0]  ; clk          ; clk         ; 10.000       ; -0.316     ; 5.794      ; Slow 900mV 100C Model           ;
; 3.959 ; dut|wrapper|paddr[21] ; dut|wrapper|axiif.RDATA[0]  ; clk          ; clk         ; 10.000       ; -0.316     ; 5.758      ; Slow 900mV 100C Model           ;
; 4.086 ; dut|wrapper|paddr[24] ; dut|wrapper|axiif.RDATA[0]  ; clk          ; clk         ; 10.000       ; -0.316     ; 5.631      ; Slow 900mV 100C Model           ;
; 4.113 ; dut|wrapper|paddr[20] ; dut|wrapper|axiif.RDATA[0]  ; clk          ; clk         ; 10.000       ; -0.316     ; 5.604      ; Slow 900mV 100C Model           ;
; 4.121 ; dut|wrapper|paddr[22] ; dut|wrapper|axiif.RDATA[0]  ; clk          ; clk         ; 10.000       ; -0.316     ; 5.596      ; Slow 900mV 100C Model           ;
; 4.140 ; dut|wrapper|paddr[23] ; dut|wrapper|axiif.RDATA[30] ; clk          ; clk         ; 10.000       ; -0.301     ; 5.590      ; Slow 900mV 100C Model           ;
; 4.140 ; dut|wrapper|paddr[23] ; dut|wrapper|axiif.RDATA[29] ; clk          ; clk         ; 10.000       ; -0.301     ; 5.590      ; Slow 900mV 100C Model           ;
; 4.140 ; dut|wrapper|paddr[23] ; dut|wrapper|axiif.RDATA[27] ; clk          ; clk         ; 10.000       ; -0.301     ; 5.590      ; Slow 900mV 100C Model           ;
; 4.140 ; dut|wrapper|paddr[23] ; dut|wrapper|axiif.RDATA[26] ; clk          ; clk         ; 10.000       ; -0.301     ; 5.590      ; Slow 900mV 100C Model           ;
; 4.140 ; dut|wrapper|paddr[23] ; dut|wrapper|axiif.RDATA[24] ; clk          ; clk         ; 10.000       ; -0.301     ; 5.590      ; Slow 900mV 100C Model           ;
+-------+-----------------------+-----------------------------+--------------+-------------+--------------+------------+------------+---------------------------------+


Path #1: Setup slack is 3.923 
===============================================================================
+--------------------------------------------------------------+
; Path Summary                                                 ;
+---------------------------------+----------------------------+
; Property                        ; Value                      ;
+---------------------------------+----------------------------+
; From Node                       ; dut|wrapper|paddr[23]      ;
; To Node                         ; dut|wrapper|axiif.RDATA[0] ;
; Launch Clock                    ; clk                        ;
; Latch Clock                     ; clk                        ;
; SDC Exception                   ; No SDC Exception on Path   ;
; Data Arrival Time               ; 9.884                      ;
; Data Required Time              ; 13.807                     ;
; Slack                           ; 3.923                      ;
; Worst-Case Operating Conditions ; Slow 900mV 100C Model      ;
+---------------------------------+----------------------------+

+------------------------------------------------------------------------------------+
; Statistics                                                                         ;
+------------------------+--------+-------+-------------+------------+-------+-------+
; Property               ; Value  ; Count ; Total Delay ; % of Total ; Min   ; Max   ;
+------------------------+--------+-------+-------------+------------+-------+-------+
; Setup Relationship     ; 10.000 ;       ;             ;            ;       ;       ;
; Clock Skew             ; -0.316 ;       ;             ;            ;       ;       ;
; Data Delay             ; 5.794  ;       ;             ;            ;       ;       ;
; Number of Logic Levels ;        ; 6     ;             ;            ;       ;       ;
; Physical Delays        ;        ;       ;             ;            ;       ;       ;
;  Arrival Path          ;        ;       ;             ;            ;       ;       ;
;   Clock                ;        ;       ;             ;            ;       ;       ;
;    IC                  ;        ; 3     ; 2.867       ; 70         ; 0.000 ; 2.867 ;
;    Cell                ;        ; 4     ; 1.223       ; 30         ; 0.000 ; 0.540 ;
;   Data                 ;        ;       ;             ;            ;       ;       ;
;    IC                  ;        ; 7     ; 4.306       ; 74         ; 0.253 ; 1.689 ;
;    Cell                ;        ; 14    ; 1.271       ; 22         ; 0.000 ; 0.270 ;
;    uTco                ;        ; 1     ; 0.217       ; 4          ; 0.217 ; 0.217 ;
;  Required Path         ;        ;       ;             ;            ;       ;       ;
;   Clock                ;        ;       ;             ;            ;       ;       ;
;    IC                  ;        ; 3     ; 2.463       ; 69         ; 0.000 ; 2.463 ;
;    Cell                ;        ; 4     ; 1.112       ; 31         ; 0.000 ; 0.540 ;
+------------------------+--------+-------+-------------+------------+-------+-------+
Note: Negative delays are omitted from totals when calculating percentages

+-------------------------------------------------------------------------------------------------------------------------------+
; Data Arrival Path                                                                                                             ;
+---------+---------+----+--------+--------+---------------------+------------+-------------------------------------------------+
; Total   ; Incr    ; RF ; Type   ; Fanout ; Location            ; HS/LP      ; Element                                         ;
+---------+---------+----+--------+--------+---------------------+------------+-------------------------------------------------+
; 0.000   ; 0.000   ;    ;        ;        ;                     ;            ; launch edge time                                ;
; 0.000   ; 0.000   ;    ; borrow ;        ;                     ;            ; time borrowed                                   ;
; 4.090   ; 4.090   ;    ;        ;        ;                     ;            ; clock path                                      ;
;   0.000 ;   0.000 ;    ;        ;        ;                     ;            ; source latency                                  ;
;   0.000 ;   0.000 ;    ;        ; 1      ; PIN_AA7             ;            ; ACLK                                            ;
;   0.000 ;   0.000 ; RR ; IC     ; 1      ; IOIBUF_X102_Y7_N47  ;            ; ACLK~input|i                                    ;
;   0.540 ;   0.540 ; RR ; CELL   ; 1      ; IOIBUF_X102_Y7_N47  ;            ; ACLK~input|o                                    ;
;   0.701 ;   0.161 ; RR ; CELL   ; 1      ; IOIBUF_X102_Y7_N47  ;            ; ACLK~input~io_48_lvds_tile_edge/ioclkin[3]      ;
;   0.701 ;   0.000 ; RR ; IC     ; 2      ; CLKCTRL_3A_G_I22    ;            ; ACLK~inputCLKENA0|inclk                         ;
;   1.223 ;   0.522 ; RR ; CELL   ; 731    ; CLKCTRL_3A_G_I22    ;            ; ACLK~inputCLKENA0|outclk                        ;
;   4.090 ;   2.867 ; RR ; IC     ; 1      ; FF_X57_Y40_N4       ; High Speed ; dut|wrapper|paddr[23]|clk                       ;
;   4.090 ;   0.000 ; RR ; CELL   ; 1      ; FF_X57_Y40_N4       ; High Speed ; dut|wrapper|paddr[23]                           ;
; 9.884   ; 5.794   ;    ;        ;        ;                     ;            ; data path                                       ;
;   4.307 ;   0.217 ; RR ; uTco   ; 1      ; FF_X57_Y40_N4       ;            ; dut|wrapper|paddr[23]|q                         ;
;   4.436 ;   0.129 ; RR ; CELL   ; 1      ; FF_X57_Y40_N4       ; High Speed ; dut|wrapper|paddr[23]~la_lab/laboutt[2]         ;
;   4.689 ;   0.253 ; RR ; IC     ; 1      ; LABCELL_X57_Y40_N42 ; High Speed ; dut|u_decoder|LessThan_3~3|datab                ;
;   4.932 ;   0.243 ; RF ; CELL   ; 1      ; LABCELL_X57_Y40_N42 ; High Speed ; dut|u_decoder|LessThan_3~3|combout              ;
;   4.936 ;   0.004 ; FF ; CELL   ; 8      ; LABCELL_X57_Y40_N42 ; High Speed ; dut|u_decoder|LessThan_3~3~la_lab/laboutb[8]    ;
;   6.625 ;   1.689 ; FF ; IC     ; 1      ; LABCELL_X37_Y39_N54 ; Mixed      ; dut|u_decoder|LessThan_1~0|datad                ;
;   6.772 ;   0.147 ; FF ; CELL   ; 1      ; LABCELL_X37_Y39_N54 ; High Speed ; dut|u_decoder|LessThan_1~0|combout              ;
;   6.776 ;   0.004 ; FF ; CELL   ; 46     ; LABCELL_X37_Y39_N54 ; High Speed ; dut|u_decoder|LessThan_1~0~la_lab/laboutb[16]   ;
;   7.431 ;   0.655 ; FF ; IC     ; 1      ; LABCELL_X35_Y35_N51 ; Mixed      ; dut|u_decoder|gpio_addr[4]~1|datac              ;
;   7.578 ;   0.147 ; FF ; CELL   ; 2      ; LABCELL_X35_Y35_N51 ; High Speed ; dut|u_decoder|gpio_addr[4]~1|combout            ;
;   7.583 ;   0.005 ; FF ; CELL   ; 37     ; LABCELL_X35_Y35_N51 ; High Speed ; dut|u_decoder|gpio_addr[4]~1~la_lab/laboutb[15] ;
;   8.029 ;   0.446 ; FF ; IC     ; 1      ; LABCELL_X36_Y34_N42 ; Mixed      ; dut|gpio1|reduce_or_32~0|datad                  ;
;   8.181 ;   0.152 ; FR ; CELL   ; 2      ; LABCELL_X36_Y34_N42 ; High Speed ; dut|gpio1|reduce_or_32~0|combout                ;
;   8.186 ;   0.005 ; RR ; CELL   ; 1      ; LABCELL_X36_Y34_N42 ; High Speed ; dut|gpio1|reduce_or_32~0~la_lab/laboutb[9]      ;
;   8.486 ;   0.300 ; RR ; IC     ; 1      ; LABCELL_X36_Y34_N12 ; High Speed ; dut|u_decoder|prdata_valid~1|datac              ;
;   8.642 ;   0.156 ; RR ; CELL   ; 1      ; LABCELL_X36_Y34_N12 ; High Speed ; dut|u_decoder|prdata_valid~1|combout            ;
;   8.647 ;   0.005 ; RR ; CELL   ; 3      ; LABCELL_X36_Y34_N12 ; High Speed ; dut|u_decoder|prdata_valid~1~la_lab/laboutt[9]  ;
;   9.130 ;   0.483 ; RR ; IC     ; 1      ; LABCELL_X37_Y36_N24 ; High Speed ; dut|wrapper|axiif.RDATA[0]~1|dataa              ;
;   9.400 ;   0.270 ; RR ; CELL   ; 1      ; LABCELL_X37_Y36_N24 ; High Speed ; dut|wrapper|axiif.RDATA[0]~1|combout            ;
;   9.404 ;   0.004 ; RR ; CELL   ; 1      ; LABCELL_X37_Y36_N24 ; High Speed ; dut|wrapper|axiif.RDATA[0]~1~la_lab/laboutt[16] ;
;   9.884 ;   0.480 ; RR ; IC     ; 1      ; FF_X37_Y38_N25      ; High Speed ; dut|wrapper|axiif.RDATA[0]|ena                  ;
;   9.884 ;   0.000 ; RR ; CELL   ; 1      ; FF_X37_Y38_N25      ; High Speed ; dut|wrapper|axiif.RDATA[0]                      ;
+---------+---------+----+--------+--------+---------------------+------------+-------------------------------------------------+

+--------------------------------------------------------------------------------------------------------------------------+
; Data Required Path                                                                                                       ;
+----------+---------+----+--------+--------+--------------------+------------+--------------------------------------------+
; Total    ; Incr    ; RF ; Type   ; Fanout ; Location           ; HS/LP      ; Element                                    ;
+----------+---------+----+--------+--------+--------------------+------------+--------------------------------------------+
; 10.000   ; 10.000  ;    ;        ;        ;                    ;            ; latch edge time                            ;
; 10.000   ; 0.000   ;    ; borrow ;        ;                    ;            ; time borrowed                              ;
; 13.774   ; 3.774   ;    ;        ;        ;                    ;            ; clock path                                 ;
;   10.000 ;   0.000 ;    ;        ;        ;                    ;            ; source latency                             ;
;   10.000 ;   0.000 ;    ;        ; 1      ; PIN_AA7            ;            ; ACLK                                       ;
;   10.000 ;   0.000 ; RR ; IC     ; 1      ; IOIBUF_X102_Y7_N47 ;            ; ACLK~input|i                               ;
;   10.540 ;   0.540 ; RR ; CELL   ; 1      ; IOIBUF_X102_Y7_N47 ;            ; ACLK~input|o                               ;
;   10.670 ;   0.130 ; RR ; CELL   ; 1      ; IOIBUF_X102_Y7_N47 ;            ; ACLK~input~io_48_lvds_tile_edge/ioclkin[3] ;
;   10.670 ;   0.000 ; RR ; IC     ; 2      ; CLKCTRL_3A_G_I22   ;            ; ACLK~inputCLKENA0|inclk                    ;
;   11.112 ;   0.442 ; RR ; CELL   ; 731    ; CLKCTRL_3A_G_I22   ;            ; ACLK~inputCLKENA0|outclk                   ;
;   13.575 ;   2.463 ; RR ; IC     ; 1      ; FF_X37_Y38_N25     ; High Speed ; dut|wrapper|axiif.RDATA[0]|clk             ;
;   13.575 ;   0.000 ; RR ; CELL   ; 1      ; FF_X37_Y38_N25     ; High Speed ; dut|wrapper|axiif.RDATA[0]                 ;
;   13.774 ;   0.199 ;    ;        ;        ;                    ;            ; clock pessimism removed                    ;
; 13.744   ; -0.030  ;    ;        ;        ;                    ;            ; clock uncertainty                          ;
; 13.807   ; 0.063   ;    ; uTsu   ; 1      ; FF_X37_Y38_N25     ;            ; dut|wrapper|axiif.RDATA[0]                 ;
+----------+---------+----+--------+--------+--------------------+------------+--------------------------------------------+



Path #2: Setup slack is 3.959 
===============================================================================
+--------------------------------------------------------------+
; Path Summary                                                 ;
+---------------------------------+----------------------------+
; Property                        ; Value                      ;
+---------------------------------+----------------------------+
; From Node                       ; dut|wrapper|paddr[21]      ;
; To Node                         ; dut|wrapper|axiif.RDATA[0] ;
; Launch Clock                    ; clk                        ;
; Latch Clock                     ; clk                        ;
; SDC Exception                   ; No SDC Exception on Path   ;
; Data Arrival Time               ; 9.848                      ;
; Data Required Time              ; 13.807                     ;
; Slack                           ; 3.959                      ;
; Worst-Case Operating Conditions ; Slow 900mV 100C Model      ;
+---------------------------------+----------------------------+

+------------------------------------------------------------------------------------+
; Statistics                                                                         ;
+------------------------+--------+-------+-------------+------------+-------+-------+
; Property               ; Value  ; Count ; Total Delay ; % of Total ; Min   ; Max   ;
+------------------------+--------+-------+-------------+------------+-------+-------+
; Setup Relationship     ; 10.000 ;       ;             ;            ;       ;       ;
; Clock Skew             ; -0.316 ;       ;             ;            ;       ;       ;
; Data Delay             ; 5.758  ;       ;             ;            ;       ;       ;
; Number of Logic Levels ;        ; 6     ;             ;            ;       ;       ;
; Physical Delays        ;        ;       ;             ;            ;       ;       ;
;  Arrival Path          ;        ;       ;             ;            ;       ;       ;
;   Clock                ;        ;       ;             ;            ;       ;       ;
;    IC                  ;        ; 3     ; 2.867       ; 70         ; 0.000 ; 2.867 ;
;    Cell                ;        ; 4     ; 1.223       ; 30         ; 0.000 ; 0.540 ;
;   Data                 ;        ;       ;             ;            ;       ;       ;
;    IC                  ;        ; 7     ; 4.224       ; 73         ; 0.171 ; 1.689 ;
;    Cell                ;        ; 14    ; 1.320       ; 23         ; 0.000 ; 0.270 ;
;    uTco                ;        ; 1     ; 0.214       ; 4          ; 0.214 ; 0.214 ;
;  Required Path         ;        ;       ;             ;            ;       ;       ;
;   Clock                ;        ;       ;             ;            ;       ;       ;
;    IC                  ;        ; 3     ; 2.463       ; 69         ; 0.000 ; 2.463 ;
;    Cell                ;        ; 4     ; 1.112       ; 31         ; 0.000 ; 0.540 ;
+------------------------+--------+-------+-------------+------------+-------+-------+
Note: Negative delays are omitted from totals when calculating percentages

+-------------------------------------------------------------------------------------------------------------------------------+
; Data Arrival Path                                                                                                             ;
+---------+---------+----+--------+--------+---------------------+------------+-------------------------------------------------+
; Total   ; Incr    ; RF ; Type   ; Fanout ; Location            ; HS/LP      ; Element                                         ;
+---------+---------+----+--------+--------+---------------------+------------+-------------------------------------------------+
; 0.000   ; 0.000   ;    ;        ;        ;                     ;            ; launch edge time                                ;
; 0.000   ; 0.000   ;    ; borrow ;        ;                     ;            ; time borrowed                                   ;
; 4.090   ; 4.090   ;    ;        ;        ;                     ;            ; clock path                                      ;
;   0.000 ;   0.000 ;    ;        ;        ;                     ;            ; source latency                                  ;
;   0.000 ;   0.000 ;    ;        ; 1      ; PIN_AA7             ;            ; ACLK                                            ;
;   0.000 ;   0.000 ; RR ; IC     ; 1      ; IOIBUF_X102_Y7_N47  ;            ; ACLK~input|i                                    ;
;   0.540 ;   0.540 ; RR ; CELL   ; 1      ; IOIBUF_X102_Y7_N47  ;            ; ACLK~input|o                                    ;
;   0.701 ;   0.161 ; RR ; CELL   ; 1      ; IOIBUF_X102_Y7_N47  ;            ; ACLK~input~io_48_lvds_tile_edge/ioclkin[3]      ;
;   0.701 ;   0.000 ; RR ; IC     ; 2      ; CLKCTRL_3A_G_I22    ;            ; ACLK~inputCLKENA0|inclk                         ;
;   1.223 ;   0.522 ; RR ; CELL   ; 731    ; CLKCTRL_3A_G_I22    ;            ; ACLK~inputCLKENA0|outclk                        ;
;   4.090 ;   2.867 ; RR ; IC     ; 1      ; FF_X57_Y40_N55      ; High Speed ; dut|wrapper|paddr[21]|clk                       ;
;   4.090 ;   0.000 ; RR ; CELL   ; 1      ; FF_X57_Y40_N55      ; High Speed ; dut|wrapper|paddr[21]                           ;
; 9.848   ; 5.758   ;    ;        ;        ;                     ;            ; data path                                       ;
;   4.304 ;   0.214 ; RR ; uTco   ; 1      ; FF_X57_Y40_N55      ;            ; dut|wrapper|paddr[21]|q                         ;
;   4.481 ;   0.177 ; RR ; CELL   ; 1      ; FF_X57_Y40_N55      ; High Speed ; dut|wrapper|paddr[21]~la_lab/laboutb[16]        ;
;   4.652 ;   0.171 ; RR ; IC     ; 1      ; LABCELL_X57_Y40_N42 ; High Speed ; dut|u_decoder|LessThan_3~3|dataa                ;
;   4.896 ;   0.244 ; RF ; CELL   ; 1      ; LABCELL_X57_Y40_N42 ; High Speed ; dut|u_decoder|LessThan_3~3|combout              ;
;   4.900 ;   0.004 ; FF ; CELL   ; 8      ; LABCELL_X57_Y40_N42 ; High Speed ; dut|u_decoder|LessThan_3~3~la_lab/laboutb[8]    ;
;   6.589 ;   1.689 ; FF ; IC     ; 1      ; LABCELL_X37_Y39_N54 ; Mixed      ; dut|u_decoder|LessThan_1~0|datad                ;
;   6.736 ;   0.147 ; FF ; CELL   ; 1      ; LABCELL_X37_Y39_N54 ; High Speed ; dut|u_decoder|LessThan_1~0|combout              ;
;   6.740 ;   0.004 ; FF ; CELL   ; 46     ; LABCELL_X37_Y39_N54 ; High Speed ; dut|u_decoder|LessThan_1~0~la_lab/laboutb[16]   ;
;   7.395 ;   0.655 ; FF ; IC     ; 1      ; LABCELL_X35_Y35_N51 ; Mixed      ; dut|u_decoder|gpio_addr[4]~1|datac              ;
;   7.542 ;   0.147 ; FF ; CELL   ; 2      ; LABCELL_X35_Y35_N51 ; High Speed ; dut|u_decoder|gpio_addr[4]~1|combout            ;
;   7.547 ;   0.005 ; FF ; CELL   ; 37     ; LABCELL_X35_Y35_N51 ; High Speed ; dut|u_decoder|gpio_addr[4]~1~la_lab/laboutb[15] ;
;   7.993 ;   0.446 ; FF ; IC     ; 1      ; LABCELL_X36_Y34_N42 ; Mixed      ; dut|gpio1|reduce_or_32~0|datad                  ;
;   8.145 ;   0.152 ; FR ; CELL   ; 2      ; LABCELL_X36_Y34_N42 ; High Speed ; dut|gpio1|reduce_or_32~0|combout                ;
;   8.150 ;   0.005 ; RR ; CELL   ; 1      ; LABCELL_X36_Y34_N42 ; High Speed ; dut|gpio1|reduce_or_32~0~la_lab/laboutb[9]      ;
;   8.450 ;   0.300 ; RR ; IC     ; 1      ; LABCELL_X36_Y34_N12 ; High Speed ; dut|u_decoder|prdata_valid~1|datac              ;
;   8.606 ;   0.156 ; RR ; CELL   ; 1      ; LABCELL_X36_Y34_N12 ; High Speed ; dut|u_decoder|prdata_valid~1|combout            ;
;   8.611 ;   0.005 ; RR ; CELL   ; 3      ; LABCELL_X36_Y34_N12 ; High Speed ; dut|u_decoder|prdata_valid~1~la_lab/laboutt[9]  ;
;   9.094 ;   0.483 ; RR ; IC     ; 1      ; LABCELL_X37_Y36_N24 ; High Speed ; dut|wrapper|axiif.RDATA[0]~1|dataa              ;
;   9.364 ;   0.270 ; RR ; CELL   ; 1      ; LABCELL_X37_Y36_N24 ; High Speed ; dut|wrapper|axiif.RDATA[0]~1|combout            ;
;   9.368 ;   0.004 ; RR ; CELL   ; 1      ; LABCELL_X37_Y36_N24 ; High Speed ; dut|wrapper|axiif.RDATA[0]~1~la_lab/laboutt[16] ;
;   9.848 ;   0.480 ; RR ; IC     ; 1      ; FF_X37_Y38_N25      ; High Speed ; dut|wrapper|axiif.RDATA[0]|ena                  ;
;   9.848 ;   0.000 ; RR ; CELL   ; 1      ; FF_X37_Y38_N25      ; High Speed ; dut|wrapper|axiif.RDATA[0]                      ;
+---------+---------+----+--------+--------+---------------------+------------+-------------------------------------------------+

+--------------------------------------------------------------------------------------------------------------------------+
; Data Required Path                                                                                                       ;
+----------+---------+----+--------+--------+--------------------+------------+--------------------------------------------+
; Total    ; Incr    ; RF ; Type   ; Fanout ; Location           ; HS/LP      ; Element                                    ;
+----------+---------+----+--------+--------+--------------------+------------+--------------------------------------------+
; 10.000   ; 10.000  ;    ;        ;        ;                    ;            ; latch edge time                            ;
; 10.000   ; 0.000   ;    ; borrow ;        ;                    ;            ; time borrowed                              ;
; 13.774   ; 3.774   ;    ;        ;        ;                    ;            ; clock path                                 ;
;   10.000 ;   0.000 ;    ;        ;        ;                    ;            ; source latency                             ;
;   10.000 ;   0.000 ;    ;        ; 1      ; PIN_AA7            ;            ; ACLK                                       ;
;   10.000 ;   0.000 ; RR ; IC     ; 1      ; IOIBUF_X102_Y7_N47 ;            ; ACLK~input|i                               ;
;   10.540 ;   0.540 ; RR ; CELL   ; 1      ; IOIBUF_X102_Y7_N47 ;            ; ACLK~input|o                               ;
;   10.670 ;   0.130 ; RR ; CELL   ; 1      ; IOIBUF_X102_Y7_N47 ;            ; ACLK~input~io_48_lvds_tile_edge/ioclkin[3] ;
;   10.670 ;   0.000 ; RR ; IC     ; 2      ; CLKCTRL_3A_G_I22   ;            ; ACLK~inputCLKENA0|inclk                    ;
;   11.112 ;   0.442 ; RR ; CELL   ; 731    ; CLKCTRL_3A_G_I22   ;            ; ACLK~inputCLKENA0|outclk                   ;
;   13.575 ;   2.463 ; RR ; IC     ; 1      ; FF_X37_Y38_N25     ; High Speed ; dut|wrapper|axiif.RDATA[0]|clk             ;
;   13.575 ;   0.000 ; RR ; CELL   ; 1      ; FF_X37_Y38_N25     ; High Speed ; dut|wrapper|axiif.RDATA[0]                 ;
;   13.774 ;   0.199 ;    ;        ;        ;                    ;            ; clock pessimism removed                    ;
; 13.744   ; -0.030  ;    ;        ;        ;                    ;            ; clock uncertainty                          ;
; 13.807   ; 0.063   ;    ; uTsu   ; 1      ; FF_X37_Y38_N25     ;            ; dut|wrapper|axiif.RDATA[0]                 ;
+----------+---------+----+--------+--------+--------------------+------------+--------------------------------------------+



Path #3: Setup slack is 4.086 
===============================================================================
+--------------------------------------------------------------+
; Path Summary                                                 ;
+---------------------------------+----------------------------+
; Property                        ; Value                      ;
+---------------------------------+----------------------------+
; From Node                       ; dut|wrapper|paddr[24]      ;
; To Node                         ; dut|wrapper|axiif.RDATA[0] ;
; Launch Clock                    ; clk                        ;
; Latch Clock                     ; clk                        ;
; SDC Exception                   ; No SDC Exception on Path   ;
; Data Arrival Time               ; 9.721                      ;
; Data Required Time              ; 13.807                     ;
; Slack                           ; 4.086                      ;
; Worst-Case Operating Conditions ; Slow 900mV 100C Model      ;
+---------------------------------+----------------------------+

+------------------------------------------------------------------------------------+
; Statistics                                                                         ;
+------------------------+--------+-------+-------------+------------+-------+-------+
; Property               ; Value  ; Count ; Total Delay ; % of Total ; Min   ; Max   ;
+------------------------+--------+-------+-------------+------------+-------+-------+
; Setup Relationship     ; 10.000 ;       ;             ;            ;       ;       ;
; Clock Skew             ; -0.316 ;       ;             ;            ;       ;       ;
; Data Delay             ; 5.631  ;       ;             ;            ;       ;       ;
; Number of Logic Levels ;        ; 6     ;             ;            ;       ;       ;
; Physical Delays        ;        ;       ;             ;            ;       ;       ;
;  Arrival Path          ;        ;       ;             ;            ;       ;       ;
;   Clock                ;        ;       ;             ;            ;       ;       ;
;    IC                  ;        ; 3     ; 2.867       ; 70         ; 0.000 ; 2.867 ;
;    Cell                ;        ; 4     ; 1.223       ; 30         ; 0.000 ; 0.540 ;
;   Data                 ;        ;       ;             ;            ;       ;       ;
;    IC                  ;        ; 7     ; 4.242       ; 75         ; 0.189 ; 1.689 ;
;    Cell                ;        ; 14    ; 1.173       ; 21         ; 0.000 ; 0.270 ;
;    uTco                ;        ; 1     ; 0.216       ; 4          ; 0.216 ; 0.216 ;
;  Required Path         ;        ;       ;             ;            ;       ;       ;
;   Clock                ;        ;       ;             ;            ;       ;       ;
;    IC                  ;        ; 3     ; 2.463       ; 69         ; 0.000 ; 2.463 ;
;    Cell                ;        ; 4     ; 1.112       ; 31         ; 0.000 ; 0.540 ;
+------------------------+--------+-------+-------------+------------+-------+-------+
Note: Negative delays are omitted from totals when calculating percentages

+-------------------------------------------------------------------------------------------------------------------------------+
; Data Arrival Path                                                                                                             ;
+---------+---------+----+--------+--------+---------------------+------------+-------------------------------------------------+
; Total   ; Incr    ; RF ; Type   ; Fanout ; Location            ; HS/LP      ; Element                                         ;
+---------+---------+----+--------+--------+---------------------+------------+-------------------------------------------------+
; 0.000   ; 0.000   ;    ;        ;        ;                     ;            ; launch edge time                                ;
; 0.000   ; 0.000   ;    ; borrow ;        ;                     ;            ; time borrowed                                   ;
; 4.090   ; 4.090   ;    ;        ;        ;                     ;            ; clock path                                      ;
;   0.000 ;   0.000 ;    ;        ;        ;                     ;            ; source latency                                  ;
;   0.000 ;   0.000 ;    ;        ; 1      ; PIN_AA7             ;            ; ACLK                                            ;
;   0.000 ;   0.000 ; RR ; IC     ; 1      ; IOIBUF_X102_Y7_N47  ;            ; ACLK~input|i                                    ;
;   0.540 ;   0.540 ; RR ; CELL   ; 1      ; IOIBUF_X102_Y7_N47  ;            ; ACLK~input|o                                    ;
;   0.701 ;   0.161 ; RR ; CELL   ; 1      ; IOIBUF_X102_Y7_N47  ;            ; ACLK~input~io_48_lvds_tile_edge/ioclkin[3]      ;
;   0.701 ;   0.000 ; RR ; IC     ; 2      ; CLKCTRL_3A_G_I22    ;            ; ACLK~inputCLKENA0|inclk                         ;
;   1.223 ;   0.522 ; RR ; CELL   ; 731    ; CLKCTRL_3A_G_I22    ;            ; ACLK~inputCLKENA0|outclk                        ;
;   4.090 ;   2.867 ; RR ; IC     ; 1      ; FF_X57_Y40_N20      ; High Speed ; dut|wrapper|paddr[24]|clk                       ;
;   4.090 ;   0.000 ; RR ; CELL   ; 1      ; FF_X57_Y40_N20      ; High Speed ; dut|wrapper|paddr[24]                           ;
; 9.721   ; 5.631   ;    ;        ;        ;                     ;            ; data path                                       ;
;   4.306 ;   0.216 ; RR ; uTco   ; 1      ; FF_X57_Y40_N20      ;            ; dut|wrapper|paddr[24]|q                         ;
;   4.437 ;   0.131 ; RR ; CELL   ; 1      ; FF_X57_Y40_N20      ; High Speed ; dut|wrapper|paddr[24]~la_lab/laboutt[13]        ;
;   4.626 ;   0.189 ; RR ; IC     ; 1      ; LABCELL_X57_Y40_N42 ; High Speed ; dut|u_decoder|LessThan_3~3|datad                ;
;   4.769 ;   0.143 ; RF ; CELL   ; 1      ; LABCELL_X57_Y40_N42 ; High Speed ; dut|u_decoder|LessThan_3~3|combout              ;
;   4.773 ;   0.004 ; FF ; CELL   ; 8      ; LABCELL_X57_Y40_N42 ; High Speed ; dut|u_decoder|LessThan_3~3~la_lab/laboutb[8]    ;
;   6.462 ;   1.689 ; FF ; IC     ; 1      ; LABCELL_X37_Y39_N54 ; Mixed      ; dut|u_decoder|LessThan_1~0|datad                ;
;   6.609 ;   0.147 ; FF ; CELL   ; 1      ; LABCELL_X37_Y39_N54 ; High Speed ; dut|u_decoder|LessThan_1~0|combout              ;
;   6.613 ;   0.004 ; FF ; CELL   ; 46     ; LABCELL_X37_Y39_N54 ; High Speed ; dut|u_decoder|LessThan_1~0~la_lab/laboutb[16]   ;
;   7.268 ;   0.655 ; FF ; IC     ; 1      ; LABCELL_X35_Y35_N51 ; Mixed      ; dut|u_decoder|gpio_addr[4]~1|datac              ;
;   7.415 ;   0.147 ; FF ; CELL   ; 2      ; LABCELL_X35_Y35_N51 ; High Speed ; dut|u_decoder|gpio_addr[4]~1|combout            ;
;   7.420 ;   0.005 ; FF ; CELL   ; 37     ; LABCELL_X35_Y35_N51 ; High Speed ; dut|u_decoder|gpio_addr[4]~1~la_lab/laboutb[15] ;
;   7.866 ;   0.446 ; FF ; IC     ; 1      ; LABCELL_X36_Y34_N42 ; Mixed      ; dut|gpio1|reduce_or_32~0|datad                  ;
;   8.018 ;   0.152 ; FR ; CELL   ; 2      ; LABCELL_X36_Y34_N42 ; High Speed ; dut|gpio1|reduce_or_32~0|combout                ;
;   8.023 ;   0.005 ; RR ; CELL   ; 1      ; LABCELL_X36_Y34_N42 ; High Speed ; dut|gpio1|reduce_or_32~0~la_lab/laboutb[9]      ;
;   8.323 ;   0.300 ; RR ; IC     ; 1      ; LABCELL_X36_Y34_N12 ; High Speed ; dut|u_decoder|prdata_valid~1|datac              ;
;   8.479 ;   0.156 ; RR ; CELL   ; 1      ; LABCELL_X36_Y34_N12 ; High Speed ; dut|u_decoder|prdata_valid~1|combout            ;
;   8.484 ;   0.005 ; RR ; CELL   ; 3      ; LABCELL_X36_Y34_N12 ; High Speed ; dut|u_decoder|prdata_valid~1~la_lab/laboutt[9]  ;
;   8.967 ;   0.483 ; RR ; IC     ; 1      ; LABCELL_X37_Y36_N24 ; High Speed ; dut|wrapper|axiif.RDATA[0]~1|dataa              ;
;   9.237 ;   0.270 ; RR ; CELL   ; 1      ; LABCELL_X37_Y36_N24 ; High Speed ; dut|wrapper|axiif.RDATA[0]~1|combout            ;
;   9.241 ;   0.004 ; RR ; CELL   ; 1      ; LABCELL_X37_Y36_N24 ; High Speed ; dut|wrapper|axiif.RDATA[0]~1~la_lab/laboutt[16] ;
;   9.721 ;   0.480 ; RR ; IC     ; 1      ; FF_X37_Y38_N25      ; High Speed ; dut|wrapper|axiif.RDATA[0]|ena                  ;
;   9.721 ;   0.000 ; RR ; CELL   ; 1      ; FF_X37_Y38_N25      ; High Speed ; dut|wrapper|axiif.RDATA[0]                      ;
+---------+---------+----+--------+--------+---------------------+------------+-------------------------------------------------+

+--------------------------------------------------------------------------------------------------------------------------+
; Data Required Path                                                                                                       ;
+----------+---------+----+--------+--------+--------------------+------------+--------------------------------------------+
; Total    ; Incr    ; RF ; Type   ; Fanout ; Location           ; HS/LP      ; Element                                    ;
+----------+---------+----+--------+--------+--------------------+------------+--------------------------------------------+
; 10.000   ; 10.000  ;    ;        ;        ;                    ;            ; latch edge time                            ;
; 10.000   ; 0.000   ;    ; borrow ;        ;                    ;            ; time borrowed                              ;
; 13.774   ; 3.774   ;    ;        ;        ;                    ;            ; clock path                                 ;
;   10.000 ;   0.000 ;    ;        ;        ;                    ;            ; source latency                             ;
;   10.000 ;   0.000 ;    ;        ; 1      ; PIN_AA7            ;            ; ACLK                                       ;
;   10.000 ;   0.000 ; RR ; IC     ; 1      ; IOIBUF_X102_Y7_N47 ;            ; ACLK~input|i                               ;
;   10.540 ;   0.540 ; RR ; CELL   ; 1      ; IOIBUF_X102_Y7_N47 ;            ; ACLK~input|o                               ;
;   10.670 ;   0.130 ; RR ; CELL   ; 1      ; IOIBUF_X102_Y7_N47 ;            ; ACLK~input~io_48_lvds_tile_edge/ioclkin[3] ;
;   10.670 ;   0.000 ; RR ; IC     ; 2      ; CLKCTRL_3A_G_I22   ;            ; ACLK~inputCLKENA0|inclk                    ;
;   11.112 ;   0.442 ; RR ; CELL   ; 731    ; CLKCTRL_3A_G_I22   ;            ; ACLK~inputCLKENA0|outclk                   ;
;   13.575 ;   2.463 ; RR ; IC     ; 1      ; FF_X37_Y38_N25     ; High Speed ; dut|wrapper|axiif.RDATA[0]|clk             ;
;   13.575 ;   0.000 ; RR ; CELL   ; 1      ; FF_X37_Y38_N25     ; High Speed ; dut|wrapper|axiif.RDATA[0]                 ;
;   13.774 ;   0.199 ;    ;        ;        ;                    ;            ; clock pessimism removed                    ;
; 13.744   ; -0.030  ;    ;        ;        ;                    ;            ; clock uncertainty                          ;
; 13.807   ; 0.063   ;    ; uTsu   ; 1      ; FF_X37_Y38_N25     ;            ; dut|wrapper|axiif.RDATA[0]                 ;
+----------+---------+----+--------+--------+--------------------+------------+--------------------------------------------+



Path #4: Setup slack is 4.113 
===============================================================================
+--------------------------------------------------------------+
; Path Summary                                                 ;
+---------------------------------+----------------------------+
; Property                        ; Value                      ;
+---------------------------------+----------------------------+
; From Node                       ; dut|wrapper|paddr[20]      ;
; To Node                         ; dut|wrapper|axiif.RDATA[0] ;
; Launch Clock                    ; clk                        ;
; Latch Clock                     ; clk                        ;
; SDC Exception                   ; No SDC Exception on Path   ;
; Data Arrival Time               ; 9.694                      ;
; Data Required Time              ; 13.807                     ;
; Slack                           ; 4.113                      ;
; Worst-Case Operating Conditions ; Slow 900mV 100C Model      ;
+---------------------------------+----------------------------+

+------------------------------------------------------------------------------------+
; Statistics                                                                         ;
+------------------------+--------+-------+-------------+------------+-------+-------+
; Property               ; Value  ; Count ; Total Delay ; % of Total ; Min   ; Max   ;
+------------------------+--------+-------+-------------+------------+-------+-------+
; Setup Relationship     ; 10.000 ;       ;             ;            ;       ;       ;
; Clock Skew             ; -0.316 ;       ;             ;            ;       ;       ;
; Data Delay             ; 5.604  ;       ;             ;            ;       ;       ;
; Number of Logic Levels ;        ; 6     ;             ;            ;       ;       ;
; Physical Delays        ;        ;       ;             ;            ;       ;       ;
;  Arrival Path          ;        ;       ;             ;            ;       ;       ;
;   Clock                ;        ;       ;             ;            ;       ;       ;
;    IC                  ;        ; 3     ; 2.867       ; 70         ; 0.000 ; 2.867 ;
;    Cell                ;        ; 4     ; 1.223       ; 30         ; 0.000 ; 0.540 ;
;   Data                 ;        ;       ;             ;            ;       ;       ;
;    IC                  ;        ; 7     ; 4.208       ; 75         ; 0.155 ; 1.689 ;
;    Cell                ;        ; 14    ; 1.181       ; 21         ; 0.000 ; 0.270 ;
;    uTco                ;        ; 1     ; 0.215       ; 4          ; 0.215 ; 0.215 ;
;  Required Path         ;        ;       ;             ;            ;       ;       ;
;   Clock                ;        ;       ;             ;            ;       ;       ;
;    IC                  ;        ; 3     ; 2.463       ; 69         ; 0.000 ; 2.463 ;
;    Cell                ;        ; 4     ; 1.112       ; 31         ; 0.000 ; 0.540 ;
+------------------------+--------+-------+-------------+------------+-------+-------+
Note: Negative delays are omitted from totals when calculating percentages

+-------------------------------------------------------------------------------------------------------------------------------+
; Data Arrival Path                                                                                                             ;
+---------+---------+----+--------+--------+---------------------+------------+-------------------------------------------------+
; Total   ; Incr    ; RF ; Type   ; Fanout ; Location            ; HS/LP      ; Element                                         ;
+---------+---------+----+--------+--------+---------------------+------------+-------------------------------------------------+
; 0.000   ; 0.000   ;    ;        ;        ;                     ;            ; launch edge time                                ;
; 0.000   ; 0.000   ;    ; borrow ;        ;                     ;            ; time borrowed                                   ;
; 4.090   ; 4.090   ;    ;        ;        ;                     ;            ; clock path                                      ;
;   0.000 ;   0.000 ;    ;        ;        ;                     ;            ; source latency                                  ;
;   0.000 ;   0.000 ;    ;        ; 1      ; PIN_AA7             ;            ; ACLK                                            ;
;   0.000 ;   0.000 ; RR ; IC     ; 1      ; IOIBUF_X102_Y7_N47  ;            ; ACLK~input|i                                    ;
;   0.540 ;   0.540 ; RR ; CELL   ; 1      ; IOIBUF_X102_Y7_N47  ;            ; ACLK~input|o                                    ;
;   0.701 ;   0.161 ; RR ; CELL   ; 1      ; IOIBUF_X102_Y7_N47  ;            ; ACLK~input~io_48_lvds_tile_edge/ioclkin[3]      ;
;   0.701 ;   0.000 ; RR ; IC     ; 2      ; CLKCTRL_3A_G_I22    ;            ; ACLK~inputCLKENA0|inclk                         ;
;   1.223 ;   0.522 ; RR ; CELL   ; 731    ; CLKCTRL_3A_G_I22    ;            ; ACLK~inputCLKENA0|outclk                        ;
;   4.090 ;   2.867 ; RR ; IC     ; 1      ; FF_X57_Y40_N50      ; High Speed ; dut|wrapper|paddr[20]|clk                       ;
;   4.090 ;   0.000 ; RR ; CELL   ; 1      ; FF_X57_Y40_N50      ; High Speed ; dut|wrapper|paddr[20]                           ;
; 9.694   ; 5.604   ;    ;        ;        ;                     ;            ; data path                                       ;
;   4.305 ;   0.215 ; RR ; uTco   ; 1      ; FF_X57_Y40_N50      ;            ; dut|wrapper|paddr[20]|q                         ;
;   4.435 ;   0.130 ; RR ; CELL   ; 1      ; FF_X57_Y40_N50      ; High Speed ; dut|wrapper|paddr[20]~la_lab/laboutb[13]        ;
;   4.590 ;   0.155 ; RR ; IC     ; 1      ; LABCELL_X57_Y40_N42 ; High Speed ; dut|u_decoder|LessThan_3~3|datac                ;
;   4.742 ;   0.152 ; RF ; CELL   ; 1      ; LABCELL_X57_Y40_N42 ; High Speed ; dut|u_decoder|LessThan_3~3|combout              ;
;   4.746 ;   0.004 ; FF ; CELL   ; 8      ; LABCELL_X57_Y40_N42 ; High Speed ; dut|u_decoder|LessThan_3~3~la_lab/laboutb[8]    ;
;   6.435 ;   1.689 ; FF ; IC     ; 1      ; LABCELL_X37_Y39_N54 ; Mixed      ; dut|u_decoder|LessThan_1~0|datad                ;
;   6.582 ;   0.147 ; FF ; CELL   ; 1      ; LABCELL_X37_Y39_N54 ; High Speed ; dut|u_decoder|LessThan_1~0|combout              ;
;   6.586 ;   0.004 ; FF ; CELL   ; 46     ; LABCELL_X37_Y39_N54 ; High Speed ; dut|u_decoder|LessThan_1~0~la_lab/laboutb[16]   ;
;   7.241 ;   0.655 ; FF ; IC     ; 1      ; LABCELL_X35_Y35_N51 ; Mixed      ; dut|u_decoder|gpio_addr[4]~1|datac              ;
;   7.388 ;   0.147 ; FF ; CELL   ; 2      ; LABCELL_X35_Y35_N51 ; High Speed ; dut|u_decoder|gpio_addr[4]~1|combout            ;
;   7.393 ;   0.005 ; FF ; CELL   ; 37     ; LABCELL_X35_Y35_N51 ; High Speed ; dut|u_decoder|gpio_addr[4]~1~la_lab/laboutb[15] ;
;   7.839 ;   0.446 ; FF ; IC     ; 1      ; LABCELL_X36_Y34_N42 ; Mixed      ; dut|gpio1|reduce_or_32~0|datad                  ;
;   7.991 ;   0.152 ; FR ; CELL   ; 2      ; LABCELL_X36_Y34_N42 ; High Speed ; dut|gpio1|reduce_or_32~0|combout                ;
;   7.996 ;   0.005 ; RR ; CELL   ; 1      ; LABCELL_X36_Y34_N42 ; High Speed ; dut|gpio1|reduce_or_32~0~la_lab/laboutb[9]      ;
;   8.296 ;   0.300 ; RR ; IC     ; 1      ; LABCELL_X36_Y34_N12 ; High Speed ; dut|u_decoder|prdata_valid~1|datac              ;
;   8.452 ;   0.156 ; RR ; CELL   ; 1      ; LABCELL_X36_Y34_N12 ; High Speed ; dut|u_decoder|prdata_valid~1|combout            ;
;   8.457 ;   0.005 ; RR ; CELL   ; 3      ; LABCELL_X36_Y34_N12 ; High Speed ; dut|u_decoder|prdata_valid~1~la_lab/laboutt[9]  ;
;   8.940 ;   0.483 ; RR ; IC     ; 1      ; LABCELL_X37_Y36_N24 ; High Speed ; dut|wrapper|axiif.RDATA[0]~1|dataa              ;
;   9.210 ;   0.270 ; RR ; CELL   ; 1      ; LABCELL_X37_Y36_N24 ; High Speed ; dut|wrapper|axiif.RDATA[0]~1|combout            ;
;   9.214 ;   0.004 ; RR ; CELL   ; 1      ; LABCELL_X37_Y36_N24 ; High Speed ; dut|wrapper|axiif.RDATA[0]~1~la_lab/laboutt[16] ;
;   9.694 ;   0.480 ; RR ; IC     ; 1      ; FF_X37_Y38_N25      ; High Speed ; dut|wrapper|axiif.RDATA[0]|ena                  ;
;   9.694 ;   0.000 ; RR ; CELL   ; 1      ; FF_X37_Y38_N25      ; High Speed ; dut|wrapper|axiif.RDATA[0]                      ;
+---------+---------+----+--------+--------+---------------------+------------+-------------------------------------------------+

+--------------------------------------------------------------------------------------------------------------------------+
; Data Required Path                                                                                                       ;
+----------+---------+----+--------+--------+--------------------+------------+--------------------------------------------+
; Total    ; Incr    ; RF ; Type   ; Fanout ; Location           ; HS/LP      ; Element                                    ;
+----------+---------+----+--------+--------+--------------------+------------+--------------------------------------------+
; 10.000   ; 10.000  ;    ;        ;        ;                    ;            ; latch edge time                            ;
; 10.000   ; 0.000   ;    ; borrow ;        ;                    ;            ; time borrowed                              ;
; 13.774   ; 3.774   ;    ;        ;        ;                    ;            ; clock path                                 ;
;   10.000 ;   0.000 ;    ;        ;        ;                    ;            ; source latency                             ;
;   10.000 ;   0.000 ;    ;        ; 1      ; PIN_AA7            ;            ; ACLK                                       ;
;   10.000 ;   0.000 ; RR ; IC     ; 1      ; IOIBUF_X102_Y7_N47 ;            ; ACLK~input|i                               ;
;   10.540 ;   0.540 ; RR ; CELL   ; 1      ; IOIBUF_X102_Y7_N47 ;            ; ACLK~input|o                               ;
;   10.670 ;   0.130 ; RR ; CELL   ; 1      ; IOIBUF_X102_Y7_N47 ;            ; ACLK~input~io_48_lvds_tile_edge/ioclkin[3] ;
;   10.670 ;   0.000 ; RR ; IC     ; 2      ; CLKCTRL_3A_G_I22   ;            ; ACLK~inputCLKENA0|inclk                    ;
;   11.112 ;   0.442 ; RR ; CELL   ; 731    ; CLKCTRL_3A_G_I22   ;            ; ACLK~inputCLKENA0|outclk                   ;
;   13.575 ;   2.463 ; RR ; IC     ; 1      ; FF_X37_Y38_N25     ; High Speed ; dut|wrapper|axiif.RDATA[0]|clk             ;
;   13.575 ;   0.000 ; RR ; CELL   ; 1      ; FF_X37_Y38_N25     ; High Speed ; dut|wrapper|axiif.RDATA[0]                 ;
;   13.774 ;   0.199 ;    ;        ;        ;                    ;            ; clock pessimism removed                    ;
; 13.744   ; -0.030  ;    ;        ;        ;                    ;            ; clock uncertainty                          ;
; 13.807   ; 0.063   ;    ; uTsu   ; 1      ; FF_X37_Y38_N25     ;            ; dut|wrapper|axiif.RDATA[0]                 ;
+----------+---------+----+--------+--------+--------------------+------------+--------------------------------------------+



Path #5: Setup slack is 4.121 
===============================================================================
+--------------------------------------------------------------+
; Path Summary                                                 ;
+---------------------------------+----------------------------+
; Property                        ; Value                      ;
+---------------------------------+----------------------------+
; From Node                       ; dut|wrapper|paddr[22]      ;
; To Node                         ; dut|wrapper|axiif.RDATA[0] ;
; Launch Clock                    ; clk                        ;
; Latch Clock                     ; clk                        ;
; SDC Exception                   ; No SDC Exception on Path   ;
; Data Arrival Time               ; 9.686                      ;
; Data Required Time              ; 13.807                     ;
; Slack                           ; 4.121                      ;
; Worst-Case Operating Conditions ; Slow 900mV 100C Model      ;
+---------------------------------+----------------------------+

+------------------------------------------------------------------------------------+
; Statistics                                                                         ;
+------------------------+--------+-------+-------------+------------+-------+-------+
; Property               ; Value  ; Count ; Total Delay ; % of Total ; Min   ; Max   ;
+------------------------+--------+-------+-------------+------------+-------+-------+
; Setup Relationship     ; 10.000 ;       ;             ;            ;       ;       ;
; Clock Skew             ; -0.316 ;       ;             ;            ;       ;       ;
; Data Delay             ; 5.596  ;       ;             ;            ;       ;       ;
; Number of Logic Levels ;        ; 6     ;             ;            ;       ;       ;
; Physical Delays        ;        ;       ;             ;            ;       ;       ;
;  Arrival Path          ;        ;       ;             ;            ;       ;       ;
;   Clock                ;        ;       ;             ;            ;       ;       ;
;    IC                  ;        ; 3     ; 2.867       ; 70         ; 0.000 ; 2.867 ;
;    Cell                ;        ; 4     ; 1.223       ; 30         ; 0.000 ; 0.540 ;
;   Data                 ;        ;       ;             ;            ;       ;       ;
;    IC                  ;        ; 7     ; 4.218       ; 75         ; 0.165 ; 1.689 ;
;    Cell                ;        ; 14    ; 1.163       ; 21         ; 0.000 ; 0.270 ;
;    uTco                ;        ; 1     ; 0.215       ; 4          ; 0.215 ; 0.215 ;
;  Required Path         ;        ;       ;             ;            ;       ;       ;
;   Clock                ;        ;       ;             ;            ;       ;       ;
;    IC                  ;        ; 3     ; 2.463       ; 69         ; 0.000 ; 2.463 ;
;    Cell                ;        ; 4     ; 1.112       ; 31         ; 0.000 ; 0.540 ;
+------------------------+--------+-------+-------------+------------+-------+-------+
Note: Negative delays are omitted from totals when calculating percentages

+-------------------------------------------------------------------------------------------------------------------------------+
; Data Arrival Path                                                                                                             ;
+---------+---------+----+--------+--------+---------------------+------------+-------------------------------------------------+
; Total   ; Incr    ; RF ; Type   ; Fanout ; Location            ; HS/LP      ; Element                                         ;
+---------+---------+----+--------+--------+---------------------+------------+-------------------------------------------------+
; 0.000   ; 0.000   ;    ;        ;        ;                     ;            ; launch edge time                                ;
; 0.000   ; 0.000   ;    ; borrow ;        ;                     ;            ; time borrowed                                   ;
; 4.090   ; 4.090   ;    ;        ;        ;                     ;            ; clock path                                      ;
;   0.000 ;   0.000 ;    ;        ;        ;                     ;            ; source latency                                  ;
;   0.000 ;   0.000 ;    ;        ; 1      ; PIN_AA7             ;            ; ACLK                                            ;
;   0.000 ;   0.000 ; RR ; IC     ; 1      ; IOIBUF_X102_Y7_N47  ;            ; ACLK~input|i                                    ;
;   0.540 ;   0.540 ; RR ; CELL   ; 1      ; IOIBUF_X102_Y7_N47  ;            ; ACLK~input|o                                    ;
;   0.701 ;   0.161 ; RR ; CELL   ; 1      ; IOIBUF_X102_Y7_N47  ;            ; ACLK~input~io_48_lvds_tile_edge/ioclkin[3]      ;
;   0.701 ;   0.000 ; RR ; IC     ; 2      ; CLKCTRL_3A_G_I22    ;            ; ACLK~inputCLKENA0|inclk                         ;
;   1.223 ;   0.522 ; RR ; CELL   ; 731    ; CLKCTRL_3A_G_I22    ;            ; ACLK~inputCLKENA0|outclk                        ;
;   4.090 ;   2.867 ; RR ; IC     ; 1      ; FF_X57_Y40_N52      ; High Speed ; dut|wrapper|paddr[22]|clk                       ;
;   4.090 ;   0.000 ; RR ; CELL   ; 1      ; FF_X57_Y40_N52      ; High Speed ; dut|wrapper|paddr[22]                           ;
; 9.686   ; 5.596   ;    ;        ;        ;                     ;            ; data path                                       ;
;   4.305 ;   0.215 ; RR ; uTco   ; 1      ; FF_X57_Y40_N52      ;            ; dut|wrapper|paddr[22]|q                         ;
;   4.433 ;   0.128 ; RR ; CELL   ; 1      ; FF_X57_Y40_N52      ; High Speed ; dut|wrapper|paddr[22]~la_lab/laboutb[14]        ;
;   4.598 ;   0.165 ; RR ; IC     ; 1      ; LABCELL_X57_Y40_N42 ; High Speed ; dut|u_decoder|LessThan_3~3|datae                ;
;   4.734 ;   0.136 ; RF ; CELL   ; 1      ; LABCELL_X57_Y40_N42 ; High Speed ; dut|u_decoder|LessThan_3~3|combout              ;
;   4.738 ;   0.004 ; FF ; CELL   ; 8      ; LABCELL_X57_Y40_N42 ; High Speed ; dut|u_decoder|LessThan_3~3~la_lab/laboutb[8]    ;
;   6.427 ;   1.689 ; FF ; IC     ; 1      ; LABCELL_X37_Y39_N54 ; Mixed      ; dut|u_decoder|LessThan_1~0|datad                ;
;   6.574 ;   0.147 ; FF ; CELL   ; 1      ; LABCELL_X37_Y39_N54 ; High Speed ; dut|u_decoder|LessThan_1~0|combout              ;
;   6.578 ;   0.004 ; FF ; CELL   ; 46     ; LABCELL_X37_Y39_N54 ; High Speed ; dut|u_decoder|LessThan_1~0~la_lab/laboutb[16]   ;
;   7.233 ;   0.655 ; FF ; IC     ; 1      ; LABCELL_X35_Y35_N51 ; Mixed      ; dut|u_decoder|gpio_addr[4]~1|datac              ;
;   7.380 ;   0.147 ; FF ; CELL   ; 2      ; LABCELL_X35_Y35_N51 ; High Speed ; dut|u_decoder|gpio_addr[4]~1|combout            ;
;   7.385 ;   0.005 ; FF ; CELL   ; 37     ; LABCELL_X35_Y35_N51 ; High Speed ; dut|u_decoder|gpio_addr[4]~1~la_lab/laboutb[15] ;
;   7.831 ;   0.446 ; FF ; IC     ; 1      ; LABCELL_X36_Y34_N42 ; Mixed      ; dut|gpio1|reduce_or_32~0|datad                  ;
;   7.983 ;   0.152 ; FR ; CELL   ; 2      ; LABCELL_X36_Y34_N42 ; High Speed ; dut|gpio1|reduce_or_32~0|combout                ;
;   7.988 ;   0.005 ; RR ; CELL   ; 1      ; LABCELL_X36_Y34_N42 ; High Speed ; dut|gpio1|reduce_or_32~0~la_lab/laboutb[9]      ;
;   8.288 ;   0.300 ; RR ; IC     ; 1      ; LABCELL_X36_Y34_N12 ; High Speed ; dut|u_decoder|prdata_valid~1|datac              ;
;   8.444 ;   0.156 ; RR ; CELL   ; 1      ; LABCELL_X36_Y34_N12 ; High Speed ; dut|u_decoder|prdata_valid~1|combout            ;
;   8.449 ;   0.005 ; RR ; CELL   ; 3      ; LABCELL_X36_Y34_N12 ; High Speed ; dut|u_decoder|prdata_valid~1~la_lab/laboutt[9]  ;
;   8.932 ;   0.483 ; RR ; IC     ; 1      ; LABCELL_X37_Y36_N24 ; High Speed ; dut|wrapper|axiif.RDATA[0]~1|dataa              ;
;   9.202 ;   0.270 ; RR ; CELL   ; 1      ; LABCELL_X37_Y36_N24 ; High Speed ; dut|wrapper|axiif.RDATA[0]~1|combout            ;
;   9.206 ;   0.004 ; RR ; CELL   ; 1      ; LABCELL_X37_Y36_N24 ; High Speed ; dut|wrapper|axiif.RDATA[0]~1~la_lab/laboutt[16] ;
;   9.686 ;   0.480 ; RR ; IC     ; 1      ; FF_X37_Y38_N25      ; High Speed ; dut|wrapper|axiif.RDATA[0]|ena                  ;
;   9.686 ;   0.000 ; RR ; CELL   ; 1      ; FF_X37_Y38_N25      ; High Speed ; dut|wrapper|axiif.RDATA[0]                      ;
+---------+---------+----+--------+--------+---------------------+------------+-------------------------------------------------+

+--------------------------------------------------------------------------------------------------------------------------+
; Data Required Path                                                                                                       ;
+----------+---------+----+--------+--------+--------------------+------------+--------------------------------------------+
; Total    ; Incr    ; RF ; Type   ; Fanout ; Location           ; HS/LP      ; Element                                    ;
+----------+---------+----+--------+--------+--------------------+------------+--------------------------------------------+
; 10.000   ; 10.000  ;    ;        ;        ;                    ;            ; latch edge time                            ;
; 10.000   ; 0.000   ;    ; borrow ;        ;                    ;            ; time borrowed                              ;
; 13.774   ; 3.774   ;    ;        ;        ;                    ;            ; clock path                                 ;
;   10.000 ;   0.000 ;    ;        ;        ;                    ;            ; source latency                             ;
;   10.000 ;   0.000 ;    ;        ; 1      ; PIN_AA7            ;            ; ACLK                                       ;
;   10.000 ;   0.000 ; RR ; IC     ; 1      ; IOIBUF_X102_Y7_N47 ;            ; ACLK~input|i                               ;
;   10.540 ;   0.540 ; RR ; CELL   ; 1      ; IOIBUF_X102_Y7_N47 ;            ; ACLK~input|o                               ;
;   10.670 ;   0.130 ; RR ; CELL   ; 1      ; IOIBUF_X102_Y7_N47 ;            ; ACLK~input~io_48_lvds_tile_edge/ioclkin[3] ;
;   10.670 ;   0.000 ; RR ; IC     ; 2      ; CLKCTRL_3A_G_I22   ;            ; ACLK~inputCLKENA0|inclk                    ;
;   11.112 ;   0.442 ; RR ; CELL   ; 731    ; CLKCTRL_3A_G_I22   ;            ; ACLK~inputCLKENA0|outclk                   ;
;   13.575 ;   2.463 ; RR ; IC     ; 1      ; FF_X37_Y38_N25     ; High Speed ; dut|wrapper|axiif.RDATA[0]|clk             ;
;   13.575 ;   0.000 ; RR ; CELL   ; 1      ; FF_X37_Y38_N25     ; High Speed ; dut|wrapper|axiif.RDATA[0]                 ;
;   13.774 ;   0.199 ;    ;        ;        ;                    ;            ; clock pessimism removed                    ;
; 13.744   ; -0.030  ;    ;        ;        ;                    ;            ; clock uncertainty                          ;
; 13.807   ; 0.063   ;    ; uTsu   ; 1      ; FF_X37_Y38_N25     ;            ; dut|wrapper|axiif.RDATA[0]                 ;
+----------+---------+----+--------+--------+--------------------+------------+--------------------------------------------+



Path #6: Setup slack is 4.140 
===============================================================================
+---------------------------------------------------------------+
; Path Summary                                                  ;
+---------------------------------+-----------------------------+
; Property                        ; Value                       ;
+---------------------------------+-----------------------------+
; From Node                       ; dut|wrapper|paddr[23]       ;
; To Node                         ; dut|wrapper|axiif.RDATA[30] ;
; Launch Clock                    ; clk                         ;
; Latch Clock                     ; clk                         ;
; SDC Exception                   ; No SDC Exception on Path    ;
; Data Arrival Time               ; 9.680                       ;
; Data Required Time              ; 13.820                      ;
; Slack                           ; 4.140                       ;
; Worst-Case Operating Conditions ; Slow 900mV 100C Model       ;
+---------------------------------+-----------------------------+

+------------------------------------------------------------------------------------+
; Statistics                                                                         ;
+------------------------+--------+-------+-------------+------------+-------+-------+
; Property               ; Value  ; Count ; Total Delay ; % of Total ; Min   ; Max   ;
+------------------------+--------+-------+-------------+------------+-------+-------+
; Setup Relationship     ; 10.000 ;       ;             ;            ;       ;       ;
; Clock Skew             ; -0.301 ;       ;             ;            ;       ;       ;
; Data Delay             ; 5.590  ;       ;             ;            ;       ;       ;
; Number of Logic Levels ;        ; 6     ;             ;            ;       ;       ;
; Physical Delays        ;        ;       ;             ;            ;       ;       ;
;  Arrival Path          ;        ;       ;             ;            ;       ;       ;
;   Clock                ;        ;       ;             ;            ;       ;       ;
;    IC                  ;        ; 3     ; 2.867       ; 70         ; 0.000 ; 2.867 ;
;    Cell                ;        ; 4     ; 1.223       ; 30         ; 0.000 ; 0.540 ;
;   Data                 ;        ;       ;             ;            ;       ;       ;
;    IC                  ;        ; 7     ; 4.234       ; 76         ; 0.160 ; 1.689 ;
;    Cell                ;        ; 14    ; 1.139       ; 20         ; 0.000 ; 0.243 ;
;    uTco                ;        ; 1     ; 0.217       ; 4          ; 0.217 ; 0.217 ;
;  Required Path         ;        ;       ;             ;            ;       ;       ;
;   Clock                ;        ;       ;             ;            ;       ;       ;
;    IC                  ;        ; 3     ; 2.478       ; 69         ; 0.000 ; 2.478 ;
;    Cell                ;        ; 4     ; 1.112       ; 31         ; 0.000 ; 0.540 ;
+------------------------+--------+-------+-------------+------------+-------+-------+
Note: Negative delays are omitted from totals when calculating percentages

+-------------------------------------------------------------------------------------------------------------------------------+
; Data Arrival Path                                                                                                             ;
+---------+---------+----+--------+--------+---------------------+------------+-------------------------------------------------+
; Total   ; Incr    ; RF ; Type   ; Fanout ; Location            ; HS/LP      ; Element                                         ;
+---------+---------+----+--------+--------+---------------------+------------+-------------------------------------------------+
; 0.000   ; 0.000   ;    ;        ;        ;                     ;            ; launch edge time                                ;
; 0.000   ; 0.000   ;    ; borrow ;        ;                     ;            ; time borrowed                                   ;
; 4.090   ; 4.090   ;    ;        ;        ;                     ;            ; clock path                                      ;
;   0.000 ;   0.000 ;    ;        ;        ;                     ;            ; source latency                                  ;
;   0.000 ;   0.000 ;    ;        ; 1      ; PIN_AA7             ;            ; ACLK                                            ;
;   0.000 ;   0.000 ; RR ; IC     ; 1      ; IOIBUF_X102_Y7_N47  ;            ; ACLK~input|i                                    ;
;   0.540 ;   0.540 ; RR ; CELL   ; 1      ; IOIBUF_X102_Y7_N47  ;            ; ACLK~input|o                                    ;
;   0.701 ;   0.161 ; RR ; CELL   ; 1      ; IOIBUF_X102_Y7_N47  ;            ; ACLK~input~io_48_lvds_tile_edge/ioclkin[3]      ;
;   0.701 ;   0.000 ; RR ; IC     ; 2      ; CLKCTRL_3A_G_I22    ;            ; ACLK~inputCLKENA0|inclk                         ;
;   1.223 ;   0.522 ; RR ; CELL   ; 731    ; CLKCTRL_3A_G_I22    ;            ; ACLK~inputCLKENA0|outclk                        ;
;   4.090 ;   2.867 ; RR ; IC     ; 1      ; FF_X57_Y40_N4       ; High Speed ; dut|wrapper|paddr[23]|clk                       ;
;   4.090 ;   0.000 ; RR ; CELL   ; 1      ; FF_X57_Y40_N4       ; High Speed ; dut|wrapper|paddr[23]                           ;
; 9.680   ; 5.590   ;    ;        ;        ;                     ;            ; data path                                       ;
;   4.307 ;   0.217 ; RR ; uTco   ; 1      ; FF_X57_Y40_N4       ;            ; dut|wrapper|paddr[23]|q                         ;
;   4.436 ;   0.129 ; RR ; CELL   ; 1      ; FF_X57_Y40_N4       ; High Speed ; dut|wrapper|paddr[23]~la_lab/laboutt[2]         ;
;   4.689 ;   0.253 ; RR ; IC     ; 1      ; LABCELL_X57_Y40_N42 ; High Speed ; dut|u_decoder|LessThan_3~3|datab                ;
;   4.932 ;   0.243 ; RF ; CELL   ; 1      ; LABCELL_X57_Y40_N42 ; High Speed ; dut|u_decoder|LessThan_3~3|combout              ;
;   4.936 ;   0.004 ; FF ; CELL   ; 8      ; LABCELL_X57_Y40_N42 ; High Speed ; dut|u_decoder|LessThan_3~3~la_lab/laboutb[8]    ;
;   6.625 ;   1.689 ; FF ; IC     ; 1      ; LABCELL_X37_Y39_N54 ; Mixed      ; dut|u_decoder|LessThan_1~0|datad                ;
;   6.772 ;   0.147 ; FF ; CELL   ; 1      ; LABCELL_X37_Y39_N54 ; High Speed ; dut|u_decoder|LessThan_1~0|combout              ;
;   6.776 ;   0.004 ; FF ; CELL   ; 46     ; LABCELL_X37_Y39_N54 ; High Speed ; dut|u_decoder|LessThan_1~0~la_lab/laboutb[16]   ;
;   7.431 ;   0.655 ; FF ; IC     ; 1      ; LABCELL_X35_Y35_N51 ; Mixed      ; dut|u_decoder|gpio_addr[4]~1|datac              ;
;   7.578 ;   0.147 ; FF ; CELL   ; 2      ; LABCELL_X35_Y35_N51 ; High Speed ; dut|u_decoder|gpio_addr[4]~1|combout            ;
;   7.583 ;   0.005 ; FF ; CELL   ; 37     ; LABCELL_X35_Y35_N51 ; High Speed ; dut|u_decoder|gpio_addr[4]~1~la_lab/laboutb[15] ;
;   8.029 ;   0.446 ; FF ; IC     ; 1      ; LABCELL_X36_Y34_N42 ; Mixed      ; dut|gpio1|reduce_or_32~0|datad                  ;
;   8.181 ;   0.152 ; FR ; CELL   ; 2      ; LABCELL_X36_Y34_N42 ; High Speed ; dut|gpio1|reduce_or_32~0|combout                ;
;   8.185 ;   0.004 ; RR ; CELL   ; 2      ; LABCELL_X36_Y34_N42 ; High Speed ; dut|gpio1|reduce_or_32~0~la_lab/laboutb[8]      ;
;   8.563 ;   0.378 ; RR ; IC     ; 1      ; LABCELL_X37_Y36_N18 ; High Speed ; dut|u_decoder|prdata_valid~5|datac              ;
;   8.715 ;   0.152 ; RF ; CELL   ; 1      ; LABCELL_X37_Y36_N18 ; High Speed ; dut|u_decoder|prdata_valid~5|combout            ;
;   8.719 ;   0.004 ; FF ; CELL   ; 1      ; LABCELL_X37_Y36_N18 ; High Speed ; dut|u_decoder|prdata_valid~5~la_lab/laboutt[12] ;
;   8.879 ;   0.160 ; FF ; IC     ; 1      ; LABCELL_X37_Y36_N54 ; High Speed ; dut|wrapper|axiif.RDATA[1]~0|datad              ;
;   9.023 ;   0.144 ; FR ; CELL   ; 1      ; LABCELL_X37_Y36_N54 ; High Speed ; dut|wrapper|axiif.RDATA[1]~0|combout            ;
;   9.027 ;   0.004 ; RR ; CELL   ; 31     ; LABCELL_X37_Y36_N54 ; High Speed ; dut|wrapper|axiif.RDATA[1]~0~la_lab/laboutb[16] ;
;   9.680 ;   0.653 ; RR ; IC     ; 1      ; FF_X33_Y37_N26      ; Mixed      ; dut|wrapper|axiif.RDATA[30]|ena                 ;
;   9.680 ;   0.000 ; RR ; CELL   ; 1      ; FF_X33_Y37_N26      ; Low Power  ; dut|wrapper|axiif.RDATA[30]                     ;
+---------+---------+----+--------+--------+---------------------+------------+-------------------------------------------------+

+-------------------------------------------------------------------------------------------------------------------------+
; Data Required Path                                                                                                      ;
+----------+---------+----+--------+--------+--------------------+-----------+--------------------------------------------+
; Total    ; Incr    ; RF ; Type   ; Fanout ; Location           ; HS/LP     ; Element                                    ;
+----------+---------+----+--------+--------+--------------------+-----------+--------------------------------------------+
; 10.000   ; 10.000  ;    ;        ;        ;                    ;           ; latch edge time                            ;
; 10.000   ; 0.000   ;    ; borrow ;        ;                    ;           ; time borrowed                              ;
; 13.789   ; 3.789   ;    ;        ;        ;                    ;           ; clock path                                 ;
;   10.000 ;   0.000 ;    ;        ;        ;                    ;           ; source latency                             ;
;   10.000 ;   0.000 ;    ;        ; 1      ; PIN_AA7            ;           ; ACLK                                       ;
;   10.000 ;   0.000 ; RR ; IC     ; 1      ; IOIBUF_X102_Y7_N47 ;           ; ACLK~input|i                               ;
;   10.540 ;   0.540 ; RR ; CELL   ; 1      ; IOIBUF_X102_Y7_N47 ;           ; ACLK~input|o                               ;
;   10.670 ;   0.130 ; RR ; CELL   ; 1      ; IOIBUF_X102_Y7_N47 ;           ; ACLK~input~io_48_lvds_tile_edge/ioclkin[3] ;
;   10.670 ;   0.000 ; RR ; IC     ; 2      ; CLKCTRL_3A_G_I22   ;           ; ACLK~inputCLKENA0|inclk                    ;
;   11.112 ;   0.442 ; RR ; CELL   ; 731    ; CLKCTRL_3A_G_I22   ;           ; ACLK~inputCLKENA0|outclk                   ;
;   13.590 ;   2.478 ; RR ; IC     ; 1      ; FF_X33_Y37_N26     ; Low Power ; dut|wrapper|axiif.RDATA[30]|clk            ;
;   13.590 ;   0.000 ; RR ; CELL   ; 1      ; FF_X33_Y37_N26     ; Low Power ; dut|wrapper|axiif.RDATA[30]                ;
;   13.789 ;   0.199 ;    ;        ;        ;                    ;           ; clock pessimism removed                    ;
; 13.759   ; -0.030  ;    ;        ;        ;                    ;           ; clock uncertainty                          ;
; 13.820   ; 0.061   ;    ; uTsu   ; 1      ; FF_X33_Y37_N26     ;           ; dut|wrapper|axiif.RDATA[30]                ;
+----------+---------+----+--------+--------+--------------------+-----------+--------------------------------------------+



Path #7: Setup slack is 4.140 
===============================================================================
+---------------------------------------------------------------+
; Path Summary                                                  ;
+---------------------------------+-----------------------------+
; Property                        ; Value                       ;
+---------------------------------+-----------------------------+
; From Node                       ; dut|wrapper|paddr[23]       ;
; To Node                         ; dut|wrapper|axiif.RDATA[29] ;
; Launch Clock                    ; clk                         ;
; Latch Clock                     ; clk                         ;
; SDC Exception                   ; No SDC Exception on Path    ;
; Data Arrival Time               ; 9.680                       ;
; Data Required Time              ; 13.820                      ;
; Slack                           ; 4.140                       ;
; Worst-Case Operating Conditions ; Slow 900mV 100C Model       ;
+---------------------------------+-----------------------------+

+------------------------------------------------------------------------------------+
; Statistics                                                                         ;
+------------------------+--------+-------+-------------+------------+-------+-------+
; Property               ; Value  ; Count ; Total Delay ; % of Total ; Min   ; Max   ;
+------------------------+--------+-------+-------------+------------+-------+-------+
; Setup Relationship     ; 10.000 ;       ;             ;            ;       ;       ;
; Clock Skew             ; -0.301 ;       ;             ;            ;       ;       ;
; Data Delay             ; 5.590  ;       ;             ;            ;       ;       ;
; Number of Logic Levels ;        ; 6     ;             ;            ;       ;       ;
; Physical Delays        ;        ;       ;             ;            ;       ;       ;
;  Arrival Path          ;        ;       ;             ;            ;       ;       ;
;   Clock                ;        ;       ;             ;            ;       ;       ;
;    IC                  ;        ; 3     ; 2.867       ; 70         ; 0.000 ; 2.867 ;
;    Cell                ;        ; 4     ; 1.223       ; 30         ; 0.000 ; 0.540 ;
;   Data                 ;        ;       ;             ;            ;       ;       ;
;    IC                  ;        ; 7     ; 4.234       ; 76         ; 0.160 ; 1.689 ;
;    Cell                ;        ; 14    ; 1.139       ; 20         ; 0.000 ; 0.243 ;
;    uTco                ;        ; 1     ; 0.217       ; 4          ; 0.217 ; 0.217 ;
;  Required Path         ;        ;       ;             ;            ;       ;       ;
;   Clock                ;        ;       ;             ;            ;       ;       ;
;    IC                  ;        ; 3     ; 2.478       ; 69         ; 0.000 ; 2.478 ;
;    Cell                ;        ; 4     ; 1.112       ; 31         ; 0.000 ; 0.540 ;
+------------------------+--------+-------+-------------+------------+-------+-------+
Note: Negative delays are omitted from totals when calculating percentages

+-------------------------------------------------------------------------------------------------------------------------------+
; Data Arrival Path                                                                                                             ;
+---------+---------+----+--------+--------+---------------------+------------+-------------------------------------------------+
; Total   ; Incr    ; RF ; Type   ; Fanout ; Location            ; HS/LP      ; Element                                         ;
+---------+---------+----+--------+--------+---------------------+------------+-------------------------------------------------+
; 0.000   ; 0.000   ;    ;        ;        ;                     ;            ; launch edge time                                ;
; 0.000   ; 0.000   ;    ; borrow ;        ;                     ;            ; time borrowed                                   ;
; 4.090   ; 4.090   ;    ;        ;        ;                     ;            ; clock path                                      ;
;   0.000 ;   0.000 ;    ;        ;        ;                     ;            ; source latency                                  ;
;   0.000 ;   0.000 ;    ;        ; 1      ; PIN_AA7             ;            ; ACLK                                            ;
;   0.000 ;   0.000 ; RR ; IC     ; 1      ; IOIBUF_X102_Y7_N47  ;            ; ACLK~input|i                                    ;
;   0.540 ;   0.540 ; RR ; CELL   ; 1      ; IOIBUF_X102_Y7_N47  ;            ; ACLK~input|o                                    ;
;   0.701 ;   0.161 ; RR ; CELL   ; 1      ; IOIBUF_X102_Y7_N47  ;            ; ACLK~input~io_48_lvds_tile_edge/ioclkin[3]      ;
;   0.701 ;   0.000 ; RR ; IC     ; 2      ; CLKCTRL_3A_G_I22    ;            ; ACLK~inputCLKENA0|inclk                         ;
;   1.223 ;   0.522 ; RR ; CELL   ; 731    ; CLKCTRL_3A_G_I22    ;            ; ACLK~inputCLKENA0|outclk                        ;
;   4.090 ;   2.867 ; RR ; IC     ; 1      ; FF_X57_Y40_N4       ; High Speed ; dut|wrapper|paddr[23]|clk                       ;
;   4.090 ;   0.000 ; RR ; CELL   ; 1      ; FF_X57_Y40_N4       ; High Speed ; dut|wrapper|paddr[23]                           ;
; 9.680   ; 5.590   ;    ;        ;        ;                     ;            ; data path                                       ;
;   4.307 ;   0.217 ; RR ; uTco   ; 1      ; FF_X57_Y40_N4       ;            ; dut|wrapper|paddr[23]|q                         ;
;   4.436 ;   0.129 ; RR ; CELL   ; 1      ; FF_X57_Y40_N4       ; High Speed ; dut|wrapper|paddr[23]~la_lab/laboutt[2]         ;
;   4.689 ;   0.253 ; RR ; IC     ; 1      ; LABCELL_X57_Y40_N42 ; High Speed ; dut|u_decoder|LessThan_3~3|datab                ;
;   4.932 ;   0.243 ; RF ; CELL   ; 1      ; LABCELL_X57_Y40_N42 ; High Speed ; dut|u_decoder|LessThan_3~3|combout              ;
;   4.936 ;   0.004 ; FF ; CELL   ; 8      ; LABCELL_X57_Y40_N42 ; High Speed ; dut|u_decoder|LessThan_3~3~la_lab/laboutb[8]    ;
;   6.625 ;   1.689 ; FF ; IC     ; 1      ; LABCELL_X37_Y39_N54 ; Mixed      ; dut|u_decoder|LessThan_1~0|datad                ;
;   6.772 ;   0.147 ; FF ; CELL   ; 1      ; LABCELL_X37_Y39_N54 ; High Speed ; dut|u_decoder|LessThan_1~0|combout              ;
;   6.776 ;   0.004 ; FF ; CELL   ; 46     ; LABCELL_X37_Y39_N54 ; High Speed ; dut|u_decoder|LessThan_1~0~la_lab/laboutb[16]   ;
;   7.431 ;   0.655 ; FF ; IC     ; 1      ; LABCELL_X35_Y35_N51 ; Mixed      ; dut|u_decoder|gpio_addr[4]~1|datac              ;
;   7.578 ;   0.147 ; FF ; CELL   ; 2      ; LABCELL_X35_Y35_N51 ; High Speed ; dut|u_decoder|gpio_addr[4]~1|combout            ;
;   7.583 ;   0.005 ; FF ; CELL   ; 37     ; LABCELL_X35_Y35_N51 ; High Speed ; dut|u_decoder|gpio_addr[4]~1~la_lab/laboutb[15] ;
;   8.029 ;   0.446 ; FF ; IC     ; 1      ; LABCELL_X36_Y34_N42 ; Mixed      ; dut|gpio1|reduce_or_32~0|datad                  ;
;   8.181 ;   0.152 ; FR ; CELL   ; 2      ; LABCELL_X36_Y34_N42 ; High Speed ; dut|gpio1|reduce_or_32~0|combout                ;
;   8.185 ;   0.004 ; RR ; CELL   ; 2      ; LABCELL_X36_Y34_N42 ; High Speed ; dut|gpio1|reduce_or_32~0~la_lab/laboutb[8]      ;
;   8.563 ;   0.378 ; RR ; IC     ; 1      ; LABCELL_X37_Y36_N18 ; High Speed ; dut|u_decoder|prdata_valid~5|datac              ;
;   8.715 ;   0.152 ; RF ; CELL   ; 1      ; LABCELL_X37_Y36_N18 ; High Speed ; dut|u_decoder|prdata_valid~5|combout            ;
;   8.719 ;   0.004 ; FF ; CELL   ; 1      ; LABCELL_X37_Y36_N18 ; High Speed ; dut|u_decoder|prdata_valid~5~la_lab/laboutt[12] ;
;   8.879 ;   0.160 ; FF ; IC     ; 1      ; LABCELL_X37_Y36_N54 ; High Speed ; dut|wrapper|axiif.RDATA[1]~0|datad              ;
;   9.023 ;   0.144 ; FR ; CELL   ; 1      ; LABCELL_X37_Y36_N54 ; High Speed ; dut|wrapper|axiif.RDATA[1]~0|combout            ;
;   9.027 ;   0.004 ; RR ; CELL   ; 31     ; LABCELL_X37_Y36_N54 ; High Speed ; dut|wrapper|axiif.RDATA[1]~0~la_lab/laboutb[16] ;
;   9.680 ;   0.653 ; RR ; IC     ; 1      ; FF_X33_Y37_N55      ; Mixed      ; dut|wrapper|axiif.RDATA[29]|ena                 ;
;   9.680 ;   0.000 ; RR ; CELL   ; 1      ; FF_X33_Y37_N55      ; Low Power  ; dut|wrapper|axiif.RDATA[29]                     ;
+---------+---------+----+--------+--------+---------------------+------------+-------------------------------------------------+

+-------------------------------------------------------------------------------------------------------------------------+
; Data Required Path                                                                                                      ;
+----------+---------+----+--------+--------+--------------------+-----------+--------------------------------------------+
; Total    ; Incr    ; RF ; Type   ; Fanout ; Location           ; HS/LP     ; Element                                    ;
+----------+---------+----+--------+--------+--------------------+-----------+--------------------------------------------+
; 10.000   ; 10.000  ;    ;        ;        ;                    ;           ; latch edge time                            ;
; 10.000   ; 0.000   ;    ; borrow ;        ;                    ;           ; time borrowed                              ;
; 13.789   ; 3.789   ;    ;        ;        ;                    ;           ; clock path                                 ;
;   10.000 ;   0.000 ;    ;        ;        ;                    ;           ; source latency                             ;
;   10.000 ;   0.000 ;    ;        ; 1      ; PIN_AA7            ;           ; ACLK                                       ;
;   10.000 ;   0.000 ; RR ; IC     ; 1      ; IOIBUF_X102_Y7_N47 ;           ; ACLK~input|i                               ;
;   10.540 ;   0.540 ; RR ; CELL   ; 1      ; IOIBUF_X102_Y7_N47 ;           ; ACLK~input|o                               ;
;   10.670 ;   0.130 ; RR ; CELL   ; 1      ; IOIBUF_X102_Y7_N47 ;           ; ACLK~input~io_48_lvds_tile_edge/ioclkin[3] ;
;   10.670 ;   0.000 ; RR ; IC     ; 2      ; CLKCTRL_3A_G_I22   ;           ; ACLK~inputCLKENA0|inclk                    ;
;   11.112 ;   0.442 ; RR ; CELL   ; 731    ; CLKCTRL_3A_G_I22   ;           ; ACLK~inputCLKENA0|outclk                   ;
;   13.590 ;   2.478 ; RR ; IC     ; 1      ; FF_X33_Y37_N55     ; Low Power ; dut|wrapper|axiif.RDATA[29]|clk            ;
;   13.590 ;   0.000 ; RR ; CELL   ; 1      ; FF_X33_Y37_N55     ; Low Power ; dut|wrapper|axiif.RDATA[29]                ;
;   13.789 ;   0.199 ;    ;        ;        ;                    ;           ; clock pessimism removed                    ;
; 13.759   ; -0.030  ;    ;        ;        ;                    ;           ; clock uncertainty                          ;
; 13.820   ; 0.061   ;    ; uTsu   ; 1      ; FF_X33_Y37_N55     ;           ; dut|wrapper|axiif.RDATA[29]                ;
+----------+---------+----+--------+--------+--------------------+-----------+--------------------------------------------+



Path #8: Setup slack is 4.140 
===============================================================================
+---------------------------------------------------------------+
; Path Summary                                                  ;
+---------------------------------+-----------------------------+
; Property                        ; Value                       ;
+---------------------------------+-----------------------------+
; From Node                       ; dut|wrapper|paddr[23]       ;
; To Node                         ; dut|wrapper|axiif.RDATA[27] ;
; Launch Clock                    ; clk                         ;
; Latch Clock                     ; clk                         ;
; SDC Exception                   ; No SDC Exception on Path    ;
; Data Arrival Time               ; 9.680                       ;
; Data Required Time              ; 13.820                      ;
; Slack                           ; 4.140                       ;
; Worst-Case Operating Conditions ; Slow 900mV 100C Model       ;
+---------------------------------+-----------------------------+

+------------------------------------------------------------------------------------+
; Statistics                                                                         ;
+------------------------+--------+-------+-------------+------------+-------+-------+
; Property               ; Value  ; Count ; Total Delay ; % of Total ; Min   ; Max   ;
+------------------------+--------+-------+-------------+------------+-------+-------+
; Setup Relationship     ; 10.000 ;       ;             ;            ;       ;       ;
; Clock Skew             ; -0.301 ;       ;             ;            ;       ;       ;
; Data Delay             ; 5.590  ;       ;             ;            ;       ;       ;
; Number of Logic Levels ;        ; 6     ;             ;            ;       ;       ;
; Physical Delays        ;        ;       ;             ;            ;       ;       ;
;  Arrival Path          ;        ;       ;             ;            ;       ;       ;
;   Clock                ;        ;       ;             ;            ;       ;       ;
;    IC                  ;        ; 3     ; 2.867       ; 70         ; 0.000 ; 2.867 ;
;    Cell                ;        ; 4     ; 1.223       ; 30         ; 0.000 ; 0.540 ;
;   Data                 ;        ;       ;             ;            ;       ;       ;
;    IC                  ;        ; 7     ; 4.234       ; 76         ; 0.160 ; 1.689 ;
;    Cell                ;        ; 14    ; 1.139       ; 20         ; 0.000 ; 0.243 ;
;    uTco                ;        ; 1     ; 0.217       ; 4          ; 0.217 ; 0.217 ;
;  Required Path         ;        ;       ;             ;            ;       ;       ;
;   Clock                ;        ;       ;             ;            ;       ;       ;
;    IC                  ;        ; 3     ; 2.478       ; 69         ; 0.000 ; 2.478 ;
;    Cell                ;        ; 4     ; 1.112       ; 31         ; 0.000 ; 0.540 ;
+------------------------+--------+-------+-------------+------------+-------+-------+
Note: Negative delays are omitted from totals when calculating percentages

+-------------------------------------------------------------------------------------------------------------------------------+
; Data Arrival Path                                                                                                             ;
+---------+---------+----+--------+--------+---------------------+------------+-------------------------------------------------+
; Total   ; Incr    ; RF ; Type   ; Fanout ; Location            ; HS/LP      ; Element                                         ;
+---------+---------+----+--------+--------+---------------------+------------+-------------------------------------------------+
; 0.000   ; 0.000   ;    ;        ;        ;                     ;            ; launch edge time                                ;
; 0.000   ; 0.000   ;    ; borrow ;        ;                     ;            ; time borrowed                                   ;
; 4.090   ; 4.090   ;    ;        ;        ;                     ;            ; clock path                                      ;
;   0.000 ;   0.000 ;    ;        ;        ;                     ;            ; source latency                                  ;
;   0.000 ;   0.000 ;    ;        ; 1      ; PIN_AA7             ;            ; ACLK                                            ;
;   0.000 ;   0.000 ; RR ; IC     ; 1      ; IOIBUF_X102_Y7_N47  ;            ; ACLK~input|i                                    ;
;   0.540 ;   0.540 ; RR ; CELL   ; 1      ; IOIBUF_X102_Y7_N47  ;            ; ACLK~input|o                                    ;
;   0.701 ;   0.161 ; RR ; CELL   ; 1      ; IOIBUF_X102_Y7_N47  ;            ; ACLK~input~io_48_lvds_tile_edge/ioclkin[3]      ;
;   0.701 ;   0.000 ; RR ; IC     ; 2      ; CLKCTRL_3A_G_I22    ;            ; ACLK~inputCLKENA0|inclk                         ;
;   1.223 ;   0.522 ; RR ; CELL   ; 731    ; CLKCTRL_3A_G_I22    ;            ; ACLK~inputCLKENA0|outclk                        ;
;   4.090 ;   2.867 ; RR ; IC     ; 1      ; FF_X57_Y40_N4       ; High Speed ; dut|wrapper|paddr[23]|clk                       ;
;   4.090 ;   0.000 ; RR ; CELL   ; 1      ; FF_X57_Y40_N4       ; High Speed ; dut|wrapper|paddr[23]                           ;
; 9.680   ; 5.590   ;    ;        ;        ;                     ;            ; data path                                       ;
;   4.307 ;   0.217 ; RR ; uTco   ; 1      ; FF_X57_Y40_N4       ;            ; dut|wrapper|paddr[23]|q                         ;
;   4.436 ;   0.129 ; RR ; CELL   ; 1      ; FF_X57_Y40_N4       ; High Speed ; dut|wrapper|paddr[23]~la_lab/laboutt[2]         ;
;   4.689 ;   0.253 ; RR ; IC     ; 1      ; LABCELL_X57_Y40_N42 ; High Speed ; dut|u_decoder|LessThan_3~3|datab                ;
;   4.932 ;   0.243 ; RF ; CELL   ; 1      ; LABCELL_X57_Y40_N42 ; High Speed ; dut|u_decoder|LessThan_3~3|combout              ;
;   4.936 ;   0.004 ; FF ; CELL   ; 8      ; LABCELL_X57_Y40_N42 ; High Speed ; dut|u_decoder|LessThan_3~3~la_lab/laboutb[8]    ;
;   6.625 ;   1.689 ; FF ; IC     ; 1      ; LABCELL_X37_Y39_N54 ; Mixed      ; dut|u_decoder|LessThan_1~0|datad                ;
;   6.772 ;   0.147 ; FF ; CELL   ; 1      ; LABCELL_X37_Y39_N54 ; High Speed ; dut|u_decoder|LessThan_1~0|combout              ;
;   6.776 ;   0.004 ; FF ; CELL   ; 46     ; LABCELL_X37_Y39_N54 ; High Speed ; dut|u_decoder|LessThan_1~0~la_lab/laboutb[16]   ;
;   7.431 ;   0.655 ; FF ; IC     ; 1      ; LABCELL_X35_Y35_N51 ; Mixed      ; dut|u_decoder|gpio_addr[4]~1|datac              ;
;   7.578 ;   0.147 ; FF ; CELL   ; 2      ; LABCELL_X35_Y35_N51 ; High Speed ; dut|u_decoder|gpio_addr[4]~1|combout            ;
;   7.583 ;   0.005 ; FF ; CELL   ; 37     ; LABCELL_X35_Y35_N51 ; High Speed ; dut|u_decoder|gpio_addr[4]~1~la_lab/laboutb[15] ;
;   8.029 ;   0.446 ; FF ; IC     ; 1      ; LABCELL_X36_Y34_N42 ; Mixed      ; dut|gpio1|reduce_or_32~0|datad                  ;
;   8.181 ;   0.152 ; FR ; CELL   ; 2      ; LABCELL_X36_Y34_N42 ; High Speed ; dut|gpio1|reduce_or_32~0|combout                ;
;   8.185 ;   0.004 ; RR ; CELL   ; 2      ; LABCELL_X36_Y34_N42 ; High Speed ; dut|gpio1|reduce_or_32~0~la_lab/laboutb[8]      ;
;   8.563 ;   0.378 ; RR ; IC     ; 1      ; LABCELL_X37_Y36_N18 ; High Speed ; dut|u_decoder|prdata_valid~5|datac              ;
;   8.715 ;   0.152 ; RF ; CELL   ; 1      ; LABCELL_X37_Y36_N18 ; High Speed ; dut|u_decoder|prdata_valid~5|combout            ;
;   8.719 ;   0.004 ; FF ; CELL   ; 1      ; LABCELL_X37_Y36_N18 ; High Speed ; dut|u_decoder|prdata_valid~5~la_lab/laboutt[12] ;
;   8.879 ;   0.160 ; FF ; IC     ; 1      ; LABCELL_X37_Y36_N54 ; High Speed ; dut|wrapper|axiif.RDATA[1]~0|datad              ;
;   9.023 ;   0.144 ; FR ; CELL   ; 1      ; LABCELL_X37_Y36_N54 ; High Speed ; dut|wrapper|axiif.RDATA[1]~0|combout            ;
;   9.027 ;   0.004 ; RR ; CELL   ; 31     ; LABCELL_X37_Y36_N54 ; High Speed ; dut|wrapper|axiif.RDATA[1]~0~la_lab/laboutb[16] ;
;   9.680 ;   0.653 ; RR ; IC     ; 1      ; FF_X33_Y37_N49      ; Mixed      ; dut|wrapper|axiif.RDATA[27]|ena                 ;
;   9.680 ;   0.000 ; RR ; CELL   ; 1      ; FF_X33_Y37_N49      ; Low Power  ; dut|wrapper|axiif.RDATA[27]                     ;
+---------+---------+----+--------+--------+---------------------+------------+-------------------------------------------------+

+-------------------------------------------------------------------------------------------------------------------------+
; Data Required Path                                                                                                      ;
+----------+---------+----+--------+--------+--------------------+-----------+--------------------------------------------+
; Total    ; Incr    ; RF ; Type   ; Fanout ; Location           ; HS/LP     ; Element                                    ;
+----------+---------+----+--------+--------+--------------------+-----------+--------------------------------------------+
; 10.000   ; 10.000  ;    ;        ;        ;                    ;           ; latch edge time                            ;
; 10.000   ; 0.000   ;    ; borrow ;        ;                    ;           ; time borrowed                              ;
; 13.789   ; 3.789   ;    ;        ;        ;                    ;           ; clock path                                 ;
;   10.000 ;   0.000 ;    ;        ;        ;                    ;           ; source latency                             ;
;   10.000 ;   0.000 ;    ;        ; 1      ; PIN_AA7            ;           ; ACLK                                       ;
;   10.000 ;   0.000 ; RR ; IC     ; 1      ; IOIBUF_X102_Y7_N47 ;           ; ACLK~input|i                               ;
;   10.540 ;   0.540 ; RR ; CELL   ; 1      ; IOIBUF_X102_Y7_N47 ;           ; ACLK~input|o                               ;
;   10.670 ;   0.130 ; RR ; CELL   ; 1      ; IOIBUF_X102_Y7_N47 ;           ; ACLK~input~io_48_lvds_tile_edge/ioclkin[3] ;
;   10.670 ;   0.000 ; RR ; IC     ; 2      ; CLKCTRL_3A_G_I22   ;           ; ACLK~inputCLKENA0|inclk                    ;
;   11.112 ;   0.442 ; RR ; CELL   ; 731    ; CLKCTRL_3A_G_I22   ;           ; ACLK~inputCLKENA0|outclk                   ;
;   13.590 ;   2.478 ; RR ; IC     ; 1      ; FF_X33_Y37_N49     ; Low Power ; dut|wrapper|axiif.RDATA[27]|clk            ;
;   13.590 ;   0.000 ; RR ; CELL   ; 1      ; FF_X33_Y37_N49     ; Low Power ; dut|wrapper|axiif.RDATA[27]                ;
;   13.789 ;   0.199 ;    ;        ;        ;                    ;           ; clock pessimism removed                    ;
; 13.759   ; -0.030  ;    ;        ;        ;                    ;           ; clock uncertainty                          ;
; 13.820   ; 0.061   ;    ; uTsu   ; 1      ; FF_X33_Y37_N49     ;           ; dut|wrapper|axiif.RDATA[27]                ;
+----------+---------+----+--------+--------+--------------------+-----------+--------------------------------------------+



Path #9: Setup slack is 4.140 
===============================================================================
+---------------------------------------------------------------+
; Path Summary                                                  ;
+---------------------------------+-----------------------------+
; Property                        ; Value                       ;
+---------------------------------+-----------------------------+
; From Node                       ; dut|wrapper|paddr[23]       ;
; To Node                         ; dut|wrapper|axiif.RDATA[26] ;
; Launch Clock                    ; clk                         ;
; Latch Clock                     ; clk                         ;
; SDC Exception                   ; No SDC Exception on Path    ;
; Data Arrival Time               ; 9.680                       ;
; Data Required Time              ; 13.820                      ;
; Slack                           ; 4.140                       ;
; Worst-Case Operating Conditions ; Slow 900mV 100C Model       ;
+---------------------------------+-----------------------------+

+------------------------------------------------------------------------------------+
; Statistics                                                                         ;
+------------------------+--------+-------+-------------+------------+-------+-------+
; Property               ; Value  ; Count ; Total Delay ; % of Total ; Min   ; Max   ;
+------------------------+--------+-------+-------------+------------+-------+-------+
; Setup Relationship     ; 10.000 ;       ;             ;            ;       ;       ;
; Clock Skew             ; -0.301 ;       ;             ;            ;       ;       ;
; Data Delay             ; 5.590  ;       ;             ;            ;       ;       ;
; Number of Logic Levels ;        ; 6     ;             ;            ;       ;       ;
; Physical Delays        ;        ;       ;             ;            ;       ;       ;
;  Arrival Path          ;        ;       ;             ;            ;       ;       ;
;   Clock                ;        ;       ;             ;            ;       ;       ;
;    IC                  ;        ; 3     ; 2.867       ; 70         ; 0.000 ; 2.867 ;
;    Cell                ;        ; 4     ; 1.223       ; 30         ; 0.000 ; 0.540 ;
;   Data                 ;        ;       ;             ;            ;       ;       ;
;    IC                  ;        ; 7     ; 4.234       ; 76         ; 0.160 ; 1.689 ;
;    Cell                ;        ; 14    ; 1.139       ; 20         ; 0.000 ; 0.243 ;
;    uTco                ;        ; 1     ; 0.217       ; 4          ; 0.217 ; 0.217 ;
;  Required Path         ;        ;       ;             ;            ;       ;       ;
;   Clock                ;        ;       ;             ;            ;       ;       ;
;    IC                  ;        ; 3     ; 2.478       ; 69         ; 0.000 ; 2.478 ;
;    Cell                ;        ; 4     ; 1.112       ; 31         ; 0.000 ; 0.540 ;
+------------------------+--------+-------+-------------+------------+-------+-------+
Note: Negative delays are omitted from totals when calculating percentages

+-------------------------------------------------------------------------------------------------------------------------------+
; Data Arrival Path                                                                                                             ;
+---------+---------+----+--------+--------+---------------------+------------+-------------------------------------------------+
; Total   ; Incr    ; RF ; Type   ; Fanout ; Location            ; HS/LP      ; Element                                         ;
+---------+---------+----+--------+--------+---------------------+------------+-------------------------------------------------+
; 0.000   ; 0.000   ;    ;        ;        ;                     ;            ; launch edge time                                ;
; 0.000   ; 0.000   ;    ; borrow ;        ;                     ;            ; time borrowed                                   ;
; 4.090   ; 4.090   ;    ;        ;        ;                     ;            ; clock path                                      ;
;   0.000 ;   0.000 ;    ;        ;        ;                     ;            ; source latency                                  ;
;   0.000 ;   0.000 ;    ;        ; 1      ; PIN_AA7             ;            ; ACLK                                            ;
;   0.000 ;   0.000 ; RR ; IC     ; 1      ; IOIBUF_X102_Y7_N47  ;            ; ACLK~input|i                                    ;
;   0.540 ;   0.540 ; RR ; CELL   ; 1      ; IOIBUF_X102_Y7_N47  ;            ; ACLK~input|o                                    ;
;   0.701 ;   0.161 ; RR ; CELL   ; 1      ; IOIBUF_X102_Y7_N47  ;            ; ACLK~input~io_48_lvds_tile_edge/ioclkin[3]      ;
;   0.701 ;   0.000 ; RR ; IC     ; 2      ; CLKCTRL_3A_G_I22    ;            ; ACLK~inputCLKENA0|inclk                         ;
;   1.223 ;   0.522 ; RR ; CELL   ; 731    ; CLKCTRL_3A_G_I22    ;            ; ACLK~inputCLKENA0|outclk                        ;
;   4.090 ;   2.867 ; RR ; IC     ; 1      ; FF_X57_Y40_N4       ; High Speed ; dut|wrapper|paddr[23]|clk                       ;
;   4.090 ;   0.000 ; RR ; CELL   ; 1      ; FF_X57_Y40_N4       ; High Speed ; dut|wrapper|paddr[23]                           ;
; 9.680   ; 5.590   ;    ;        ;        ;                     ;            ; data path                                       ;
;   4.307 ;   0.217 ; RR ; uTco   ; 1      ; FF_X57_Y40_N4       ;            ; dut|wrapper|paddr[23]|q                         ;
;   4.436 ;   0.129 ; RR ; CELL   ; 1      ; FF_X57_Y40_N4       ; High Speed ; dut|wrapper|paddr[23]~la_lab/laboutt[2]         ;
;   4.689 ;   0.253 ; RR ; IC     ; 1      ; LABCELL_X57_Y40_N42 ; High Speed ; dut|u_decoder|LessThan_3~3|datab                ;
;   4.932 ;   0.243 ; RF ; CELL   ; 1      ; LABCELL_X57_Y40_N42 ; High Speed ; dut|u_decoder|LessThan_3~3|combout              ;
;   4.936 ;   0.004 ; FF ; CELL   ; 8      ; LABCELL_X57_Y40_N42 ; High Speed ; dut|u_decoder|LessThan_3~3~la_lab/laboutb[8]    ;
;   6.625 ;   1.689 ; FF ; IC     ; 1      ; LABCELL_X37_Y39_N54 ; Mixed      ; dut|u_decoder|LessThan_1~0|datad                ;
;   6.772 ;   0.147 ; FF ; CELL   ; 1      ; LABCELL_X37_Y39_N54 ; High Speed ; dut|u_decoder|LessThan_1~0|combout              ;
;   6.776 ;   0.004 ; FF ; CELL   ; 46     ; LABCELL_X37_Y39_N54 ; High Speed ; dut|u_decoder|LessThan_1~0~la_lab/laboutb[16]   ;
;   7.431 ;   0.655 ; FF ; IC     ; 1      ; LABCELL_X35_Y35_N51 ; Mixed      ; dut|u_decoder|gpio_addr[4]~1|datac              ;
;   7.578 ;   0.147 ; FF ; CELL   ; 2      ; LABCELL_X35_Y35_N51 ; High Speed ; dut|u_decoder|gpio_addr[4]~1|combout            ;
;   7.583 ;   0.005 ; FF ; CELL   ; 37     ; LABCELL_X35_Y35_N51 ; High Speed ; dut|u_decoder|gpio_addr[4]~1~la_lab/laboutb[15] ;
;   8.029 ;   0.446 ; FF ; IC     ; 1      ; LABCELL_X36_Y34_N42 ; Mixed      ; dut|gpio1|reduce_or_32~0|datad                  ;
;   8.181 ;   0.152 ; FR ; CELL   ; 2      ; LABCELL_X36_Y34_N42 ; High Speed ; dut|gpio1|reduce_or_32~0|combout                ;
;   8.185 ;   0.004 ; RR ; CELL   ; 2      ; LABCELL_X36_Y34_N42 ; High Speed ; dut|gpio1|reduce_or_32~0~la_lab/laboutb[8]      ;
;   8.563 ;   0.378 ; RR ; IC     ; 1      ; LABCELL_X37_Y36_N18 ; High Speed ; dut|u_decoder|prdata_valid~5|datac              ;
;   8.715 ;   0.152 ; RF ; CELL   ; 1      ; LABCELL_X37_Y36_N18 ; High Speed ; dut|u_decoder|prdata_valid~5|combout            ;
;   8.719 ;   0.004 ; FF ; CELL   ; 1      ; LABCELL_X37_Y36_N18 ; High Speed ; dut|u_decoder|prdata_valid~5~la_lab/laboutt[12] ;
;   8.879 ;   0.160 ; FF ; IC     ; 1      ; LABCELL_X37_Y36_N54 ; High Speed ; dut|wrapper|axiif.RDATA[1]~0|datad              ;
;   9.023 ;   0.144 ; FR ; CELL   ; 1      ; LABCELL_X37_Y36_N54 ; High Speed ; dut|wrapper|axiif.RDATA[1]~0|combout            ;
;   9.027 ;   0.004 ; RR ; CELL   ; 31     ; LABCELL_X37_Y36_N54 ; High Speed ; dut|wrapper|axiif.RDATA[1]~0~la_lab/laboutb[16] ;
;   9.680 ;   0.653 ; RR ; IC     ; 1      ; FF_X33_Y37_N19      ; Mixed      ; dut|wrapper|axiif.RDATA[26]|ena                 ;
;   9.680 ;   0.000 ; RR ; CELL   ; 1      ; FF_X33_Y37_N19      ; Low Power  ; dut|wrapper|axiif.RDATA[26]                     ;
+---------+---------+----+--------+--------+---------------------+------------+-------------------------------------------------+

+-------------------------------------------------------------------------------------------------------------------------+
; Data Required Path                                                                                                      ;
+----------+---------+----+--------+--------+--------------------+-----------+--------------------------------------------+
; Total    ; Incr    ; RF ; Type   ; Fanout ; Location           ; HS/LP     ; Element                                    ;
+----------+---------+----+--------+--------+--------------------+-----------+--------------------------------------------+
; 10.000   ; 10.000  ;    ;        ;        ;                    ;           ; latch edge time                            ;
; 10.000   ; 0.000   ;    ; borrow ;        ;                    ;           ; time borrowed                              ;
; 13.789   ; 3.789   ;    ;        ;        ;                    ;           ; clock path                                 ;
;   10.000 ;   0.000 ;    ;        ;        ;                    ;           ; source latency                             ;
;   10.000 ;   0.000 ;    ;        ; 1      ; PIN_AA7            ;           ; ACLK                                       ;
;   10.000 ;   0.000 ; RR ; IC     ; 1      ; IOIBUF_X102_Y7_N47 ;           ; ACLK~input|i                               ;
;   10.540 ;   0.540 ; RR ; CELL   ; 1      ; IOIBUF_X102_Y7_N47 ;           ; ACLK~input|o                               ;
;   10.670 ;   0.130 ; RR ; CELL   ; 1      ; IOIBUF_X102_Y7_N47 ;           ; ACLK~input~io_48_lvds_tile_edge/ioclkin[3] ;
;   10.670 ;   0.000 ; RR ; IC     ; 2      ; CLKCTRL_3A_G_I22   ;           ; ACLK~inputCLKENA0|inclk                    ;
;   11.112 ;   0.442 ; RR ; CELL   ; 731    ; CLKCTRL_3A_G_I22   ;           ; ACLK~inputCLKENA0|outclk                   ;
;   13.590 ;   2.478 ; RR ; IC     ; 1      ; FF_X33_Y37_N19     ; Low Power ; dut|wrapper|axiif.RDATA[26]|clk            ;
;   13.590 ;   0.000 ; RR ; CELL   ; 1      ; FF_X33_Y37_N19     ; Low Power ; dut|wrapper|axiif.RDATA[26]                ;
;   13.789 ;   0.199 ;    ;        ;        ;                    ;           ; clock pessimism removed                    ;
; 13.759   ; -0.030  ;    ;        ;        ;                    ;           ; clock uncertainty                          ;
; 13.820   ; 0.061   ;    ; uTsu   ; 1      ; FF_X33_Y37_N19     ;           ; dut|wrapper|axiif.RDATA[26]                ;
+----------+---------+----+--------+--------+--------------------+-----------+--------------------------------------------+



Path #10: Setup slack is 4.140 
===============================================================================
+---------------------------------------------------------------+
; Path Summary                                                  ;
+---------------------------------+-----------------------------+
; Property                        ; Value                       ;
+---------------------------------+-----------------------------+
; From Node                       ; dut|wrapper|paddr[23]       ;
; To Node                         ; dut|wrapper|axiif.RDATA[24] ;
; Launch Clock                    ; clk                         ;
; Latch Clock                     ; clk                         ;
; SDC Exception                   ; No SDC Exception on Path    ;
; Data Arrival Time               ; 9.680                       ;
; Data Required Time              ; 13.820                      ;
; Slack                           ; 4.140                       ;
; Worst-Case Operating Conditions ; Slow 900mV 100C Model       ;
+---------------------------------+-----------------------------+

+------------------------------------------------------------------------------------+
; Statistics                                                                         ;
+------------------------+--------+-------+-------------+------------+-------+-------+
; Property               ; Value  ; Count ; Total Delay ; % of Total ; Min   ; Max   ;
+------------------------+--------+-------+-------------+------------+-------+-------+
; Setup Relationship     ; 10.000 ;       ;             ;            ;       ;       ;
; Clock Skew             ; -0.301 ;       ;             ;            ;       ;       ;
; Data Delay             ; 5.590  ;       ;             ;            ;       ;       ;
; Number of Logic Levels ;        ; 6     ;             ;            ;       ;       ;
; Physical Delays        ;        ;       ;             ;            ;       ;       ;
;  Arrival Path          ;        ;       ;             ;            ;       ;       ;
;   Clock                ;        ;       ;             ;            ;       ;       ;
;    IC                  ;        ; 3     ; 2.867       ; 70         ; 0.000 ; 2.867 ;
;    Cell                ;        ; 4     ; 1.223       ; 30         ; 0.000 ; 0.540 ;
;   Data                 ;        ;       ;             ;            ;       ;       ;
;    IC                  ;        ; 7     ; 4.234       ; 76         ; 0.160 ; 1.689 ;
;    Cell                ;        ; 14    ; 1.139       ; 20         ; 0.000 ; 0.243 ;
;    uTco                ;        ; 1     ; 0.217       ; 4          ; 0.217 ; 0.217 ;
;  Required Path         ;        ;       ;             ;            ;       ;       ;
;   Clock                ;        ;       ;             ;            ;       ;       ;
;    IC                  ;        ; 3     ; 2.478       ; 69         ; 0.000 ; 2.478 ;
;    Cell                ;        ; 4     ; 1.112       ; 31         ; 0.000 ; 0.540 ;
+------------------------+--------+-------+-------------+------------+-------+-------+
Note: Negative delays are omitted from totals when calculating percentages

+-------------------------------------------------------------------------------------------------------------------------------+
; Data Arrival Path                                                                                                             ;
+---------+---------+----+--------+--------+---------------------+------------+-------------------------------------------------+
; Total   ; Incr    ; RF ; Type   ; Fanout ; Location            ; HS/LP      ; Element                                         ;
+---------+---------+----+--------+--------+---------------------+------------+-------------------------------------------------+
; 0.000   ; 0.000   ;    ;        ;        ;                     ;            ; launch edge time                                ;
; 0.000   ; 0.000   ;    ; borrow ;        ;                     ;            ; time borrowed                                   ;
; 4.090   ; 4.090   ;    ;        ;        ;                     ;            ; clock path                                      ;
;   0.000 ;   0.000 ;    ;        ;        ;                     ;            ; source latency                                  ;
;   0.000 ;   0.000 ;    ;        ; 1      ; PIN_AA7             ;            ; ACLK                                            ;
;   0.000 ;   0.000 ; RR ; IC     ; 1      ; IOIBUF_X102_Y7_N47  ;            ; ACLK~input|i                                    ;
;   0.540 ;   0.540 ; RR ; CELL   ; 1      ; IOIBUF_X102_Y7_N47  ;            ; ACLK~input|o                                    ;
;   0.701 ;   0.161 ; RR ; CELL   ; 1      ; IOIBUF_X102_Y7_N47  ;            ; ACLK~input~io_48_lvds_tile_edge/ioclkin[3]      ;
;   0.701 ;   0.000 ; RR ; IC     ; 2      ; CLKCTRL_3A_G_I22    ;            ; ACLK~inputCLKENA0|inclk                         ;
;   1.223 ;   0.522 ; RR ; CELL   ; 731    ; CLKCTRL_3A_G_I22    ;            ; ACLK~inputCLKENA0|outclk                        ;
;   4.090 ;   2.867 ; RR ; IC     ; 1      ; FF_X57_Y40_N4       ; High Speed ; dut|wrapper|paddr[23]|clk                       ;
;   4.090 ;   0.000 ; RR ; CELL   ; 1      ; FF_X57_Y40_N4       ; High Speed ; dut|wrapper|paddr[23]                           ;
; 9.680   ; 5.590   ;    ;        ;        ;                     ;            ; data path                                       ;
;   4.307 ;   0.217 ; RR ; uTco   ; 1      ; FF_X57_Y40_N4       ;            ; dut|wrapper|paddr[23]|q                         ;
;   4.436 ;   0.129 ; RR ; CELL   ; 1      ; FF_X57_Y40_N4       ; High Speed ; dut|wrapper|paddr[23]~la_lab/laboutt[2]         ;
;   4.689 ;   0.253 ; RR ; IC     ; 1      ; LABCELL_X57_Y40_N42 ; High Speed ; dut|u_decoder|LessThan_3~3|datab                ;
;   4.932 ;   0.243 ; RF ; CELL   ; 1      ; LABCELL_X57_Y40_N42 ; High Speed ; dut|u_decoder|LessThan_3~3|combout              ;
;   4.936 ;   0.004 ; FF ; CELL   ; 8      ; LABCELL_X57_Y40_N42 ; High Speed ; dut|u_decoder|LessThan_3~3~la_lab/laboutb[8]    ;
;   6.625 ;   1.689 ; FF ; IC     ; 1      ; LABCELL_X37_Y39_N54 ; Mixed      ; dut|u_decoder|LessThan_1~0|datad                ;
;   6.772 ;   0.147 ; FF ; CELL   ; 1      ; LABCELL_X37_Y39_N54 ; High Speed ; dut|u_decoder|LessThan_1~0|combout              ;
;   6.776 ;   0.004 ; FF ; CELL   ; 46     ; LABCELL_X37_Y39_N54 ; High Speed ; dut|u_decoder|LessThan_1~0~la_lab/laboutb[16]   ;
;   7.431 ;   0.655 ; FF ; IC     ; 1      ; LABCELL_X35_Y35_N51 ; Mixed      ; dut|u_decoder|gpio_addr[4]~1|datac              ;
;   7.578 ;   0.147 ; FF ; CELL   ; 2      ; LABCELL_X35_Y35_N51 ; High Speed ; dut|u_decoder|gpio_addr[4]~1|combout            ;
;   7.583 ;   0.005 ; FF ; CELL   ; 37     ; LABCELL_X35_Y35_N51 ; High Speed ; dut|u_decoder|gpio_addr[4]~1~la_lab/laboutb[15] ;
;   8.029 ;   0.446 ; FF ; IC     ; 1      ; LABCELL_X36_Y34_N42 ; Mixed      ; dut|gpio1|reduce_or_32~0|datad                  ;
;   8.181 ;   0.152 ; FR ; CELL   ; 2      ; LABCELL_X36_Y34_N42 ; High Speed ; dut|gpio1|reduce_or_32~0|combout                ;
;   8.185 ;   0.004 ; RR ; CELL   ; 2      ; LABCELL_X36_Y34_N42 ; High Speed ; dut|gpio1|reduce_or_32~0~la_lab/laboutb[8]      ;
;   8.563 ;   0.378 ; RR ; IC     ; 1      ; LABCELL_X37_Y36_N18 ; High Speed ; dut|u_decoder|prdata_valid~5|datac              ;
;   8.715 ;   0.152 ; RF ; CELL   ; 1      ; LABCELL_X37_Y36_N18 ; High Speed ; dut|u_decoder|prdata_valid~5|combout            ;
;   8.719 ;   0.004 ; FF ; CELL   ; 1      ; LABCELL_X37_Y36_N18 ; High Speed ; dut|u_decoder|prdata_valid~5~la_lab/laboutt[12] ;
;   8.879 ;   0.160 ; FF ; IC     ; 1      ; LABCELL_X37_Y36_N54 ; High Speed ; dut|wrapper|axiif.RDATA[1]~0|datad              ;
;   9.023 ;   0.144 ; FR ; CELL   ; 1      ; LABCELL_X37_Y36_N54 ; High Speed ; dut|wrapper|axiif.RDATA[1]~0|combout            ;
;   9.027 ;   0.004 ; RR ; CELL   ; 31     ; LABCELL_X37_Y36_N54 ; High Speed ; dut|wrapper|axiif.RDATA[1]~0~la_lab/laboutb[16] ;
;   9.680 ;   0.653 ; RR ; IC     ; 1      ; FF_X33_Y37_N37      ; Mixed      ; dut|wrapper|axiif.RDATA[24]|ena                 ;
;   9.680 ;   0.000 ; RR ; CELL   ; 1      ; FF_X33_Y37_N37      ; Low Power  ; dut|wrapper|axiif.RDATA[24]                     ;
+---------+---------+----+--------+--------+---------------------+------------+-------------------------------------------------+

+-------------------------------------------------------------------------------------------------------------------------+
; Data Required Path                                                                                                      ;
+----------+---------+----+--------+--------+--------------------+-----------+--------------------------------------------+
; Total    ; Incr    ; RF ; Type   ; Fanout ; Location           ; HS/LP     ; Element                                    ;
+----------+---------+----+--------+--------+--------------------+-----------+--------------------------------------------+
; 10.000   ; 10.000  ;    ;        ;        ;                    ;           ; latch edge time                            ;
; 10.000   ; 0.000   ;    ; borrow ;        ;                    ;           ; time borrowed                              ;
; 13.789   ; 3.789   ;    ;        ;        ;                    ;           ; clock path                                 ;
;   10.000 ;   0.000 ;    ;        ;        ;                    ;           ; source latency                             ;
;   10.000 ;   0.000 ;    ;        ; 1      ; PIN_AA7            ;           ; ACLK                                       ;
;   10.000 ;   0.000 ; RR ; IC     ; 1      ; IOIBUF_X102_Y7_N47 ;           ; ACLK~input|i                               ;
;   10.540 ;   0.540 ; RR ; CELL   ; 1      ; IOIBUF_X102_Y7_N47 ;           ; ACLK~input|o                               ;
;   10.670 ;   0.130 ; RR ; CELL   ; 1      ; IOIBUF_X102_Y7_N47 ;           ; ACLK~input~io_48_lvds_tile_edge/ioclkin[3] ;
;   10.670 ;   0.000 ; RR ; IC     ; 2      ; CLKCTRL_3A_G_I22   ;           ; ACLK~inputCLKENA0|inclk                    ;
;   11.112 ;   0.442 ; RR ; CELL   ; 731    ; CLKCTRL_3A_G_I22   ;           ; ACLK~inputCLKENA0|outclk                   ;
;   13.590 ;   2.478 ; RR ; IC     ; 1      ; FF_X33_Y37_N37     ; Low Power ; dut|wrapper|axiif.RDATA[24]|clk            ;
;   13.590 ;   0.000 ; RR ; CELL   ; 1      ; FF_X33_Y37_N37     ; Low Power ; dut|wrapper|axiif.RDATA[24]                ;
;   13.789 ;   0.199 ;    ;        ;        ;                    ;           ; clock pessimism removed                    ;
; 13.759   ; -0.030  ;    ;        ;        ;                    ;           ; clock uncertainty                          ;
; 13.820   ; 0.061   ;    ; uTsu   ; 1      ; FF_X33_Y37_N37     ;           ; dut|wrapper|axiif.RDATA[24]                ;
+----------+---------+----+--------+--------+--------------------+-----------+--------------------------------------------+



----------------
; Command Info ;
----------------
Report Timing: Found 10 hold paths (0 violated).  Worst case slack is 0.019 

Tcl Command:
    report_timing -hold -panel_name {Worst-Case Timing Paths||Hold||clk} -to_clock [get_clocks {clk}] -npaths 10 -detail full_path

Options:
    -to_clock [get_clocks {clk}] 
    -hold 
    -npaths 10 
    -detail full_path 
    -panel_name {clk} 

Snapshot:
    final

Delay Models:
    Slow 900mV 100C Model
    Slow 900mV -40C Model
    Fast 900mV 100C Model
    Fast 900mV -40C Model


+-------------------------------------------------------------------------------------------------------------------------------------------------------------------------------+
; Summary of Paths                                                                                                                                                              ;
+-------+-------------------------------+-------------------------------+--------------+-------------+--------------+------------+------------+---------------------------------+
; Slack ; From Node                     ; To Node                       ; Launch Clock ; Latch Clock ; Relationship ; Clock Skew ; Data Delay ; Worst-Case Operating Conditions ;
+-------+-------------------------------+-------------------------------+--------------+-------------+--------------+------------+------------+---------------------------------+
; 0.019 ; dut|wrapper|psel              ; dut|wrapper|psel              ; clk          ; clk         ; 0.000        ; 0.000      ; 0.253      ; Fast 900mV -40C Model           ;
; 0.019 ; dut|wrapper|write_state.w_req ; dut|wrapper|write_state.w_req ; clk          ; clk         ; 0.000        ; 0.001      ; 0.251      ; Fast 900mV -40C Model           ;
; 0.019 ; dut|wrapper|axiif.WREADY      ; dut|wrapper|axiif.WREADY      ; clk          ; clk         ; 0.000        ; 0.001      ; 0.250      ; Fast 900mV -40C Model           ;
; 0.020 ; dut|wrapper|axiif.RVALID      ; dut|wrapper|axiif.RVALID      ; clk          ; clk         ; 0.000        ; 0.000      ; 0.251      ; Fast 900mV -40C Model           ;
; 0.020 ; dut|wrapper|write_state.w_res ; dut|wrapper|write_state.w_res ; clk          ; clk         ; 0.000        ; 0.001      ; 0.250      ; Fast 900mV -40C Model           ;
; 0.020 ; dut|wrapper|axiif.AWREADY     ; dut|wrapper|axiif.AWREADY     ; clk          ; clk         ; 0.000        ; 0.001      ; 0.250      ; Fast 900mV -40C Model           ;
; 0.021 ; dut|wrapper|axiif.ARREADY     ; dut|wrapper|axiif.ARREADY     ; clk          ; clk         ; 0.000        ; 0.001      ; 0.248      ; Fast 900mV -40C Model           ;
; 0.021 ; dut|wrapper|axiif.BVALID      ; dut|wrapper|axiif.BVALID      ; clk          ; clk         ; 0.000        ; 0.001      ; 0.253      ; Fast 900mV -40C Model           ;
; 0.022 ; dut|timer1|reg_status[0]      ; dut|timer1|reg_status[0]      ; clk          ; clk         ; 0.000        ; -0.001     ; 0.256      ; Fast 900mV -40C Model           ;
; 0.032 ; dut|fifo1|wptr[0]             ; dut|fifo1|wptr[0]             ; clk          ; clk         ; 0.000        ; 0.001      ; 0.271      ; Fast 900mV -40C Model           ;
+-------+-------------------------------+-------------------------------+--------------+-------------+--------------+------------+------------+---------------------------------+


Path #1: Hold slack is 0.019 
===============================================================================
+------------------------------------------------------------+
; Path Summary                                               ;
+---------------------------------+--------------------------+
; Property                        ; Value                    ;
+---------------------------------+--------------------------+
; From Node                       ; dut|wrapper|psel         ;
; To Node                         ; dut|wrapper|psel         ;
; Launch Clock                    ; clk                      ;
; Latch Clock                     ; clk                      ;
; SDC Exception                   ; No SDC Exception on Path ;
; Data Arrival Time               ; 2.239                    ;
; Data Required Time              ; 2.220                    ;
; Slack                           ; 0.019                    ;
; Worst-Case Operating Conditions ; Fast 900mV -40C Model    ;
+---------------------------------+--------------------------+

+-----------------------------------------------------------------------------------+
; Statistics                                                                        ;
+------------------------+-------+-------+-------------+------------+-------+-------+
; Property               ; Value ; Count ; Total Delay ; % of Total ; Min   ; Max   ;
+------------------------+-------+-------+-------------+------------+-------+-------+
; Hold Relationship      ; 0.000 ;       ;             ;            ;       ;       ;
; Clock Skew             ; 0.000 ;       ;             ;            ;       ;       ;
; Data Delay             ; 0.253 ;       ;             ;            ;       ;       ;
; Number of Logic Levels ;       ; 1     ;             ;            ;       ;       ;
; Physical Delays        ;       ;       ;             ;            ;       ;       ;
;  Arrival Path          ;       ;       ;             ;            ;       ;       ;
;   Clock                ;       ;       ;             ;            ;       ;       ;
;    IC                  ;       ; 3     ; 1.432       ; 72         ; 0.000 ; 1.432 ;
;    Cell                ;       ; 4     ; 0.554       ; 28         ; 0.000 ; 0.263 ;
;   Data                 ;       ;       ;             ;            ;       ;       ;
;    Cell                ;       ; 4     ; 0.153       ; 60         ; 0.000 ; 0.153 ;
;    uTco                ;       ; 1     ; 0.100       ; 40         ; 0.100 ; 0.100 ;
;  Required Path         ;       ;       ;             ;            ;       ;       ;
;   Clock                ;       ;       ;             ;            ;       ;       ;
;    IC                  ;       ; 3     ; 1.547       ; 72         ; 0.000 ; 1.547 ;
;    Cell                ;       ; 4     ; 0.614       ; 28         ; 0.000 ; 0.278 ;
+------------------------+-------+-------+-------------+------------+-------+-------+
Note: Negative delays are omitted from totals when calculating percentages

+--------------------------------------------------------------------------------------------------------------------------+
; Data Arrival Path                                                                                                        ;
+---------+---------+----+--------+--------+---------------------+------------+--------------------------------------------+
; Total   ; Incr    ; RF ; Type   ; Fanout ; Location            ; HS/LP      ; Element                                    ;
+---------+---------+----+--------+--------+---------------------+------------+--------------------------------------------+
; 0.000   ; 0.000   ;    ;        ;        ;                     ;            ; launch edge time                           ;
; 0.000   ; 0.000   ;    ; borrow ;        ;                     ;            ; time borrowed                              ;
; 1.986   ; 1.986   ;    ;        ;        ;                     ;            ; clock path                                 ;
;   0.000 ;   0.000 ;    ;        ;        ;                     ;            ; source latency                             ;
;   0.000 ;   0.000 ;    ;        ; 1      ; PIN_AA7             ;            ; ACLK                                       ;
;   0.000 ;   0.000 ; RR ; IC     ; 1      ; IOIBUF_X102_Y7_N47  ;            ; ACLK~input|i                               ;
;   0.263 ;   0.263 ; RR ; CELL   ; 1      ; IOIBUF_X102_Y7_N47  ;            ; ACLK~input|o                               ;
;   0.325 ;   0.062 ; RR ; CELL   ; 1      ; IOIBUF_X102_Y7_N47  ;            ; ACLK~input~io_48_lvds_tile_edge/ioclkin[3] ;
;   0.325 ;   0.000 ; RR ; IC     ; 2      ; CLKCTRL_3A_G_I22    ;            ; ACLK~inputCLKENA0|inclk                    ;
;   0.554 ;   0.229 ; RR ; CELL   ; 731    ; CLKCTRL_3A_G_I22    ;            ; ACLK~inputCLKENA0|outclk                   ;
;   1.986 ;   1.432 ; RR ; IC     ; 1      ; FF_X37_Y36_N37      ; High Speed ; dut|wrapper|psel|clk                       ;
;   1.986 ;   0.000 ; RR ; CELL   ; 1      ; FF_X37_Y36_N37      ; High Speed ; dut|wrapper|psel                           ;
; 2.239   ; 0.253   ;    ;        ;        ;                     ;            ; data path                                  ;
;   2.086 ;   0.100 ; FF ; uTco   ; 2      ; FF_X37_Y36_N37      ;            ; dut|wrapper|psel|q                         ;
;   2.086 ;   0.000 ; FF ; CELL   ; 1      ; LABCELL_X37_Y36_N36 ; High Speed ; dut|wrapper|i328~0|datae                   ;
;   2.239 ;   0.153 ; FF ; CELL   ; 1      ; LABCELL_X37_Y36_N36 ; High Speed ; dut|wrapper|i328~0|combout                 ;
;   2.239 ;   0.000 ; FF ; CELL   ; 1      ; FF_X37_Y36_N37      ; High Speed ; dut|wrapper|psel|d                         ;
;   2.239 ;   0.000 ; FF ; CELL   ; 1      ; FF_X37_Y36_N37      ; High Speed ; dut|wrapper|psel                           ;
+---------+---------+----+--------+--------+---------------------+------------+--------------------------------------------+

+--------------------------------------------------------------------------------------------------------------------------+
; Data Required Path                                                                                                       ;
+---------+----------+----+--------+--------+--------------------+------------+--------------------------------------------+
; Total   ; Incr     ; RF ; Type   ; Fanout ; Location           ; HS/LP      ; Element                                    ;
+---------+----------+----+--------+--------+--------------------+------------+--------------------------------------------+
; 0.000   ; 0.000    ;    ;        ;        ;                    ;            ; latch edge time                            ;
; 0.000   ; 0.000    ;    ; borrow ;        ;                    ;            ; time borrowed                              ;
; 1.986   ; 1.986    ;    ;        ;        ;                    ;            ; clock path                                 ;
;   0.000 ;   0.000  ;    ;        ;        ;                    ;            ; source latency                             ;
;   0.000 ;   0.000  ;    ;        ; 1      ; PIN_AA7            ;            ; ACLK                                       ;
;   0.000 ;   0.000  ; RR ; IC     ; 1      ; IOIBUF_X102_Y7_N47 ;            ; ACLK~input|i                               ;
;   0.263 ;   0.263  ; RR ; CELL   ; 1      ; IOIBUF_X102_Y7_N47 ;            ; ACLK~input|o                               ;
;   0.336 ;   0.073  ; RR ; CELL   ; 1      ; IOIBUF_X102_Y7_N47 ;            ; ACLK~input~io_48_lvds_tile_edge/ioclkin[3] ;
;   0.336 ;   0.000  ; RR ; IC     ; 2      ; CLKCTRL_3A_G_I22   ;            ; ACLK~inputCLKENA0|inclk                    ;
;   0.614 ;   0.278  ; RR ; CELL   ; 731    ; CLKCTRL_3A_G_I22   ;            ; ACLK~inputCLKENA0|outclk                   ;
;   2.161 ;   1.547  ; RR ; IC     ; 1      ; FF_X37_Y36_N37     ; High Speed ; dut|wrapper|psel|clk                       ;
;   2.161 ;   0.000  ; RR ; CELL   ; 1      ; FF_X37_Y36_N37     ; High Speed ; dut|wrapper|psel                           ;
;   1.986 ;   -0.175 ;    ;        ;        ;                    ;            ; clock pessimism removed                    ;
; 1.986   ; 0.000    ;    ;        ;        ;                    ;            ; clock uncertainty                          ;
; 2.220   ; 0.234    ;    ; uTh    ; 1      ; FF_X37_Y36_N37     ;            ; dut|wrapper|psel                           ;
+---------+----------+----+--------+--------+--------------------+------------+--------------------------------------------+



Path #2: Hold slack is 0.019 
===============================================================================
+-----------------------------------------------------------------+
; Path Summary                                                    ;
+---------------------------------+-------------------------------+
; Property                        ; Value                         ;
+---------------------------------+-------------------------------+
; From Node                       ; dut|wrapper|write_state.w_req ;
; To Node                         ; dut|wrapper|write_state.w_req ;
; Launch Clock                    ; clk                           ;
; Latch Clock                     ; clk                           ;
; SDC Exception                   ; No SDC Exception on Path      ;
; Data Arrival Time               ; 2.233                         ;
; Data Required Time              ; 2.214                         ;
; Slack                           ; 0.019                         ;
; Worst-Case Operating Conditions ; Fast 900mV -40C Model         ;
+---------------------------------+-------------------------------+

+-----------------------------------------------------------------------------------+
; Statistics                                                                        ;
+------------------------+-------+-------+-------------+------------+-------+-------+
; Property               ; Value ; Count ; Total Delay ; % of Total ; Min   ; Max   ;
+------------------------+-------+-------+-------------+------------+-------+-------+
; Hold Relationship      ; 0.000 ;       ;             ;            ;       ;       ;
; Clock Skew             ; 0.001 ;       ;             ;            ;       ;       ;
; Data Delay             ; 0.251 ;       ;             ;            ;       ;       ;
; Number of Logic Levels ;       ; 1     ;             ;            ;       ;       ;
; Physical Delays        ;       ;       ;             ;            ;       ;       ;
;  Arrival Path          ;       ;       ;             ;            ;       ;       ;
;   Clock                ;       ;       ;             ;            ;       ;       ;
;    IC                  ;       ; 3     ; 1.428       ; 72         ; 0.000 ; 1.428 ;
;    Cell                ;       ; 4     ; 0.554       ; 28         ; 0.000 ; 0.263 ;
;   Data                 ;       ;       ;             ;            ;       ;       ;
;    Cell                ;       ; 4     ; 0.153       ; 61         ; 0.000 ; 0.153 ;
;    uTco                ;       ; 1     ; 0.098       ; 39         ; 0.098 ; 0.098 ;
;  Required Path         ;       ;       ;             ;            ;       ;       ;
;   Clock                ;       ;       ;             ;            ;       ;       ;
;    IC                  ;       ; 3     ; 1.543       ; 72         ; 0.000 ; 1.543 ;
;    Cell                ;       ; 4     ; 0.614       ; 28         ; 0.000 ; 0.278 ;
+------------------------+-------+-------+-------------+------------+-------+-------+
Note: Negative delays are omitted from totals when calculating percentages

+-------------------------------------------------------------------------------------------------------------------------+
; Data Arrival Path                                                                                                       ;
+---------+---------+----+--------+--------+--------------------+------------+--------------------------------------------+
; Total   ; Incr    ; RF ; Type   ; Fanout ; Location           ; HS/LP      ; Element                                    ;
+---------+---------+----+--------+--------+--------------------+------------+--------------------------------------------+
; 0.000   ; 0.000   ;    ;        ;        ;                    ;            ; launch edge time                           ;
; 0.000   ; 0.000   ;    ; borrow ;        ;                    ;            ; time borrowed                              ;
; 1.982   ; 1.982   ;    ;        ;        ;                    ;            ; clock path                                 ;
;   0.000 ;   0.000 ;    ;        ;        ;                    ;            ; source latency                             ;
;   0.000 ;   0.000 ;    ;        ; 1      ; PIN_AA7            ;            ; ACLK                                       ;
;   0.000 ;   0.000 ; RR ; IC     ; 1      ; IOIBUF_X102_Y7_N47 ;            ; ACLK~input|i                               ;
;   0.263 ;   0.263 ; RR ; CELL   ; 1      ; IOIBUF_X102_Y7_N47 ;            ; ACLK~input|o                               ;
;   0.325 ;   0.062 ; RR ; CELL   ; 1      ; IOIBUF_X102_Y7_N47 ;            ; ACLK~input~io_48_lvds_tile_edge/ioclkin[3] ;
;   0.325 ;   0.000 ; RR ; IC     ; 2      ; CLKCTRL_3A_G_I22   ;            ; ACLK~inputCLKENA0|inclk                    ;
;   0.554 ;   0.229 ; RR ; CELL   ; 731    ; CLKCTRL_3A_G_I22   ;            ; ACLK~inputCLKENA0|outclk                   ;
;   1.982 ;   1.428 ; RR ; IC     ; 1      ; FF_X37_Y41_N7      ; High Speed ; dut|wrapper|write_state.w_req|clk          ;
;   1.982 ;   0.000 ; RR ; CELL   ; 1      ; FF_X37_Y41_N7      ; High Speed ; dut|wrapper|write_state.w_req              ;
; 2.233   ; 0.251   ;    ;        ;        ;                    ;            ; data path                                  ;
;   2.080 ;   0.098 ; FF ; uTco   ; 2      ; FF_X37_Y41_N7      ;            ; dut|wrapper|write_state.w_req|q            ;
;   2.080 ;   0.000 ; FF ; CELL   ; 1      ; LABCELL_X37_Y41_N6 ; High Speed ; dut|wrapper|i105~0|datae                   ;
;   2.233 ;   0.153 ; FF ; CELL   ; 1      ; LABCELL_X37_Y41_N6 ; High Speed ; dut|wrapper|i105~0|combout                 ;
;   2.233 ;   0.000 ; FF ; CELL   ; 1      ; FF_X37_Y41_N7      ; High Speed ; dut|wrapper|write_state.w_req|d            ;
;   2.233 ;   0.000 ; FF ; CELL   ; 1      ; FF_X37_Y41_N7      ; High Speed ; dut|wrapper|write_state.w_req              ;
+---------+---------+----+--------+--------+--------------------+------------+--------------------------------------------+

+--------------------------------------------------------------------------------------------------------------------------+
; Data Required Path                                                                                                       ;
+---------+----------+----+--------+--------+--------------------+------------+--------------------------------------------+
; Total   ; Incr     ; RF ; Type   ; Fanout ; Location           ; HS/LP      ; Element                                    ;
+---------+----------+----+--------+--------+--------------------+------------+--------------------------------------------+
; 0.000   ; 0.000    ;    ;        ;        ;                    ;            ; latch edge time                            ;
; 0.000   ; 0.000    ;    ; borrow ;        ;                    ;            ; time borrowed                              ;
; 1.983   ; 1.983    ;    ;        ;        ;                    ;            ; clock path                                 ;
;   0.000 ;   0.000  ;    ;        ;        ;                    ;            ; source latency                             ;
;   0.000 ;   0.000  ;    ;        ; 1      ; PIN_AA7            ;            ; ACLK                                       ;
;   0.000 ;   0.000  ; RR ; IC     ; 1      ; IOIBUF_X102_Y7_N47 ;            ; ACLK~input|i                               ;
;   0.263 ;   0.263  ; RR ; CELL   ; 1      ; IOIBUF_X102_Y7_N47 ;            ; ACLK~input|o                               ;
;   0.336 ;   0.073  ; RR ; CELL   ; 1      ; IOIBUF_X102_Y7_N47 ;            ; ACLK~input~io_48_lvds_tile_edge/ioclkin[3] ;
;   0.336 ;   0.000  ; RR ; IC     ; 2      ; CLKCTRL_3A_G_I22   ;            ; ACLK~inputCLKENA0|inclk                    ;
;   0.614 ;   0.278  ; RR ; CELL   ; 731    ; CLKCTRL_3A_G_I22   ;            ; ACLK~inputCLKENA0|outclk                   ;
;   2.157 ;   1.543  ; RR ; IC     ; 1      ; FF_X37_Y41_N7      ; High Speed ; dut|wrapper|write_state.w_req|clk          ;
;   2.157 ;   0.000  ; RR ; CELL   ; 1      ; FF_X37_Y41_N7      ; High Speed ; dut|wrapper|write_state.w_req              ;
;   1.983 ;   -0.174 ;    ;        ;        ;                    ;            ; clock pessimism removed                    ;
; 1.983   ; 0.000    ;    ;        ;        ;                    ;            ; clock uncertainty                          ;
; 2.214   ; 0.231    ;    ; uTh    ; 1      ; FF_X37_Y41_N7      ;            ; dut|wrapper|write_state.w_req              ;
+---------+----------+----+--------+--------+--------------------+------------+--------------------------------------------+



Path #3: Hold slack is 0.019 
===============================================================================
+------------------------------------------------------------+
; Path Summary                                               ;
+---------------------------------+--------------------------+
; Property                        ; Value                    ;
+---------------------------------+--------------------------+
; From Node                       ; dut|wrapper|axiif.WREADY ;
; To Node                         ; dut|wrapper|axiif.WREADY ;
; Launch Clock                    ; clk                      ;
; Latch Clock                     ; clk                      ;
; SDC Exception                   ; No SDC Exception on Path ;
; Data Arrival Time               ; 2.232                    ;
; Data Required Time              ; 2.213                    ;
; Slack                           ; 0.019                    ;
; Worst-Case Operating Conditions ; Fast 900mV -40C Model    ;
+---------------------------------+--------------------------+

+-----------------------------------------------------------------------------------+
; Statistics                                                                        ;
+------------------------+-------+-------+-------------+------------+-------+-------+
; Property               ; Value ; Count ; Total Delay ; % of Total ; Min   ; Max   ;
+------------------------+-------+-------+-------------+------------+-------+-------+
; Hold Relationship      ; 0.000 ;       ;             ;            ;       ;       ;
; Clock Skew             ; 0.001 ;       ;             ;            ;       ;       ;
; Data Delay             ; 0.250 ;       ;             ;            ;       ;       ;
; Number of Logic Levels ;       ; 1     ;             ;            ;       ;       ;
; Physical Delays        ;       ;       ;             ;            ;       ;       ;
;  Arrival Path          ;       ;       ;             ;            ;       ;       ;
;   Clock                ;       ;       ;             ;            ;       ;       ;
;    IC                  ;       ; 3     ; 1.428       ; 72         ; 0.000 ; 1.428 ;
;    Cell                ;       ; 4     ; 0.554       ; 28         ; 0.000 ; 0.263 ;
;   Data                 ;       ;       ;             ;            ;       ;       ;
;    Cell                ;       ; 4     ; 0.153       ; 61         ; 0.000 ; 0.153 ;
;    uTco                ;       ; 1     ; 0.097       ; 39         ; 0.097 ; 0.097 ;
;  Required Path         ;       ;       ;             ;            ;       ;       ;
;   Clock                ;       ;       ;             ;            ;       ;       ;
;    IC                  ;       ; 3     ; 1.543       ; 72         ; 0.000 ; 1.543 ;
;    Cell                ;       ; 4     ; 0.614       ; 28         ; 0.000 ; 0.278 ;
+------------------------+-------+-------+-------------+------------+-------+-------+
Note: Negative delays are omitted from totals when calculating percentages

+--------------------------------------------------------------------------------------------------------------------------+
; Data Arrival Path                                                                                                        ;
+---------+---------+----+--------+--------+---------------------+------------+--------------------------------------------+
; Total   ; Incr    ; RF ; Type   ; Fanout ; Location            ; HS/LP      ; Element                                    ;
+---------+---------+----+--------+--------+---------------------+------------+--------------------------------------------+
; 0.000   ; 0.000   ;    ;        ;        ;                     ;            ; launch edge time                           ;
; 0.000   ; 0.000   ;    ; borrow ;        ;                     ;            ; time borrowed                              ;
; 1.982   ; 1.982   ;    ;        ;        ;                     ;            ; clock path                                 ;
;   0.000 ;   0.000 ;    ;        ;        ;                     ;            ; source latency                             ;
;   0.000 ;   0.000 ;    ;        ; 1      ; PIN_AA7             ;            ; ACLK                                       ;
;   0.000 ;   0.000 ; RR ; IC     ; 1      ; IOIBUF_X102_Y7_N47  ;            ; ACLK~input|i                               ;
;   0.263 ;   0.263 ; RR ; CELL   ; 1      ; IOIBUF_X102_Y7_N47  ;            ; ACLK~input|o                               ;
;   0.325 ;   0.062 ; RR ; CELL   ; 1      ; IOIBUF_X102_Y7_N47  ;            ; ACLK~input~io_48_lvds_tile_edge/ioclkin[3] ;
;   0.325 ;   0.000 ; RR ; IC     ; 2      ; CLKCTRL_3A_G_I22    ;            ; ACLK~inputCLKENA0|inclk                    ;
;   0.554 ;   0.229 ; RR ; CELL   ; 731    ; CLKCTRL_3A_G_I22    ;            ; ACLK~inputCLKENA0|outclk                   ;
;   1.982 ;   1.428 ; RR ; IC     ; 1      ; FF_X37_Y41_N31      ; High Speed ; dut|wrapper|axiif.WREADY|clk               ;
;   1.982 ;   0.000 ; RR ; CELL   ; 1      ; FF_X37_Y41_N31      ; High Speed ; dut|wrapper|axiif.WREADY                   ;
; 2.232   ; 0.250   ;    ;        ;        ;                     ;            ; data path                                  ;
;   2.079 ;   0.097 ; FF ; uTco   ; 2      ; FF_X37_Y41_N31      ;            ; dut|wrapper|axiif.WREADY|q                 ;
;   2.079 ;   0.000 ; FF ; CELL   ; 1      ; LABCELL_X37_Y41_N30 ; High Speed ; dut|wrapper|i101~0|datae                   ;
;   2.232 ;   0.153 ; FF ; CELL   ; 1      ; LABCELL_X37_Y41_N30 ; High Speed ; dut|wrapper|i101~0|combout                 ;
;   2.232 ;   0.000 ; FF ; CELL   ; 1      ; FF_X37_Y41_N31      ; High Speed ; dut|wrapper|axiif.WREADY|d                 ;
;   2.232 ;   0.000 ; FF ; CELL   ; 1      ; FF_X37_Y41_N31      ; High Speed ; dut|wrapper|axiif.WREADY                   ;
+---------+---------+----+--------+--------+---------------------+------------+--------------------------------------------+

+--------------------------------------------------------------------------------------------------------------------------+
; Data Required Path                                                                                                       ;
+---------+----------+----+--------+--------+--------------------+------------+--------------------------------------------+
; Total   ; Incr     ; RF ; Type   ; Fanout ; Location           ; HS/LP      ; Element                                    ;
+---------+----------+----+--------+--------+--------------------+------------+--------------------------------------------+
; 0.000   ; 0.000    ;    ;        ;        ;                    ;            ; latch edge time                            ;
; 0.000   ; 0.000    ;    ; borrow ;        ;                    ;            ; time borrowed                              ;
; 1.983   ; 1.983    ;    ;        ;        ;                    ;            ; clock path                                 ;
;   0.000 ;   0.000  ;    ;        ;        ;                    ;            ; source latency                             ;
;   0.000 ;   0.000  ;    ;        ; 1      ; PIN_AA7            ;            ; ACLK                                       ;
;   0.000 ;   0.000  ; RR ; IC     ; 1      ; IOIBUF_X102_Y7_N47 ;            ; ACLK~input|i                               ;
;   0.263 ;   0.263  ; RR ; CELL   ; 1      ; IOIBUF_X102_Y7_N47 ;            ; ACLK~input|o                               ;
;   0.336 ;   0.073  ; RR ; CELL   ; 1      ; IOIBUF_X102_Y7_N47 ;            ; ACLK~input~io_48_lvds_tile_edge/ioclkin[3] ;
;   0.336 ;   0.000  ; RR ; IC     ; 2      ; CLKCTRL_3A_G_I22   ;            ; ACLK~inputCLKENA0|inclk                    ;
;   0.614 ;   0.278  ; RR ; CELL   ; 731    ; CLKCTRL_3A_G_I22   ;            ; ACLK~inputCLKENA0|outclk                   ;
;   2.157 ;   1.543  ; RR ; IC     ; 1      ; FF_X37_Y41_N31     ; High Speed ; dut|wrapper|axiif.WREADY|clk               ;
;   2.157 ;   0.000  ; RR ; CELL   ; 1      ; FF_X37_Y41_N31     ; High Speed ; dut|wrapper|axiif.WREADY                   ;
;   1.983 ;   -0.174 ;    ;        ;        ;                    ;            ; clock pessimism removed                    ;
; 1.983   ; 0.000    ;    ;        ;        ;                    ;            ; clock uncertainty                          ;
; 2.213   ; 0.230    ;    ; uTh    ; 1      ; FF_X37_Y41_N31     ;            ; dut|wrapper|axiif.WREADY                   ;
+---------+----------+----+--------+--------+--------------------+------------+--------------------------------------------+



Path #4: Hold slack is 0.020 
===============================================================================
+------------------------------------------------------------+
; Path Summary                                               ;
+---------------------------------+--------------------------+
; Property                        ; Value                    ;
+---------------------------------+--------------------------+
; From Node                       ; dut|wrapper|axiif.RVALID ;
; To Node                         ; dut|wrapper|axiif.RVALID ;
; Launch Clock                    ; clk                      ;
; Latch Clock                     ; clk                      ;
; SDC Exception                   ; No SDC Exception on Path ;
; Data Arrival Time               ; 2.237                    ;
; Data Required Time              ; 2.217                    ;
; Slack                           ; 0.020                    ;
; Worst-Case Operating Conditions ; Fast 900mV -40C Model    ;
+---------------------------------+--------------------------+

+-----------------------------------------------------------------------------------+
; Statistics                                                                        ;
+------------------------+-------+-------+-------------+------------+-------+-------+
; Property               ; Value ; Count ; Total Delay ; % of Total ; Min   ; Max   ;
+------------------------+-------+-------+-------------+------------+-------+-------+
; Hold Relationship      ; 0.000 ;       ;             ;            ;       ;       ;
; Clock Skew             ; 0.000 ;       ;             ;            ;       ;       ;
; Data Delay             ; 0.251 ;       ;             ;            ;       ;       ;
; Number of Logic Levels ;       ; 1     ;             ;            ;       ;       ;
; Physical Delays        ;       ;       ;             ;            ;       ;       ;
;  Arrival Path          ;       ;       ;             ;            ;       ;       ;
;   Clock                ;       ;       ;             ;            ;       ;       ;
;    IC                  ;       ; 3     ; 1.432       ; 72         ; 0.000 ; 1.432 ;
;    Cell                ;       ; 4     ; 0.554       ; 28         ; 0.000 ; 0.263 ;
;   Data                 ;       ;       ;             ;            ;       ;       ;
;    Cell                ;       ; 4     ; 0.153       ; 61         ; 0.000 ; 0.153 ;
;    uTco                ;       ; 1     ; 0.098       ; 39         ; 0.098 ; 0.098 ;
;  Required Path         ;       ;       ;             ;            ;       ;       ;
;   Clock                ;       ;       ;             ;            ;       ;       ;
;    IC                  ;       ; 3     ; 1.547       ; 72         ; 0.000 ; 1.547 ;
;    Cell                ;       ; 4     ; 0.614       ; 28         ; 0.000 ; 0.278 ;
+------------------------+-------+-------+-------------+------------+-------+-------+
Note: Negative delays are omitted from totals when calculating percentages

+-------------------------------------------------------------------------------------------------------------------------+
; Data Arrival Path                                                                                                       ;
+---------+---------+----+--------+--------+--------------------+------------+--------------------------------------------+
; Total   ; Incr    ; RF ; Type   ; Fanout ; Location           ; HS/LP      ; Element                                    ;
+---------+---------+----+--------+--------+--------------------+------------+--------------------------------------------+
; 0.000   ; 0.000   ;    ;        ;        ;                    ;            ; launch edge time                           ;
; 0.000   ; 0.000   ;    ; borrow ;        ;                    ;            ; time borrowed                              ;
; 1.986   ; 1.986   ;    ;        ;        ;                    ;            ; clock path                                 ;
;   0.000 ;   0.000 ;    ;        ;        ;                    ;            ; source latency                             ;
;   0.000 ;   0.000 ;    ;        ; 1      ; PIN_AA7            ;            ; ACLK                                       ;
;   0.000 ;   0.000 ; RR ; IC     ; 1      ; IOIBUF_X102_Y7_N47 ;            ; ACLK~input|i                               ;
;   0.263 ;   0.263 ; RR ; CELL   ; 1      ; IOIBUF_X102_Y7_N47 ;            ; ACLK~input|o                               ;
;   0.325 ;   0.062 ; RR ; CELL   ; 1      ; IOIBUF_X102_Y7_N47 ;            ; ACLK~input~io_48_lvds_tile_edge/ioclkin[3] ;
;   0.325 ;   0.000 ; RR ; IC     ; 2      ; CLKCTRL_3A_G_I22   ;            ; ACLK~inputCLKENA0|inclk                    ;
;   0.554 ;   0.229 ; RR ; CELL   ; 731    ; CLKCTRL_3A_G_I22   ;            ; ACLK~inputCLKENA0|outclk                   ;
;   1.986 ;   1.432 ; RR ; IC     ; 1      ; FF_X37_Y36_N7      ; High Speed ; dut|wrapper|axiif.RVALID|clk               ;
;   1.986 ;   0.000 ; RR ; CELL   ; 1      ; FF_X37_Y36_N7      ; High Speed ; dut|wrapper|axiif.RVALID                   ;
; 2.237   ; 0.251   ;    ;        ;        ;                    ;            ; data path                                  ;
;   2.084 ;   0.098 ; FF ; uTco   ; 2      ; FF_X37_Y36_N7      ;            ; dut|wrapper|axiif.RVALID|q                 ;
;   2.084 ;   0.000 ; FF ; CELL   ; 1      ; LABCELL_X37_Y36_N6 ; High Speed ; dut|wrapper|Select_2~0|datae               ;
;   2.237 ;   0.153 ; FF ; CELL   ; 1      ; LABCELL_X37_Y36_N6 ; High Speed ; dut|wrapper|Select_2~0|combout             ;
;   2.237 ;   0.000 ; FF ; CELL   ; 1      ; FF_X37_Y36_N7      ; High Speed ; dut|wrapper|axiif.RVALID|d                 ;
;   2.237 ;   0.000 ; FF ; CELL   ; 1      ; FF_X37_Y36_N7      ; High Speed ; dut|wrapper|axiif.RVALID                   ;
+---------+---------+----+--------+--------+--------------------+------------+--------------------------------------------+

+--------------------------------------------------------------------------------------------------------------------------+
; Data Required Path                                                                                                       ;
+---------+----------+----+--------+--------+--------------------+------------+--------------------------------------------+
; Total   ; Incr     ; RF ; Type   ; Fanout ; Location           ; HS/LP      ; Element                                    ;
+---------+----------+----+--------+--------+--------------------+------------+--------------------------------------------+
; 0.000   ; 0.000    ;    ;        ;        ;                    ;            ; latch edge time                            ;
; 0.000   ; 0.000    ;    ; borrow ;        ;                    ;            ; time borrowed                              ;
; 1.986   ; 1.986    ;    ;        ;        ;                    ;            ; clock path                                 ;
;   0.000 ;   0.000  ;    ;        ;        ;                    ;            ; source latency                             ;
;   0.000 ;   0.000  ;    ;        ; 1      ; PIN_AA7            ;            ; ACLK                                       ;
;   0.000 ;   0.000  ; RR ; IC     ; 1      ; IOIBUF_X102_Y7_N47 ;            ; ACLK~input|i                               ;
;   0.263 ;   0.263  ; RR ; CELL   ; 1      ; IOIBUF_X102_Y7_N47 ;            ; ACLK~input|o                               ;
;   0.336 ;   0.073  ; RR ; CELL   ; 1      ; IOIBUF_X102_Y7_N47 ;            ; ACLK~input~io_48_lvds_tile_edge/ioclkin[3] ;
;   0.336 ;   0.000  ; RR ; IC     ; 2      ; CLKCTRL_3A_G_I22   ;            ; ACLK~inputCLKENA0|inclk                    ;
;   0.614 ;   0.278  ; RR ; CELL   ; 731    ; CLKCTRL_3A_G_I22   ;            ; ACLK~inputCLKENA0|outclk                   ;
;   2.161 ;   1.547  ; RR ; IC     ; 1      ; FF_X37_Y36_N7      ; High Speed ; dut|wrapper|axiif.RVALID|clk               ;
;   2.161 ;   0.000  ; RR ; CELL   ; 1      ; FF_X37_Y36_N7      ; High Speed ; dut|wrapper|axiif.RVALID                   ;
;   1.986 ;   -0.175 ;    ;        ;        ;                    ;            ; clock pessimism removed                    ;
; 1.986   ; 0.000    ;    ;        ;        ;                    ;            ; clock uncertainty                          ;
; 2.217   ; 0.231    ;    ; uTh    ; 1      ; FF_X37_Y36_N7      ;            ; dut|wrapper|axiif.RVALID                   ;
+---------+----------+----+--------+--------+--------------------+------------+--------------------------------------------+



Path #5: Hold slack is 0.020 
===============================================================================
+-----------------------------------------------------------------+
; Path Summary                                                    ;
+---------------------------------+-------------------------------+
; Property                        ; Value                         ;
+---------------------------------+-------------------------------+
; From Node                       ; dut|wrapper|write_state.w_res ;
; To Node                         ; dut|wrapper|write_state.w_res ;
; Launch Clock                    ; clk                           ;
; Latch Clock                     ; clk                           ;
; SDC Exception                   ; No SDC Exception on Path      ;
; Data Arrival Time               ; 2.232                         ;
; Data Required Time              ; 2.212                         ;
; Slack                           ; 0.020                         ;
; Worst-Case Operating Conditions ; Fast 900mV -40C Model         ;
+---------------------------------+-------------------------------+

+-----------------------------------------------------------------------------------+
; Statistics                                                                        ;
+------------------------+-------+-------+-------------+------------+-------+-------+
; Property               ; Value ; Count ; Total Delay ; % of Total ; Min   ; Max   ;
+------------------------+-------+-------+-------------+------------+-------+-------+
; Hold Relationship      ; 0.000 ;       ;             ;            ;       ;       ;
; Clock Skew             ; 0.001 ;       ;             ;            ;       ;       ;
; Data Delay             ; 0.250 ;       ;             ;            ;       ;       ;
; Number of Logic Levels ;       ; 1     ;             ;            ;       ;       ;
; Physical Delays        ;       ;       ;             ;            ;       ;       ;
;  Arrival Path          ;       ;       ;             ;            ;       ;       ;
;   Clock                ;       ;       ;             ;            ;       ;       ;
;    IC                  ;       ; 3     ; 1.428       ; 72         ; 0.000 ; 1.428 ;
;    Cell                ;       ; 4     ; 0.554       ; 28         ; 0.000 ; 0.263 ;
;   Data                 ;       ;       ;             ;            ;       ;       ;
;    Cell                ;       ; 4     ; 0.153       ; 61         ; 0.000 ; 0.153 ;
;    uTco                ;       ; 1     ; 0.097       ; 39         ; 0.097 ; 0.097 ;
;  Required Path         ;       ;       ;             ;            ;       ;       ;
;   Clock                ;       ;       ;             ;            ;       ;       ;
;    IC                  ;       ; 3     ; 1.543       ; 72         ; 0.000 ; 1.543 ;
;    Cell                ;       ; 4     ; 0.614       ; 28         ; 0.000 ; 0.278 ;
+------------------------+-------+-------+-------------+------------+-------+-------+
Note: Negative delays are omitted from totals when calculating percentages

+--------------------------------------------------------------------------------------------------------------------------+
; Data Arrival Path                                                                                                        ;
+---------+---------+----+--------+--------+---------------------+------------+--------------------------------------------+
; Total   ; Incr    ; RF ; Type   ; Fanout ; Location            ; HS/LP      ; Element                                    ;
+---------+---------+----+--------+--------+---------------------+------------+--------------------------------------------+
; 0.000   ; 0.000   ;    ;        ;        ;                     ;            ; launch edge time                           ;
; 0.000   ; 0.000   ;    ; borrow ;        ;                     ;            ; time borrowed                              ;
; 1.982   ; 1.982   ;    ;        ;        ;                     ;            ; clock path                                 ;
;   0.000 ;   0.000 ;    ;        ;        ;                     ;            ; source latency                             ;
;   0.000 ;   0.000 ;    ;        ; 1      ; PIN_AA7             ;            ; ACLK                                       ;
;   0.000 ;   0.000 ; RR ; IC     ; 1      ; IOIBUF_X102_Y7_N47  ;            ; ACLK~input|i                               ;
;   0.263 ;   0.263 ; RR ; CELL   ; 1      ; IOIBUF_X102_Y7_N47  ;            ; ACLK~input|o                               ;
;   0.325 ;   0.062 ; RR ; CELL   ; 1      ; IOIBUF_X102_Y7_N47  ;            ; ACLK~input~io_48_lvds_tile_edge/ioclkin[3] ;
;   0.325 ;   0.000 ; RR ; IC     ; 2      ; CLKCTRL_3A_G_I22    ;            ; ACLK~inputCLKENA0|inclk                    ;
;   0.554 ;   0.229 ; RR ; CELL   ; 731    ; CLKCTRL_3A_G_I22    ;            ; ACLK~inputCLKENA0|outclk                   ;
;   1.982 ;   1.428 ; RR ; IC     ; 1      ; FF_X37_Y41_N25      ; High Speed ; dut|wrapper|write_state.w_res|clk          ;
;   1.982 ;   0.000 ; RR ; CELL   ; 1      ; FF_X37_Y41_N25      ; High Speed ; dut|wrapper|write_state.w_res              ;
; 2.232   ; 0.250   ;    ;        ;        ;                     ;            ; data path                                  ;
;   2.079 ;   0.097 ; FF ; uTco   ; 2      ; FF_X37_Y41_N25      ;            ; dut|wrapper|write_state.w_res|q            ;
;   2.079 ;   0.000 ; FF ; CELL   ; 1      ; LABCELL_X37_Y41_N24 ; High Speed ; dut|wrapper|i107~0|datae                   ;
;   2.232 ;   0.153 ; FF ; CELL   ; 1      ; LABCELL_X37_Y41_N24 ; High Speed ; dut|wrapper|i107~0|combout                 ;
;   2.232 ;   0.000 ; FF ; CELL   ; 1      ; FF_X37_Y41_N25      ; High Speed ; dut|wrapper|write_state.w_res|d            ;
;   2.232 ;   0.000 ; FF ; CELL   ; 1      ; FF_X37_Y41_N25      ; High Speed ; dut|wrapper|write_state.w_res              ;
+---------+---------+----+--------+--------+---------------------+------------+--------------------------------------------+

+--------------------------------------------------------------------------------------------------------------------------+
; Data Required Path                                                                                                       ;
+---------+----------+----+--------+--------+--------------------+------------+--------------------------------------------+
; Total   ; Incr     ; RF ; Type   ; Fanout ; Location           ; HS/LP      ; Element                                    ;
+---------+----------+----+--------+--------+--------------------+------------+--------------------------------------------+
; 0.000   ; 0.000    ;    ;        ;        ;                    ;            ; latch edge time                            ;
; 0.000   ; 0.000    ;    ; borrow ;        ;                    ;            ; time borrowed                              ;
; 1.983   ; 1.983    ;    ;        ;        ;                    ;            ; clock path                                 ;
;   0.000 ;   0.000  ;    ;        ;        ;                    ;            ; source latency                             ;
;   0.000 ;   0.000  ;    ;        ; 1      ; PIN_AA7            ;            ; ACLK                                       ;
;   0.000 ;   0.000  ; RR ; IC     ; 1      ; IOIBUF_X102_Y7_N47 ;            ; ACLK~input|i                               ;
;   0.263 ;   0.263  ; RR ; CELL   ; 1      ; IOIBUF_X102_Y7_N47 ;            ; ACLK~input|o                               ;
;   0.336 ;   0.073  ; RR ; CELL   ; 1      ; IOIBUF_X102_Y7_N47 ;            ; ACLK~input~io_48_lvds_tile_edge/ioclkin[3] ;
;   0.336 ;   0.000  ; RR ; IC     ; 2      ; CLKCTRL_3A_G_I22   ;            ; ACLK~inputCLKENA0|inclk                    ;
;   0.614 ;   0.278  ; RR ; CELL   ; 731    ; CLKCTRL_3A_G_I22   ;            ; ACLK~inputCLKENA0|outclk                   ;
;   2.157 ;   1.543  ; RR ; IC     ; 1      ; FF_X37_Y41_N25     ; High Speed ; dut|wrapper|write_state.w_res|clk          ;
;   2.157 ;   0.000  ; RR ; CELL   ; 1      ; FF_X37_Y41_N25     ; High Speed ; dut|wrapper|write_state.w_res              ;
;   1.983 ;   -0.174 ;    ;        ;        ;                    ;            ; clock pessimism removed                    ;
; 1.983   ; 0.000    ;    ;        ;        ;                    ;            ; clock uncertainty                          ;
; 2.212   ; 0.229    ;    ; uTh    ; 1      ; FF_X37_Y41_N25     ;            ; dut|wrapper|write_state.w_res              ;
+---------+----------+----+--------+--------+--------------------+------------+--------------------------------------------+



Path #6: Hold slack is 0.020 
===============================================================================
+-------------------------------------------------------------+
; Path Summary                                                ;
+---------------------------------+---------------------------+
; Property                        ; Value                     ;
+---------------------------------+---------------------------+
; From Node                       ; dut|wrapper|axiif.AWREADY ;
; To Node                         ; dut|wrapper|axiif.AWREADY ;
; Launch Clock                    ; clk                       ;
; Latch Clock                     ; clk                       ;
; SDC Exception                   ; No SDC Exception on Path  ;
; Data Arrival Time               ; 2.232                     ;
; Data Required Time              ; 2.212                     ;
; Slack                           ; 0.020                     ;
; Worst-Case Operating Conditions ; Fast 900mV -40C Model     ;
+---------------------------------+---------------------------+

+-----------------------------------------------------------------------------------+
; Statistics                                                                        ;
+------------------------+-------+-------+-------------+------------+-------+-------+
; Property               ; Value ; Count ; Total Delay ; % of Total ; Min   ; Max   ;
+------------------------+-------+-------+-------------+------------+-------+-------+
; Hold Relationship      ; 0.000 ;       ;             ;            ;       ;       ;
; Clock Skew             ; 0.001 ;       ;             ;            ;       ;       ;
; Data Delay             ; 0.250 ;       ;             ;            ;       ;       ;
; Number of Logic Levels ;       ; 1     ;             ;            ;       ;       ;
; Physical Delays        ;       ;       ;             ;            ;       ;       ;
;  Arrival Path          ;       ;       ;             ;            ;       ;       ;
;   Clock                ;       ;       ;             ;            ;       ;       ;
;    IC                  ;       ; 3     ; 1.428       ; 72         ; 0.000 ; 1.428 ;
;    Cell                ;       ; 4     ; 0.554       ; 28         ; 0.000 ; 0.263 ;
;   Data                 ;       ;       ;             ;            ;       ;       ;
;    Cell                ;       ; 4     ; 0.153       ; 61         ; 0.000 ; 0.153 ;
;    uTco                ;       ; 1     ; 0.097       ; 39         ; 0.097 ; 0.097 ;
;  Required Path         ;       ;       ;             ;            ;       ;       ;
;   Clock                ;       ;       ;             ;            ;       ;       ;
;    IC                  ;       ; 3     ; 1.543       ; 72         ; 0.000 ; 1.543 ;
;    Cell                ;       ; 4     ; 0.614       ; 28         ; 0.000 ; 0.278 ;
+------------------------+-------+-------+-------------+------------+-------+-------+
Note: Negative delays are omitted from totals when calculating percentages

+--------------------------------------------------------------------------------------------------------------------------+
; Data Arrival Path                                                                                                        ;
+---------+---------+----+--------+--------+---------------------+------------+--------------------------------------------+
; Total   ; Incr    ; RF ; Type   ; Fanout ; Location            ; HS/LP      ; Element                                    ;
+---------+---------+----+--------+--------+---------------------+------------+--------------------------------------------+
; 0.000   ; 0.000   ;    ;        ;        ;                     ;            ; launch edge time                           ;
; 0.000   ; 0.000   ;    ; borrow ;        ;                     ;            ; time borrowed                              ;
; 1.982   ; 1.982   ;    ;        ;        ;                     ;            ; clock path                                 ;
;   0.000 ;   0.000 ;    ;        ;        ;                     ;            ; source latency                             ;
;   0.000 ;   0.000 ;    ;        ; 1      ; PIN_AA7             ;            ; ACLK                                       ;
;   0.000 ;   0.000 ; RR ; IC     ; 1      ; IOIBUF_X102_Y7_N47  ;            ; ACLK~input|i                               ;
;   0.263 ;   0.263 ; RR ; CELL   ; 1      ; IOIBUF_X102_Y7_N47  ;            ; ACLK~input|o                               ;
;   0.325 ;   0.062 ; RR ; CELL   ; 1      ; IOIBUF_X102_Y7_N47  ;            ; ACLK~input~io_48_lvds_tile_edge/ioclkin[3] ;
;   0.325 ;   0.000 ; RR ; IC     ; 2      ; CLKCTRL_3A_G_I22    ;            ; ACLK~inputCLKENA0|inclk                    ;
;   0.554 ;   0.229 ; RR ; CELL   ; 731    ; CLKCTRL_3A_G_I22    ;            ; ACLK~inputCLKENA0|outclk                   ;
;   1.982 ;   1.428 ; RR ; IC     ; 1      ; FF_X37_Y41_N37      ; High Speed ; dut|wrapper|axiif.AWREADY|clk              ;
;   1.982 ;   0.000 ; RR ; CELL   ; 1      ; FF_X37_Y41_N37      ; High Speed ; dut|wrapper|axiif.AWREADY                  ;
; 2.232   ; 0.250   ;    ;        ;        ;                     ;            ; data path                                  ;
;   2.079 ;   0.097 ; FF ; uTco   ; 2      ; FF_X37_Y41_N37      ;            ; dut|wrapper|axiif.AWREADY|q                ;
;   2.079 ;   0.000 ; FF ; CELL   ; 1      ; LABCELL_X37_Y41_N36 ; High Speed ; dut|wrapper|i100~0|datae                   ;
;   2.232 ;   0.153 ; FF ; CELL   ; 1      ; LABCELL_X37_Y41_N36 ; High Speed ; dut|wrapper|i100~0|combout                 ;
;   2.232 ;   0.000 ; FF ; CELL   ; 1      ; FF_X37_Y41_N37      ; High Speed ; dut|wrapper|axiif.AWREADY|d                ;
;   2.232 ;   0.000 ; FF ; CELL   ; 1      ; FF_X37_Y41_N37      ; High Speed ; dut|wrapper|axiif.AWREADY                  ;
+---------+---------+----+--------+--------+---------------------+------------+--------------------------------------------+

+--------------------------------------------------------------------------------------------------------------------------+
; Data Required Path                                                                                                       ;
+---------+----------+----+--------+--------+--------------------+------------+--------------------------------------------+
; Total   ; Incr     ; RF ; Type   ; Fanout ; Location           ; HS/LP      ; Element                                    ;
+---------+----------+----+--------+--------+--------------------+------------+--------------------------------------------+
; 0.000   ; 0.000    ;    ;        ;        ;                    ;            ; latch edge time                            ;
; 0.000   ; 0.000    ;    ; borrow ;        ;                    ;            ; time borrowed                              ;
; 1.983   ; 1.983    ;    ;        ;        ;                    ;            ; clock path                                 ;
;   0.000 ;   0.000  ;    ;        ;        ;                    ;            ; source latency                             ;
;   0.000 ;   0.000  ;    ;        ; 1      ; PIN_AA7            ;            ; ACLK                                       ;
;   0.000 ;   0.000  ; RR ; IC     ; 1      ; IOIBUF_X102_Y7_N47 ;            ; ACLK~input|i                               ;
;   0.263 ;   0.263  ; RR ; CELL   ; 1      ; IOIBUF_X102_Y7_N47 ;            ; ACLK~input|o                               ;
;   0.336 ;   0.073  ; RR ; CELL   ; 1      ; IOIBUF_X102_Y7_N47 ;            ; ACLK~input~io_48_lvds_tile_edge/ioclkin[3] ;
;   0.336 ;   0.000  ; RR ; IC     ; 2      ; CLKCTRL_3A_G_I22   ;            ; ACLK~inputCLKENA0|inclk                    ;
;   0.614 ;   0.278  ; RR ; CELL   ; 731    ; CLKCTRL_3A_G_I22   ;            ; ACLK~inputCLKENA0|outclk                   ;
;   2.157 ;   1.543  ; RR ; IC     ; 1      ; FF_X37_Y41_N37     ; High Speed ; dut|wrapper|axiif.AWREADY|clk              ;
;   2.157 ;   0.000  ; RR ; CELL   ; 1      ; FF_X37_Y41_N37     ; High Speed ; dut|wrapper|axiif.AWREADY                  ;
;   1.983 ;   -0.174 ;    ;        ;        ;                    ;            ; clock pessimism removed                    ;
; 1.983   ; 0.000    ;    ;        ;        ;                    ;            ; clock uncertainty                          ;
; 2.212   ; 0.229    ;    ; uTh    ; 1      ; FF_X37_Y41_N37     ;            ; dut|wrapper|axiif.AWREADY                  ;
+---------+----------+----+--------+--------+--------------------+------------+--------------------------------------------+



Path #7: Hold slack is 0.021 
===============================================================================
+-------------------------------------------------------------+
; Path Summary                                                ;
+---------------------------------+---------------------------+
; Property                        ; Value                     ;
+---------------------------------+---------------------------+
; From Node                       ; dut|wrapper|axiif.ARREADY ;
; To Node                         ; dut|wrapper|axiif.ARREADY ;
; Launch Clock                    ; clk                       ;
; Latch Clock                     ; clk                       ;
; SDC Exception                   ; No SDC Exception on Path  ;
; Data Arrival Time               ; 2.230                     ;
; Data Required Time              ; 2.209                     ;
; Slack                           ; 0.021                     ;
; Worst-Case Operating Conditions ; Fast 900mV -40C Model     ;
+---------------------------------+---------------------------+

+-----------------------------------------------------------------------------------+
; Statistics                                                                        ;
+------------------------+-------+-------+-------------+------------+-------+-------+
; Property               ; Value ; Count ; Total Delay ; % of Total ; Min   ; Max   ;
+------------------------+-------+-------+-------------+------------+-------+-------+
; Hold Relationship      ; 0.000 ;       ;             ;            ;       ;       ;
; Clock Skew             ; 0.001 ;       ;             ;            ;       ;       ;
; Data Delay             ; 0.248 ;       ;             ;            ;       ;       ;
; Number of Logic Levels ;       ; 1     ;             ;            ;       ;       ;
; Physical Delays        ;       ;       ;             ;            ;       ;       ;
;  Arrival Path          ;       ;       ;             ;            ;       ;       ;
;   Clock                ;       ;       ;             ;            ;       ;       ;
;    IC                  ;       ; 3     ; 1.428       ; 72         ; 0.000 ; 1.428 ;
;    Cell                ;       ; 4     ; 0.554       ; 28         ; 0.000 ; 0.263 ;
;   Data                 ;       ;       ;             ;            ;       ;       ;
;    Cell                ;       ; 4     ; 0.153       ; 62         ; 0.000 ; 0.153 ;
;    uTco                ;       ; 1     ; 0.095       ; 38         ; 0.095 ; 0.095 ;
;  Required Path         ;       ;       ;             ;            ;       ;       ;
;   Clock                ;       ;       ;             ;            ;       ;       ;
;    IC                  ;       ; 3     ; 1.543       ; 72         ; 0.000 ; 1.543 ;
;    Cell                ;       ; 4     ; 0.614       ; 28         ; 0.000 ; 0.278 ;
+------------------------+-------+-------+-------------+------------+-------+-------+
Note: Negative delays are omitted from totals when calculating percentages

+--------------------------------------------------------------------------------------------------------------------------+
; Data Arrival Path                                                                                                        ;
+---------+---------+----+--------+--------+---------------------+------------+--------------------------------------------+
; Total   ; Incr    ; RF ; Type   ; Fanout ; Location            ; HS/LP      ; Element                                    ;
+---------+---------+----+--------+--------+---------------------+------------+--------------------------------------------+
; 0.000   ; 0.000   ;    ;        ;        ;                     ;            ; launch edge time                           ;
; 0.000   ; 0.000   ;    ; borrow ;        ;                     ;            ; time borrowed                              ;
; 1.982   ; 1.982   ;    ;        ;        ;                     ;            ; clock path                                 ;
;   0.000 ;   0.000 ;    ;        ;        ;                     ;            ; source latency                             ;
;   0.000 ;   0.000 ;    ;        ; 1      ; PIN_AA7             ;            ; ACLK                                       ;
;   0.000 ;   0.000 ; RR ; IC     ; 1      ; IOIBUF_X102_Y7_N47  ;            ; ACLK~input|i                               ;
;   0.263 ;   0.263 ; RR ; CELL   ; 1      ; IOIBUF_X102_Y7_N47  ;            ; ACLK~input|o                               ;
;   0.325 ;   0.062 ; RR ; CELL   ; 1      ; IOIBUF_X102_Y7_N47  ;            ; ACLK~input~io_48_lvds_tile_edge/ioclkin[3] ;
;   0.325 ;   0.000 ; RR ; IC     ; 2      ; CLKCTRL_3A_G_I22    ;            ; ACLK~inputCLKENA0|inclk                    ;
;   0.554 ;   0.229 ; RR ; CELL   ; 731    ; CLKCTRL_3A_G_I22    ;            ; ACLK~inputCLKENA0|outclk                   ;
;   1.982 ;   1.428 ; RR ; IC     ; 1      ; FF_X37_Y41_N55      ; High Speed ; dut|wrapper|axiif.ARREADY|clk              ;
;   1.982 ;   0.000 ; RR ; CELL   ; 1      ; FF_X37_Y41_N55      ; High Speed ; dut|wrapper|axiif.ARREADY                  ;
; 2.230   ; 0.248   ;    ;        ;        ;                     ;            ; data path                                  ;
;   2.077 ;   0.095 ; FF ; uTco   ; 2      ; FF_X37_Y41_N55      ;            ; dut|wrapper|axiif.ARREADY|q                ;
;   2.077 ;   0.000 ; FF ; CELL   ; 1      ; LABCELL_X37_Y41_N54 ; High Speed ; dut|wrapper|Select_1~0|datae               ;
;   2.230 ;   0.153 ; FF ; CELL   ; 1      ; LABCELL_X37_Y41_N54 ; High Speed ; dut|wrapper|Select_1~0|combout             ;
;   2.230 ;   0.000 ; FF ; CELL   ; 1      ; FF_X37_Y41_N55      ; High Speed ; dut|wrapper|axiif.ARREADY|d                ;
;   2.230 ;   0.000 ; FF ; CELL   ; 1      ; FF_X37_Y41_N55      ; High Speed ; dut|wrapper|axiif.ARREADY                  ;
+---------+---------+----+--------+--------+---------------------+------------+--------------------------------------------+

+--------------------------------------------------------------------------------------------------------------------------+
; Data Required Path                                                                                                       ;
+---------+----------+----+--------+--------+--------------------+------------+--------------------------------------------+
; Total   ; Incr     ; RF ; Type   ; Fanout ; Location           ; HS/LP      ; Element                                    ;
+---------+----------+----+--------+--------+--------------------+------------+--------------------------------------------+
; 0.000   ; 0.000    ;    ;        ;        ;                    ;            ; latch edge time                            ;
; 0.000   ; 0.000    ;    ; borrow ;        ;                    ;            ; time borrowed                              ;
; 1.983   ; 1.983    ;    ;        ;        ;                    ;            ; clock path                                 ;
;   0.000 ;   0.000  ;    ;        ;        ;                    ;            ; source latency                             ;
;   0.000 ;   0.000  ;    ;        ; 1      ; PIN_AA7            ;            ; ACLK                                       ;
;   0.000 ;   0.000  ; RR ; IC     ; 1      ; IOIBUF_X102_Y7_N47 ;            ; ACLK~input|i                               ;
;   0.263 ;   0.263  ; RR ; CELL   ; 1      ; IOIBUF_X102_Y7_N47 ;            ; ACLK~input|o                               ;
;   0.336 ;   0.073  ; RR ; CELL   ; 1      ; IOIBUF_X102_Y7_N47 ;            ; ACLK~input~io_48_lvds_tile_edge/ioclkin[3] ;
;   0.336 ;   0.000  ; RR ; IC     ; 2      ; CLKCTRL_3A_G_I22   ;            ; ACLK~inputCLKENA0|inclk                    ;
;   0.614 ;   0.278  ; RR ; CELL   ; 731    ; CLKCTRL_3A_G_I22   ;            ; ACLK~inputCLKENA0|outclk                   ;
;   2.157 ;   1.543  ; RR ; IC     ; 1      ; FF_X37_Y41_N55     ; High Speed ; dut|wrapper|axiif.ARREADY|clk              ;
;   2.157 ;   0.000  ; RR ; CELL   ; 1      ; FF_X37_Y41_N55     ; High Speed ; dut|wrapper|axiif.ARREADY                  ;
;   1.983 ;   -0.174 ;    ;        ;        ;                    ;            ; clock pessimism removed                    ;
; 1.983   ; 0.000    ;    ;        ;        ;                    ;            ; clock uncertainty                          ;
; 2.209   ; 0.226    ;    ; uTh    ; 1      ; FF_X37_Y41_N55     ;            ; dut|wrapper|axiif.ARREADY                  ;
+---------+----------+----+--------+--------+--------------------+------------+--------------------------------------------+



Path #8: Hold slack is 0.021 
===============================================================================
+------------------------------------------------------------+
; Path Summary                                               ;
+---------------------------------+--------------------------+
; Property                        ; Value                    ;
+---------------------------------+--------------------------+
; From Node                       ; dut|wrapper|axiif.BVALID ;
; To Node                         ; dut|wrapper|axiif.BVALID ;
; Launch Clock                    ; clk                      ;
; Latch Clock                     ; clk                      ;
; SDC Exception                   ; No SDC Exception on Path ;
; Data Arrival Time               ; 2.235                    ;
; Data Required Time              ; 2.214                    ;
; Slack                           ; 0.021                    ;
; Worst-Case Operating Conditions ; Fast 900mV -40C Model    ;
+---------------------------------+--------------------------+

+-----------------------------------------------------------------------------------+
; Statistics                                                                        ;
+------------------------+-------+-------+-------------+------------+-------+-------+
; Property               ; Value ; Count ; Total Delay ; % of Total ; Min   ; Max   ;
+------------------------+-------+-------+-------------+------------+-------+-------+
; Hold Relationship      ; 0.000 ;       ;             ;            ;       ;       ;
; Clock Skew             ; 0.001 ;       ;             ;            ;       ;       ;
; Data Delay             ; 0.253 ;       ;             ;            ;       ;       ;
; Number of Logic Levels ;       ; 1     ;             ;            ;       ;       ;
; Physical Delays        ;       ;       ;             ;            ;       ;       ;
;  Arrival Path          ;       ;       ;             ;            ;       ;       ;
;   Clock                ;       ;       ;             ;            ;       ;       ;
;    IC                  ;       ; 3     ; 1.428       ; 72         ; 0.000 ; 1.428 ;
;    Cell                ;       ; 4     ; 0.554       ; 28         ; 0.000 ; 0.263 ;
;   Data                 ;       ;       ;             ;            ;       ;       ;
;    Cell                ;       ; 4     ; 0.155       ; 61         ; 0.000 ; 0.155 ;
;    uTco                ;       ; 1     ; 0.098       ; 39         ; 0.098 ; 0.098 ;
;  Required Path         ;       ;       ;             ;            ;       ;       ;
;   Clock                ;       ;       ;             ;            ;       ;       ;
;    IC                  ;       ; 3     ; 1.543       ; 72         ; 0.000 ; 1.543 ;
;    Cell                ;       ; 4     ; 0.614       ; 28         ; 0.000 ; 0.278 ;
+------------------------+-------+-------+-------------+------------+-------+-------+
Note: Negative delays are omitted from totals when calculating percentages

+-------------------------------------------------------------------------------------------------------------------------+
; Data Arrival Path                                                                                                       ;
+---------+---------+----+--------+--------+--------------------+------------+--------------------------------------------+
; Total   ; Incr    ; RF ; Type   ; Fanout ; Location           ; HS/LP      ; Element                                    ;
+---------+---------+----+--------+--------+--------------------+------------+--------------------------------------------+
; 0.000   ; 0.000   ;    ;        ;        ;                    ;            ; launch edge time                           ;
; 0.000   ; 0.000   ;    ; borrow ;        ;                    ;            ; time borrowed                              ;
; 1.982   ; 1.982   ;    ;        ;        ;                    ;            ; clock path                                 ;
;   0.000 ;   0.000 ;    ;        ;        ;                    ;            ; source latency                             ;
;   0.000 ;   0.000 ;    ;        ; 1      ; PIN_AA7            ;            ; ACLK                                       ;
;   0.000 ;   0.000 ; RR ; IC     ; 1      ; IOIBUF_X102_Y7_N47 ;            ; ACLK~input|i                               ;
;   0.263 ;   0.263 ; RR ; CELL   ; 1      ; IOIBUF_X102_Y7_N47 ;            ; ACLK~input|o                               ;
;   0.325 ;   0.062 ; RR ; CELL   ; 1      ; IOIBUF_X102_Y7_N47 ;            ; ACLK~input~io_48_lvds_tile_edge/ioclkin[3] ;
;   0.325 ;   0.000 ; RR ; IC     ; 2      ; CLKCTRL_3A_G_I22   ;            ; ACLK~inputCLKENA0|inclk                    ;
;   0.554 ;   0.229 ; RR ; CELL   ; 731    ; CLKCTRL_3A_G_I22   ;            ; ACLK~inputCLKENA0|outclk                   ;
;   1.982 ;   1.428 ; RR ; IC     ; 1      ; FF_X37_Y41_N1      ; High Speed ; dut|wrapper|axiif.BVALID|clk               ;
;   1.982 ;   0.000 ; RR ; CELL   ; 1      ; FF_X37_Y41_N1      ; High Speed ; dut|wrapper|axiif.BVALID                   ;
; 2.235   ; 0.253   ;    ;        ;        ;                    ;            ; data path                                  ;
;   2.080 ;   0.098 ; FF ; uTco   ; 2      ; FF_X37_Y41_N1      ;            ; dut|wrapper|axiif.BVALID|q                 ;
;   2.080 ;   0.000 ; FF ; CELL   ; 1      ; LABCELL_X37_Y41_N0 ; High Speed ; dut|wrapper|i102~0|datad                   ;
;   2.235 ;   0.155 ; FF ; CELL   ; 1      ; LABCELL_X37_Y41_N0 ; High Speed ; dut|wrapper|i102~0|combout                 ;
;   2.235 ;   0.000 ; FF ; CELL   ; 1      ; FF_X37_Y41_N1      ; High Speed ; dut|wrapper|axiif.BVALID|d                 ;
;   2.235 ;   0.000 ; FF ; CELL   ; 1      ; FF_X37_Y41_N1      ; High Speed ; dut|wrapper|axiif.BVALID                   ;
+---------+---------+----+--------+--------+--------------------+------------+--------------------------------------------+

+--------------------------------------------------------------------------------------------------------------------------+
; Data Required Path                                                                                                       ;
+---------+----------+----+--------+--------+--------------------+------------+--------------------------------------------+
; Total   ; Incr     ; RF ; Type   ; Fanout ; Location           ; HS/LP      ; Element                                    ;
+---------+----------+----+--------+--------+--------------------+------------+--------------------------------------------+
; 0.000   ; 0.000    ;    ;        ;        ;                    ;            ; latch edge time                            ;
; 0.000   ; 0.000    ;    ; borrow ;        ;                    ;            ; time borrowed                              ;
; 1.983   ; 1.983    ;    ;        ;        ;                    ;            ; clock path                                 ;
;   0.000 ;   0.000  ;    ;        ;        ;                    ;            ; source latency                             ;
;   0.000 ;   0.000  ;    ;        ; 1      ; PIN_AA7            ;            ; ACLK                                       ;
;   0.000 ;   0.000  ; RR ; IC     ; 1      ; IOIBUF_X102_Y7_N47 ;            ; ACLK~input|i                               ;
;   0.263 ;   0.263  ; RR ; CELL   ; 1      ; IOIBUF_X102_Y7_N47 ;            ; ACLK~input|o                               ;
;   0.336 ;   0.073  ; RR ; CELL   ; 1      ; IOIBUF_X102_Y7_N47 ;            ; ACLK~input~io_48_lvds_tile_edge/ioclkin[3] ;
;   0.336 ;   0.000  ; RR ; IC     ; 2      ; CLKCTRL_3A_G_I22   ;            ; ACLK~inputCLKENA0|inclk                    ;
;   0.614 ;   0.278  ; RR ; CELL   ; 731    ; CLKCTRL_3A_G_I22   ;            ; ACLK~inputCLKENA0|outclk                   ;
;   2.157 ;   1.543  ; RR ; IC     ; 1      ; FF_X37_Y41_N1      ; High Speed ; dut|wrapper|axiif.BVALID|clk               ;
;   2.157 ;   0.000  ; RR ; CELL   ; 1      ; FF_X37_Y41_N1      ; High Speed ; dut|wrapper|axiif.BVALID                   ;
;   1.983 ;   -0.174 ;    ;        ;        ;                    ;            ; clock pessimism removed                    ;
; 1.983   ; 0.000    ;    ;        ;        ;                    ;            ; clock uncertainty                          ;
; 2.214   ; 0.231    ;    ; uTh    ; 1      ; FF_X37_Y41_N1      ;            ; dut|wrapper|axiif.BVALID                   ;
+---------+----------+----+--------+--------+--------------------+------------+--------------------------------------------+



Path #9: Hold slack is 0.022 
===============================================================================
+------------------------------------------------------------+
; Path Summary                                               ;
+---------------------------------+--------------------------+
; Property                        ; Value                    ;
+---------------------------------+--------------------------+
; From Node                       ; dut|timer1|reg_status[0] ;
; To Node                         ; dut|timer1|reg_status[0] ;
; Launch Clock                    ; clk                      ;
; Latch Clock                     ; clk                      ;
; SDC Exception                   ; No SDC Exception on Path ;
; Data Arrival Time               ; 2.242                    ;
; Data Required Time              ; 2.220                    ;
; Slack                           ; 0.022                    ;
; Worst-Case Operating Conditions ; Fast 900mV -40C Model    ;
+---------------------------------+--------------------------+

+------------------------------------------------------------------------------------+
; Statistics                                                                         ;
+------------------------+--------+-------+-------------+------------+-------+-------+
; Property               ; Value  ; Count ; Total Delay ; % of Total ; Min   ; Max   ;
+------------------------+--------+-------+-------------+------------+-------+-------+
; Hold Relationship      ; 0.000  ;       ;             ;            ;       ;       ;
; Clock Skew             ; -0.001 ;       ;             ;            ;       ;       ;
; Data Delay             ; 0.256  ;       ;             ;            ;       ;       ;
; Number of Logic Levels ;        ; 1     ;             ;            ;       ;       ;
; Physical Delays        ;        ;       ;             ;            ;       ;       ;
;  Arrival Path          ;        ;       ;             ;            ;       ;       ;
;   Clock                ;        ;       ;             ;            ;       ;       ;
;    IC                  ;        ; 3     ; 1.432       ; 72         ; 0.000 ; 1.432 ;
;    Cell                ;        ; 4     ; 0.554       ; 28         ; 0.000 ; 0.263 ;
;   Data                 ;        ;       ;             ;            ;       ;       ;
;    Cell                ;        ; 4     ; 0.156       ; 61         ; 0.000 ; 0.156 ;
;    uTco                ;        ; 1     ; 0.100       ; 39         ; 0.100 ; 0.100 ;
;  Required Path         ;        ;       ;             ;            ;       ;       ;
;   Clock                ;        ;       ;             ;            ;       ;       ;
;    IC                  ;        ; 3     ; 1.546       ; 72         ; 0.000 ; 1.546 ;
;    Cell                ;        ; 4     ; 0.614       ; 28         ; 0.000 ; 0.278 ;
+------------------------+--------+-------+-------------+------------+-------+-------+
Note: Negative delays are omitted from totals when calculating percentages

+--------------------------------------------------------------------------------------------------------------------------+
; Data Arrival Path                                                                                                        ;
+---------+---------+----+--------+--------+---------------------+------------+--------------------------------------------+
; Total   ; Incr    ; RF ; Type   ; Fanout ; Location            ; HS/LP      ; Element                                    ;
+---------+---------+----+--------+--------+---------------------+------------+--------------------------------------------+
; 0.000   ; 0.000   ;    ;        ;        ;                     ;            ; launch edge time                           ;
; 0.000   ; 0.000   ;    ; borrow ;        ;                     ;            ; time borrowed                              ;
; 1.986   ; 1.986   ;    ;        ;        ;                     ;            ; clock path                                 ;
;   0.000 ;   0.000 ;    ;        ;        ;                     ;            ; source latency                             ;
;   0.000 ;   0.000 ;    ;        ; 1      ; PIN_AA7             ;            ; ACLK                                       ;
;   0.000 ;   0.000 ; RR ; IC     ; 1      ; IOIBUF_X102_Y7_N47  ;            ; ACLK~input|i                               ;
;   0.263 ;   0.263 ; RR ; CELL   ; 1      ; IOIBUF_X102_Y7_N47  ;            ; ACLK~input|o                               ;
;   0.325 ;   0.062 ; RR ; CELL   ; 1      ; IOIBUF_X102_Y7_N47  ;            ; ACLK~input~io_48_lvds_tile_edge/ioclkin[3] ;
;   0.325 ;   0.000 ; RR ; IC     ; 2      ; CLKCTRL_3A_G_I22    ;            ; ACLK~inputCLKENA0|inclk                    ;
;   0.554 ;   0.229 ; RR ; CELL   ; 731    ; CLKCTRL_3A_G_I22    ;            ; ACLK~inputCLKENA0|outclk                   ;
;   1.986 ;   1.432 ; RR ; IC     ; 1      ; FF_X36_Y40_N14      ; High Speed ; dut|timer1|reg_status[0]|clk               ;
;   1.986 ;   0.000 ; RR ; CELL   ; 1      ; FF_X36_Y40_N14      ; High Speed ; dut|timer1|reg_status[0]                   ;
; 2.242   ; 0.256   ;    ;        ;        ;                     ;            ; data path                                  ;
;   2.086 ;   0.100 ; FF ; uTco   ; 2      ; FF_X36_Y40_N14      ;            ; dut|timer1|reg_status[0]|q                 ;
;   2.086 ;   0.000 ; FF ; CELL   ; 1      ; LABCELL_X36_Y40_N12 ; High Speed ; dut|timer1|i575~2|datae                    ;
;   2.242 ;   0.156 ; FF ; CELL   ; 1      ; LABCELL_X36_Y40_N12 ; High Speed ; dut|timer1|i575~2|combout                  ;
;   2.242 ;   0.000 ; FF ; CELL   ; 1      ; FF_X36_Y40_N14      ; High Speed ; dut|timer1|reg_status[0]|d                 ;
;   2.242 ;   0.000 ; FF ; CELL   ; 1      ; FF_X36_Y40_N14      ; High Speed ; dut|timer1|reg_status[0]                   ;
+---------+---------+----+--------+--------+---------------------+------------+--------------------------------------------+

+--------------------------------------------------------------------------------------------------------------------------+
; Data Required Path                                                                                                       ;
+---------+----------+----+--------+--------+--------------------+------------+--------------------------------------------+
; Total   ; Incr     ; RF ; Type   ; Fanout ; Location           ; HS/LP      ; Element                                    ;
+---------+----------+----+--------+--------+--------------------+------------+--------------------------------------------+
; 0.000   ; 0.000    ;    ;        ;        ;                    ;            ; latch edge time                            ;
; 0.000   ; 0.000    ;    ; borrow ;        ;                    ;            ; time borrowed                              ;
; 1.985   ; 1.985    ;    ;        ;        ;                    ;            ; clock path                                 ;
;   0.000 ;   0.000  ;    ;        ;        ;                    ;            ; source latency                             ;
;   0.000 ;   0.000  ;    ;        ; 1      ; PIN_AA7            ;            ; ACLK                                       ;
;   0.000 ;   0.000  ; RR ; IC     ; 1      ; IOIBUF_X102_Y7_N47 ;            ; ACLK~input|i                               ;
;   0.263 ;   0.263  ; RR ; CELL   ; 1      ; IOIBUF_X102_Y7_N47 ;            ; ACLK~input|o                               ;
;   0.336 ;   0.073  ; RR ; CELL   ; 1      ; IOIBUF_X102_Y7_N47 ;            ; ACLK~input~io_48_lvds_tile_edge/ioclkin[3] ;
;   0.336 ;   0.000  ; RR ; IC     ; 2      ; CLKCTRL_3A_G_I22   ;            ; ACLK~inputCLKENA0|inclk                    ;
;   0.614 ;   0.278  ; RR ; CELL   ; 731    ; CLKCTRL_3A_G_I22   ;            ; ACLK~inputCLKENA0|outclk                   ;
;   2.160 ;   1.546  ; RR ; IC     ; 1      ; FF_X36_Y40_N14     ; High Speed ; dut|timer1|reg_status[0]|clk               ;
;   2.160 ;   0.000  ; RR ; CELL   ; 1      ; FF_X36_Y40_N14     ; High Speed ; dut|timer1|reg_status[0]                   ;
;   1.985 ;   -0.175 ;    ;        ;        ;                    ;            ; clock pessimism removed                    ;
; 1.985   ; 0.000    ;    ;        ;        ;                    ;            ; clock uncertainty                          ;
; 2.220   ; 0.235    ;    ; uTh    ; 1      ; FF_X36_Y40_N14     ;            ; dut|timer1|reg_status[0]                   ;
+---------+----------+----+--------+--------+--------------------+------------+--------------------------------------------+



Path #10: Hold slack is 0.032 
===============================================================================
+------------------------------------------------------------+
; Path Summary                                               ;
+---------------------------------+--------------------------+
; Property                        ; Value                    ;
+---------------------------------+--------------------------+
; From Node                       ; dut|fifo1|wptr[0]        ;
; To Node                         ; dut|fifo1|wptr[0]        ;
; Launch Clock                    ; clk                      ;
; Latch Clock                     ; clk                      ;
; SDC Exception                   ; No SDC Exception on Path ;
; Data Arrival Time               ; 2.252                    ;
; Data Required Time              ; 2.220                    ;
; Slack                           ; 0.032                    ;
; Worst-Case Operating Conditions ; Fast 900mV -40C Model    ;
+---------------------------------+--------------------------+

+-----------------------------------------------------------------------------------+
; Statistics                                                                        ;
+------------------------+-------+-------+-------------+------------+-------+-------+
; Property               ; Value ; Count ; Total Delay ; % of Total ; Min   ; Max   ;
+------------------------+-------+-------+-------------+------------+-------+-------+
; Hold Relationship      ; 0.000 ;       ;             ;            ;       ;       ;
; Clock Skew             ; 0.001 ;       ;             ;            ;       ;       ;
; Data Delay             ; 0.271 ;       ;             ;            ;       ;       ;
; Number of Logic Levels ;       ; 1     ;             ;            ;       ;       ;
; Physical Delays        ;       ;       ;             ;            ;       ;       ;
;  Arrival Path          ;       ;       ;             ;            ;       ;       ;
;   Clock                ;       ;       ;             ;            ;       ;       ;
;    IC                  ;       ; 3     ; 1.427       ; 72         ; 0.000 ; 1.427 ;
;    Cell                ;       ; 4     ; 0.554       ; 28         ; 0.000 ; 0.263 ;
;   Data                 ;       ;       ;             ;            ;       ;       ;
;    Cell                ;       ; 4     ; 0.170       ; 63         ; 0.000 ; 0.170 ;
;    uTco                ;       ; 1     ; 0.101       ; 37         ; 0.101 ; 0.101 ;
;  Required Path         ;       ;       ;             ;            ;       ;       ;
;   Clock                ;       ;       ;             ;            ;       ;       ;
;    IC                  ;       ; 3     ; 1.542       ; 72         ; 0.000 ; 1.542 ;
;    Cell                ;       ; 4     ; 0.614       ; 28         ; 0.000 ; 0.278 ;
+------------------------+-------+-------+-------------+------------+-------+-------+
Note: Negative delays are omitted from totals when calculating percentages

+-------------------------------------------------------------------------------------------------------------------------+
; Data Arrival Path                                                                                                       ;
+---------+---------+----+--------+--------+---------------------+-----------+--------------------------------------------+
; Total   ; Incr    ; RF ; Type   ; Fanout ; Location            ; HS/LP     ; Element                                    ;
+---------+---------+----+--------+--------+---------------------+-----------+--------------------------------------------+
; 0.000   ; 0.000   ;    ;        ;        ;                     ;           ; launch edge time                           ;
; 0.000   ; 0.000   ;    ; borrow ;        ;                     ;           ; time borrowed                              ;
; 1.981   ; 1.981   ;    ;        ;        ;                     ;           ; clock path                                 ;
;   0.000 ;   0.000 ;    ;        ;        ;                     ;           ; source latency                             ;
;   0.000 ;   0.000 ;    ;        ; 1      ; PIN_AA7             ;           ; ACLK                                       ;
;   0.000 ;   0.000 ; RR ; IC     ; 1      ; IOIBUF_X102_Y7_N47  ;           ; ACLK~input|i                               ;
;   0.263 ;   0.263 ; RR ; CELL   ; 1      ; IOIBUF_X102_Y7_N47  ;           ; ACLK~input|o                               ;
;   0.325 ;   0.062 ; RR ; CELL   ; 1      ; IOIBUF_X102_Y7_N47  ;           ; ACLK~input~io_48_lvds_tile_edge/ioclkin[3] ;
;   0.325 ;   0.000 ; RR ; IC     ; 2      ; CLKCTRL_3A_G_I22    ;           ; ACLK~inputCLKENA0|inclk                    ;
;   0.554 ;   0.229 ; RR ; CELL   ; 731    ; CLKCTRL_3A_G_I22    ;           ; ACLK~inputCLKENA0|outclk                   ;
;   1.981 ;   1.427 ; RR ; IC     ; 1      ; FF_X27_Y39_N50      ; Low Power ; dut|fifo1|wptr[0]|clk                      ;
;   1.981 ;   0.000 ; RR ; CELL   ; 1      ; FF_X27_Y39_N50      ; Low Power ; dut|fifo1|wptr[0]                          ;
; 2.252   ; 0.271   ;    ;        ;        ;                     ;           ; data path                                  ;
;   2.082 ;   0.101 ; FF ; uTco   ; 2      ; FF_X27_Y39_N50      ;           ; dut|fifo1|wptr[0]|q                        ;
;   2.082 ;   0.000 ; FF ; CELL   ; 1      ; LABCELL_X27_Y39_N48 ; Low Power ; dut|fifo1|wptr[0]~3|datae                  ;
;   2.252 ;   0.170 ; FR ; CELL   ; 1      ; LABCELL_X27_Y39_N48 ; Low Power ; dut|fifo1|wptr[0]~3|combout                ;
;   2.252 ;   0.000 ; RR ; CELL   ; 1      ; FF_X27_Y39_N50      ; Low Power ; dut|fifo1|wptr[0]|d                        ;
;   2.252 ;   0.000 ; RR ; CELL   ; 1      ; FF_X27_Y39_N50      ; Low Power ; dut|fifo1|wptr[0]                          ;
+---------+---------+----+--------+--------+---------------------+-----------+--------------------------------------------+

+-------------------------------------------------------------------------------------------------------------------------+
; Data Required Path                                                                                                      ;
+---------+----------+----+--------+--------+--------------------+-----------+--------------------------------------------+
; Total   ; Incr     ; RF ; Type   ; Fanout ; Location           ; HS/LP     ; Element                                    ;
+---------+----------+----+--------+--------+--------------------+-----------+--------------------------------------------+
; 0.000   ; 0.000    ;    ;        ;        ;                    ;           ; latch edge time                            ;
; 0.000   ; 0.000    ;    ; borrow ;        ;                    ;           ; time borrowed                              ;
; 1.982   ; 1.982    ;    ;        ;        ;                    ;           ; clock path                                 ;
;   0.000 ;   0.000  ;    ;        ;        ;                    ;           ; source latency                             ;
;   0.000 ;   0.000  ;    ;        ; 1      ; PIN_AA7            ;           ; ACLK                                       ;
;   0.000 ;   0.000  ; RR ; IC     ; 1      ; IOIBUF_X102_Y7_N47 ;           ; ACLK~input|i                               ;
;   0.263 ;   0.263  ; RR ; CELL   ; 1      ; IOIBUF_X102_Y7_N47 ;           ; ACLK~input|o                               ;
;   0.336 ;   0.073  ; RR ; CELL   ; 1      ; IOIBUF_X102_Y7_N47 ;           ; ACLK~input~io_48_lvds_tile_edge/ioclkin[3] ;
;   0.336 ;   0.000  ; RR ; IC     ; 2      ; CLKCTRL_3A_G_I22   ;           ; ACLK~inputCLKENA0|inclk                    ;
;   0.614 ;   0.278  ; RR ; CELL   ; 731    ; CLKCTRL_3A_G_I22   ;           ; ACLK~inputCLKENA0|outclk                   ;
;   2.156 ;   1.542  ; RR ; IC     ; 1      ; FF_X27_Y39_N50     ; Low Power ; dut|fifo1|wptr[0]|clk                      ;
;   2.156 ;   0.000  ; RR ; CELL   ; 1      ; FF_X27_Y39_N50     ; Low Power ; dut|fifo1|wptr[0]                          ;
;   1.982 ;   -0.174 ;    ;        ;        ;                    ;           ; clock pessimism removed                    ;
; 1.982   ; 0.000    ;    ;        ;        ;                    ;           ; clock uncertainty                          ;
; 2.220   ; 0.238    ;    ; uTh    ; 1      ; FF_X27_Y39_N50     ;           ; dut|fifo1|wptr[0]                          ;
+---------+----------+----+--------+--------+--------------------+-----------+--------------------------------------------+



+--------------------------+
; Timing Analyzer Messages ;
+--------------------------+
Info (20030): Parallel compilation is enabled and will use 14 of the 14 processors detected
Info: *******************************************************************
Info: Running Quartus Prime Timing Analyzer
    Info: Version 26.1.0 Build 110 03/26/2026 SC Pro Edition
    Info: Processing started: Sun Jul  5 18:22:36 2026
    Info: System process ID: 29524
Info: Command: quartus_sta axi4lite_subsystem -c axi4lite_subsystem --mode=finalize
Info: qsta_default_script.tcl version: #1
Info (16677): Loading final database.
Info (16734): Loading "final" snapshot for partition "root_partition".
Info (16678): Successfully loaded final database: elapsed time is 00:00:02.
Info (21077): Low junction temperature is -40 degrees C
Info (21077): High junction temperature is 100 degrees C
Info (19539): Reading the HDL-embedded SDC files elapsed 00:00:00.
Info (332104): Reading SDC File: 'rtl/contraints.sdc'
Info (19449): Reading SDC files elapsed 00:00:00.
Info (332143): No user constrained clock uncertainty found in the design. Calling "derive_clock_uncertainty"
Info (332123): Deriving Clock Uncertainty. Please refer to report_sdc in the Timing Analyzer to see clock uncertainties.
Info: Found TIMING_ANALYZER_REPORT_SCRIPT_INCLUDE_DEFAULT_ANALYSIS = ON
Info (332146): Worst-case setup slack is 3.923
    Info (332119):     Slack       End Point TNS Failing End Points      Clock Worst-Case Operating Conditions 
    Info (332119): ========= =================== ========= ========== ===================== 
    Info (332119):     3.923               0.000         0        clk Slow 900mV 100C Model 
Info (332146): Worst-case hold slack is 0.019
    Info (332119):     Slack       End Point TNS Failing End Points      Clock Worst-Case Operating Conditions 
    Info (332119): ========= =================== ========= ========== ===================== 
    Info (332119):     0.019               0.000         0        clk Fast 900mV -40C Model 
Info (332140): No Recovery paths to report
Info (332140): No Removal paths to report
Info (332140): No Setup paths to report
Info (332140): No Recovery paths to report
Info (332146): Worst-case minimum pulse width slack is 4.450
    Info (332119):     Slack       End Point TNS Failing End Points      Clock Worst-Case Operating Conditions 
    Info (332119): ========= =================== ========= ========== ===================== 
    Info (332119):     4.450               0.000         0        clk Slow 900mV -40C Model 
Info (332102): Design is not fully constrained for setup requirements
Info (332102): Design is not fully constrained for hold requirements
Info (24095): Timing requirements were met
Info: Quartus Prime Timing Analyzer was successful. 0 errors, 0 warnings
    Info: Peak virtual memory: 2087 megabytes
    Info: Processing ended: Sun Jul  5 18:22:43 2026
    Info: Elapsed time: 00:00:07
    Info: System process ID: 29524


+------------------------------------------------------------------+
; Unconstrained Paths Summary                                      ;
+---------------------------------------------------+-------+------+
; Property                                          ; Setup ; Hold ;
+---------------------------------------------------+-------+------+
; Illegal Clocks                                    ; 0     ; 0    ;
; Unconstrained Clocks                              ; 0     ; 0    ;
; Unconstrained Input Ports                         ; 134   ; 134  ;
; Paths from Unconstrained Input Ports (Pairs-Only) ; 1038  ; 1038 ;
; Unconstrained Output Ports                        ; 105   ; 105  ;
; Paths to Unconstrained Output Ports (Pairs-Only)  ; 207   ; 207  ;
+---------------------------------------------------+-------+------+


+-------------------------------------+
; Clock Status Summary                ;
+--------+-------+------+-------------+
; Target ; Clock ; Type ; Status      ;
+--------+-------+------+-------------+
; ACLK   ; clk   ; Base ; Constrained ;
+--------+-------+------+-------------+


+----------------------------------------------------------------------------------------------------+
; Unconstrained Input Ports                                                                          ;
+-------------+--------------------------------------------------------------------------------------+
; Input Port  ; Comment                                                                              ;
+-------------+--------------------------------------------------------------------------------------+
; BREADY      ; No input delay, min/max delays, false-path exceptions, or max skew assignments found ;
; AWVALID     ; No input delay, min/max delays, false-path exceptions, or max skew assignments found ;
; WVALID      ; No input delay, min/max delays, false-path exceptions, or max skew assignments found ;
; ARESETn     ; No input delay, min/max delays, false-path exceptions, or max skew assignments found ;
; RREADY      ; No input delay, min/max delays, false-path exceptions, or max skew assignments found ;
; ARVALID     ; No input delay, min/max delays, false-path exceptions, or max skew assignments found ;
; gpio_in[0]  ; No input delay, min/max delays, false-path exceptions, or max skew assignments found ;
; gpio_in[1]  ; No input delay, min/max delays, false-path exceptions, or max skew assignments found ;
; gpio_in[2]  ; No input delay, min/max delays, false-path exceptions, or max skew assignments found ;
; gpio_in[3]  ; No input delay, min/max delays, false-path exceptions, or max skew assignments found ;
; gpio_in[4]  ; No input delay, min/max delays, false-path exceptions, or max skew assignments found ;
; gpio_in[5]  ; No input delay, min/max delays, false-path exceptions, or max skew assignments found ;
; gpio_in[6]  ; No input delay, min/max delays, false-path exceptions, or max skew assignments found ;
; gpio_in[7]  ; No input delay, min/max delays, false-path exceptions, or max skew assignments found ;
; gpio_in[8]  ; No input delay, min/max delays, false-path exceptions, or max skew assignments found ;
; gpio_in[9]  ; No input delay, min/max delays, false-path exceptions, or max skew assignments found ;
; gpio_in[10] ; No input delay, min/max delays, false-path exceptions, or max skew assignments found ;
; gpio_in[11] ; No input delay, min/max delays, false-path exceptions, or max skew assignments found ;
; gpio_in[12] ; No input delay, min/max delays, false-path exceptions, or max skew assignments found ;
; gpio_in[13] ; No input delay, min/max delays, false-path exceptions, or max skew assignments found ;
; gpio_in[14] ; No input delay, min/max delays, false-path exceptions, or max skew assignments found ;
; gpio_in[15] ; No input delay, min/max delays, false-path exceptions, or max skew assignments found ;
; gpio_in[16] ; No input delay, min/max delays, false-path exceptions, or max skew assignments found ;
; gpio_in[17] ; No input delay, min/max delays, false-path exceptions, or max skew assignments found ;
; gpio_in[18] ; No input delay, min/max delays, false-path exceptions, or max skew assignments found ;
; gpio_in[19] ; No input delay, min/max delays, false-path exceptions, or max skew assignments found ;
; gpio_in[20] ; No input delay, min/max delays, false-path exceptions, or max skew assignments found ;
; gpio_in[21] ; No input delay, min/max delays, false-path exceptions, or max skew assignments found ;
; gpio_in[22] ; No input delay, min/max delays, false-path exceptions, or max skew assignments found ;
; gpio_in[23] ; No input delay, min/max delays, false-path exceptions, or max skew assignments found ;
; gpio_in[24] ; No input delay, min/max delays, false-path exceptions, or max skew assignments found ;
; gpio_in[25] ; No input delay, min/max delays, false-path exceptions, or max skew assignments found ;
; gpio_in[26] ; No input delay, min/max delays, false-path exceptions, or max skew assignments found ;
; gpio_in[27] ; No input delay, min/max delays, false-path exceptions, or max skew assignments found ;
; gpio_in[28] ; No input delay, min/max delays, false-path exceptions, or max skew assignments found ;
; gpio_in[29] ; No input delay, min/max delays, false-path exceptions, or max skew assignments found ;
; gpio_in[30] ; No input delay, min/max delays, false-path exceptions, or max skew assignments found ;
; gpio_in[31] ; No input delay, min/max delays, false-path exceptions, or max skew assignments found ;
; ARADDR[31]  ; No input delay, min/max delays, false-path exceptions, or max skew assignments found ;
; AWADDR[31]  ; No input delay, min/max delays, false-path exceptions, or max skew assignments found ;
; ARADDR[9]   ; No input delay, min/max delays, false-path exceptions, or max skew assignments found ;
; AWADDR[9]   ; No input delay, min/max delays, false-path exceptions, or max skew assignments found ;
; ARADDR[8]   ; No input delay, min/max delays, false-path exceptions, or max skew assignments found ;
; AWADDR[8]   ; No input delay, min/max delays, false-path exceptions, or max skew assignments found ;
; ARADDR[10]  ; No input delay, min/max delays, false-path exceptions, or max skew assignments found ;
; AWADDR[10]  ; No input delay, min/max delays, false-path exceptions, or max skew assignments found ;
; ARADDR[19]  ; No input delay, min/max delays, false-path exceptions, or max skew assignments found ;
; AWADDR[19]  ; No input delay, min/max delays, false-path exceptions, or max skew assignments found ;
; ARADDR[18]  ; No input delay, min/max delays, false-path exceptions, or max skew assignments found ;
; AWADDR[18]  ; No input delay, min/max delays, false-path exceptions, or max skew assignments found ;
; ARADDR[16]  ; No input delay, min/max delays, false-path exceptions, or max skew assignments found ;
; AWADDR[16]  ; No input delay, min/max delays, false-path exceptions, or max skew assignments found ;
; ARADDR[15]  ; No input delay, min/max delays, false-path exceptions, or max skew assignments found ;
; AWADDR[15]  ; No input delay, min/max delays, false-path exceptions, or max skew assignments found ;
; ARADDR[14]  ; No input delay, min/max delays, false-path exceptions, or max skew assignments found ;
; AWADDR[14]  ; No input delay, min/max delays, false-path exceptions, or max skew assignments found ;
; ARADDR[13]  ; No input delay, min/max delays, false-path exceptions, or max skew assignments found ;
; AWADDR[13]  ; No input delay, min/max delays, false-path exceptions, or max skew assignments found ;
; ARADDR[12]  ; No input delay, min/max delays, false-path exceptions, or max skew assignments found ;
; AWADDR[12]  ; No input delay, min/max delays, false-path exceptions, or max skew assignments found ;
; ARADDR[11]  ; No input delay, min/max delays, false-path exceptions, or max skew assignments found ;
; AWADDR[11]  ; No input delay, min/max delays, false-path exceptions, or max skew assignments found ;
; ARADDR[30]  ; No input delay, min/max delays, false-path exceptions, or max skew assignments found ;
; AWADDR[30]  ; No input delay, min/max delays, false-path exceptions, or max skew assignments found ;
; ARADDR[29]  ; No input delay, min/max delays, false-path exceptions, or max skew assignments found ;
; AWADDR[29]  ; No input delay, min/max delays, false-path exceptions, or max skew assignments found ;
; ARADDR[28]  ; No input delay, min/max delays, false-path exceptions, or max skew assignments found ;
; AWADDR[28]  ; No input delay, min/max delays, false-path exceptions, or max skew assignments found ;
; ARADDR[27]  ; No input delay, min/max delays, false-path exceptions, or max skew assignments found ;
; AWADDR[27]  ; No input delay, min/max delays, false-path exceptions, or max skew assignments found ;
; ARADDR[26]  ; No input delay, min/max delays, false-path exceptions, or max skew assignments found ;
; AWADDR[26]  ; No input delay, min/max delays, false-path exceptions, or max skew assignments found ;
; ARADDR[25]  ; No input delay, min/max delays, false-path exceptions, or max skew assignments found ;
; AWADDR[25]  ; No input delay, min/max delays, false-path exceptions, or max skew assignments found ;
; ARADDR[24]  ; No input delay, min/max delays, false-path exceptions, or max skew assignments found ;
; AWADDR[24]  ; No input delay, min/max delays, false-path exceptions, or max skew assignments found ;
; ARADDR[17]  ; No input delay, min/max delays, false-path exceptions, or max skew assignments found ;
; AWADDR[17]  ; No input delay, min/max delays, false-path exceptions, or max skew assignments found ;
; ARADDR[23]  ; No input delay, min/max delays, false-path exceptions, or max skew assignments found ;
; AWADDR[23]  ; No input delay, min/max delays, false-path exceptions, or max skew assignments found ;
; ARADDR[22]  ; No input delay, min/max delays, false-path exceptions, or max skew assignments found ;
; AWADDR[22]  ; No input delay, min/max delays, false-path exceptions, or max skew assignments found ;
; ARADDR[21]  ; No input delay, min/max delays, false-path exceptions, or max skew assignments found ;
; AWADDR[21]  ; No input delay, min/max delays, false-path exceptions, or max skew assignments found ;
; ARADDR[20]  ; No input delay, min/max delays, false-path exceptions, or max skew assignments found ;
; AWADDR[20]  ; No input delay, min/max delays, false-path exceptions, or max skew assignments found ;
; ARADDR[3]   ; No input delay, min/max delays, false-path exceptions, or max skew assignments found ;
; AWADDR[3]   ; No input delay, min/max delays, false-path exceptions, or max skew assignments found ;
; ARADDR[4]   ; No input delay, min/max delays, false-path exceptions, or max skew assignments found ;
; AWADDR[4]   ; No input delay, min/max delays, false-path exceptions, or max skew assignments found ;
; ARADDR[0]   ; No input delay, min/max delays, false-path exceptions, or max skew assignments found ;
; AWADDR[0]   ; No input delay, min/max delays, false-path exceptions, or max skew assignments found ;
; ARADDR[2]   ; No input delay, min/max delays, false-path exceptions, or max skew assignments found ;
; AWADDR[2]   ; No input delay, min/max delays, false-path exceptions, or max skew assignments found ;
; ARADDR[7]   ; No input delay, min/max delays, false-path exceptions, or max skew assignments found ;
; AWADDR[7]   ; No input delay, min/max delays, false-path exceptions, or max skew assignments found ;
; ARADDR[1]   ; No input delay, min/max delays, false-path exceptions, or max skew assignments found ;
; AWADDR[1]   ; No input delay, min/max delays, false-path exceptions, or max skew assignments found ;
; ARADDR[5]   ; No input delay, min/max delays, false-path exceptions, or max skew assignments found ;
; AWADDR[5]   ; No input delay, min/max delays, false-path exceptions, or max skew assignments found ;
; ARADDR[6]   ; No input delay, min/max delays, false-path exceptions, or max skew assignments found ;
; AWADDR[6]   ; No input delay, min/max delays, false-path exceptions, or max skew assignments found ;
; WDATA[0]    ; No input delay, min/max delays, false-path exceptions, or max skew assignments found ;
; WDATA[1]    ; No input delay, min/max delays, false-path exceptions, or max skew assignments found ;
; WDATA[2]    ; No input delay, min/max delays, false-path exceptions, or max skew assignments found ;
; WDATA[3]    ; No input delay, min/max delays, false-path exceptions, or max skew assignments found ;
; WDATA[4]    ; No input delay, min/max delays, false-path exceptions, or max skew assignments found ;
; WDATA[5]    ; No input delay, min/max delays, false-path exceptions, or max skew assignments found ;
; WDATA[6]    ; No input delay, min/max delays, false-path exceptions, or max skew assignments found ;
; WDATA[7]    ; No input delay, min/max delays, false-path exceptions, or max skew assignments found ;
; WDATA[8]    ; No input delay, min/max delays, false-path exceptions, or max skew assignments found ;
; WDATA[9]    ; No input delay, min/max delays, false-path exceptions, or max skew assignments found ;
; WDATA[10]   ; No input delay, min/max delays, false-path exceptions, or max skew assignments found ;
; WDATA[11]   ; No input delay, min/max delays, false-path exceptions, or max skew assignments found ;
; WDATA[12]   ; No input delay, min/max delays, false-path exceptions, or max skew assignments found ;
; WDATA[13]   ; No input delay, min/max delays, false-path exceptions, or max skew assignments found ;
; WDATA[14]   ; No input delay, min/max delays, false-path exceptions, or max skew assignments found ;
; WDATA[15]   ; No input delay, min/max delays, false-path exceptions, or max skew assignments found ;
; WDATA[16]   ; No input delay, min/max delays, false-path exceptions, or max skew assignments found ;
; WDATA[17]   ; No input delay, min/max delays, false-path exceptions, or max skew assignments found ;
; WDATA[18]   ; No input delay, min/max delays, false-path exceptions, or max skew assignments found ;
; WDATA[19]   ; No input delay, min/max delays, false-path exceptions, or max skew assignments found ;
; WDATA[20]   ; No input delay, min/max delays, false-path exceptions, or max skew assignments found ;
; WDATA[21]   ; No input delay, min/max delays, false-path exceptions, or max skew assignments found ;
; WDATA[22]   ; No input delay, min/max delays, false-path exceptions, or max skew assignments found ;
; WDATA[23]   ; No input delay, min/max delays, false-path exceptions, or max skew assignments found ;
; WDATA[24]   ; No input delay, min/max delays, false-path exceptions, or max skew assignments found ;
; WDATA[25]   ; No input delay, min/max delays, false-path exceptions, or max skew assignments found ;
; WDATA[26]   ; No input delay, min/max delays, false-path exceptions, or max skew assignments found ;
; WDATA[27]   ; No input delay, min/max delays, false-path exceptions, or max skew assignments found ;
; WDATA[28]   ; No input delay, min/max delays, false-path exceptions, or max skew assignments found ;
; WDATA[29]   ; No input delay, min/max delays, false-path exceptions, or max skew assignments found ;
; WDATA[30]   ; No input delay, min/max delays, false-path exceptions, or max skew assignments found ;
; WDATA[31]   ; No input delay, min/max delays, false-path exceptions, or max skew assignments found ;
+-------------+--------------------------------------------------------------------------------------+


+-------------------------------------------------------------------------------------------------------+
; Unconstrained Output Ports                                                                            ;
+---------------+---------------------------------------------------------------------------------------+
; Output Port   ; Comment                                                                               ;
+---------------+---------------------------------------------------------------------------------------+
; AWREADY       ; No output delay, min/max delays, false-path exceptions, or max skew assignments found ;
; WREADY        ; No output delay, min/max delays, false-path exceptions, or max skew assignments found ;
; BVALID        ; No output delay, min/max delays, false-path exceptions, or max skew assignments found ;
; ARREADY       ; No output delay, min/max delays, false-path exceptions, or max skew assignments found ;
; RDATA[0]      ; No output delay, min/max delays, false-path exceptions, or max skew assignments found ;
; RDATA[1]      ; No output delay, min/max delays, false-path exceptions, or max skew assignments found ;
; RDATA[2]      ; No output delay, min/max delays, false-path exceptions, or max skew assignments found ;
; RDATA[3]      ; No output delay, min/max delays, false-path exceptions, or max skew assignments found ;
; RDATA[4]      ; No output delay, min/max delays, false-path exceptions, or max skew assignments found ;
; RDATA[5]      ; No output delay, min/max delays, false-path exceptions, or max skew assignments found ;
; RDATA[6]      ; No output delay, min/max delays, false-path exceptions, or max skew assignments found ;
; RDATA[7]      ; No output delay, min/max delays, false-path exceptions, or max skew assignments found ;
; RDATA[8]      ; No output delay, min/max delays, false-path exceptions, or max skew assignments found ;
; RDATA[9]      ; No output delay, min/max delays, false-path exceptions, or max skew assignments found ;
; RDATA[10]     ; No output delay, min/max delays, false-path exceptions, or max skew assignments found ;
; RDATA[11]     ; No output delay, min/max delays, false-path exceptions, or max skew assignments found ;
; RDATA[12]     ; No output delay, min/max delays, false-path exceptions, or max skew assignments found ;
; RDATA[13]     ; No output delay, min/max delays, false-path exceptions, or max skew assignments found ;
; RDATA[14]     ; No output delay, min/max delays, false-path exceptions, or max skew assignments found ;
; RDATA[15]     ; No output delay, min/max delays, false-path exceptions, or max skew assignments found ;
; RDATA[16]     ; No output delay, min/max delays, false-path exceptions, or max skew assignments found ;
; RDATA[17]     ; No output delay, min/max delays, false-path exceptions, or max skew assignments found ;
; RDATA[18]     ; No output delay, min/max delays, false-path exceptions, or max skew assignments found ;
; RDATA[19]     ; No output delay, min/max delays, false-path exceptions, or max skew assignments found ;
; RDATA[20]     ; No output delay, min/max delays, false-path exceptions, or max skew assignments found ;
; RDATA[21]     ; No output delay, min/max delays, false-path exceptions, or max skew assignments found ;
; RDATA[22]     ; No output delay, min/max delays, false-path exceptions, or max skew assignments found ;
; RDATA[23]     ; No output delay, min/max delays, false-path exceptions, or max skew assignments found ;
; RDATA[24]     ; No output delay, min/max delays, false-path exceptions, or max skew assignments found ;
; RDATA[25]     ; No output delay, min/max delays, false-path exceptions, or max skew assignments found ;
; RDATA[26]     ; No output delay, min/max delays, false-path exceptions, or max skew assignments found ;
; RDATA[27]     ; No output delay, min/max delays, false-path exceptions, or max skew assignments found ;
; RDATA[28]     ; No output delay, min/max delays, false-path exceptions, or max skew assignments found ;
; RDATA[29]     ; No output delay, min/max delays, false-path exceptions, or max skew assignments found ;
; RDATA[30]     ; No output delay, min/max delays, false-path exceptions, or max skew assignments found ;
; RDATA[31]     ; No output delay, min/max delays, false-path exceptions, or max skew assignments found ;
; RVALID        ; No output delay, min/max delays, false-path exceptions, or max skew assignments found ;
; gpio_out[0]   ; No output delay, min/max delays, false-path exceptions, or max skew assignments found ;
; gpio_out[1]   ; No output delay, min/max delays, false-path exceptions, or max skew assignments found ;
; gpio_out[2]   ; No output delay, min/max delays, false-path exceptions, or max skew assignments found ;
; gpio_out[3]   ; No output delay, min/max delays, false-path exceptions, or max skew assignments found ;
; gpio_out[4]   ; No output delay, min/max delays, false-path exceptions, or max skew assignments found ;
; gpio_out[5]   ; No output delay, min/max delays, false-path exceptions, or max skew assignments found ;
; gpio_out[6]   ; No output delay, min/max delays, false-path exceptions, or max skew assignments found ;
; gpio_out[7]   ; No output delay, min/max delays, false-path exceptions, or max skew assignments found ;
; gpio_out[8]   ; No output delay, min/max delays, false-path exceptions, or max skew assignments found ;
; gpio_out[9]   ; No output delay, min/max delays, false-path exceptions, or max skew assignments found ;
; gpio_out[10]  ; No output delay, min/max delays, false-path exceptions, or max skew assignments found ;
; gpio_out[11]  ; No output delay, min/max delays, false-path exceptions, or max skew assignments found ;
; gpio_out[12]  ; No output delay, min/max delays, false-path exceptions, or max skew assignments found ;
; gpio_out[13]  ; No output delay, min/max delays, false-path exceptions, or max skew assignments found ;
; gpio_out[14]  ; No output delay, min/max delays, false-path exceptions, or max skew assignments found ;
; gpio_out[15]  ; No output delay, min/max delays, false-path exceptions, or max skew assignments found ;
; gpio_out[16]  ; No output delay, min/max delays, false-path exceptions, or max skew assignments found ;
; gpio_out[17]  ; No output delay, min/max delays, false-path exceptions, or max skew assignments found ;
; gpio_out[18]  ; No output delay, min/max delays, false-path exceptions, or max skew assignments found ;
; gpio_out[19]  ; No output delay, min/max delays, false-path exceptions, or max skew assignments found ;
; gpio_out[20]  ; No output delay, min/max delays, false-path exceptions, or max skew assignments found ;
; gpio_out[21]  ; No output delay, min/max delays, false-path exceptions, or max skew assignments found ;
; gpio_out[22]  ; No output delay, min/max delays, false-path exceptions, or max skew assignments found ;
; gpio_out[23]  ; No output delay, min/max delays, false-path exceptions, or max skew assignments found ;
; gpio_out[24]  ; No output delay, min/max delays, false-path exceptions, or max skew assignments found ;
; gpio_out[25]  ; No output delay, min/max delays, false-path exceptions, or max skew assignments found ;
; gpio_out[26]  ; No output delay, min/max delays, false-path exceptions, or max skew assignments found ;
; gpio_out[27]  ; No output delay, min/max delays, false-path exceptions, or max skew assignments found ;
; gpio_out[28]  ; No output delay, min/max delays, false-path exceptions, or max skew assignments found ;
; gpio_out[29]  ; No output delay, min/max delays, false-path exceptions, or max skew assignments found ;
; gpio_out[30]  ; No output delay, min/max delays, false-path exceptions, or max skew assignments found ;
; gpio_out[31]  ; No output delay, min/max delays, false-path exceptions, or max skew assignments found ;
; gpio_oe[0]    ; No output delay, min/max delays, false-path exceptions, or max skew assignments found ;
; gpio_oe[1]    ; No output delay, min/max delays, false-path exceptions, or max skew assignments found ;
; gpio_oe[2]    ; No output delay, min/max delays, false-path exceptions, or max skew assignments found ;
; gpio_oe[3]    ; No output delay, min/max delays, false-path exceptions, or max skew assignments found ;
; gpio_oe[4]    ; No output delay, min/max delays, false-path exceptions, or max skew assignments found ;
; gpio_oe[5]    ; No output delay, min/max delays, false-path exceptions, or max skew assignments found ;
; gpio_oe[6]    ; No output delay, min/max delays, false-path exceptions, or max skew assignments found ;
; gpio_oe[7]    ; No output delay, min/max delays, false-path exceptions, or max skew assignments found ;
; gpio_oe[8]    ; No output delay, min/max delays, false-path exceptions, or max skew assignments found ;
; gpio_oe[9]    ; No output delay, min/max delays, false-path exceptions, or max skew assignments found ;
; gpio_oe[10]   ; No output delay, min/max delays, false-path exceptions, or max skew assignments found ;
; gpio_oe[11]   ; No output delay, min/max delays, false-path exceptions, or max skew assignments found ;
; gpio_oe[12]   ; No output delay, min/max delays, false-path exceptions, or max skew assignments found ;
; gpio_oe[13]   ; No output delay, min/max delays, false-path exceptions, or max skew assignments found ;
; gpio_oe[14]   ; No output delay, min/max delays, false-path exceptions, or max skew assignments found ;
; gpio_oe[15]   ; No output delay, min/max delays, false-path exceptions, or max skew assignments found ;
; gpio_oe[16]   ; No output delay, min/max delays, false-path exceptions, or max skew assignments found ;
; gpio_oe[17]   ; No output delay, min/max delays, false-path exceptions, or max skew assignments found ;
; gpio_oe[18]   ; No output delay, min/max delays, false-path exceptions, or max skew assignments found ;
; gpio_oe[19]   ; No output delay, min/max delays, false-path exceptions, or max skew assignments found ;
; gpio_oe[20]   ; No output delay, min/max delays, false-path exceptions, or max skew assignments found ;
; gpio_oe[21]   ; No output delay, min/max delays, false-path exceptions, or max skew assignments found ;
; gpio_oe[22]   ; No output delay, min/max delays, false-path exceptions, or max skew assignments found ;
; gpio_oe[23]   ; No output delay, min/max delays, false-path exceptions, or max skew assignments found ;
; gpio_oe[24]   ; No output delay, min/max delays, false-path exceptions, or max skew assignments found ;
; gpio_oe[25]   ; No output delay, min/max delays, false-path exceptions, or max skew assignments found ;
; gpio_oe[26]   ; No output delay, min/max delays, false-path exceptions, or max skew assignments found ;
; gpio_oe[27]   ; No output delay, min/max delays, false-path exceptions, or max skew assignments found ;
; gpio_oe[28]   ; No output delay, min/max delays, false-path exceptions, or max skew assignments found ;
; gpio_oe[29]   ; No output delay, min/max delays, false-path exceptions, or max skew assignments found ;
; gpio_oe[30]   ; No output delay, min/max delays, false-path exceptions, or max skew assignments found ;
; gpio_oe[31]   ; No output delay, min/max delays, false-path exceptions, or max skew assignments found ;
; combined_irq  ; No output delay, min/max delays, false-path exceptions, or max skew assignments found ;
; irq_status[0] ; No output delay, min/max delays, false-path exceptions, or max skew assignments found ;
; irq_status[1] ; No output delay, min/max delays, false-path exceptions, or max skew assignments found ;
; irq_status[2] ; No output delay, min/max delays, false-path exceptions, or max skew assignments found ;
+---------------+---------------------------------------------------------------------------------------+


+----------------------------------------------------------------------------------------------------+
; Unconstrained Input Ports                                                                          ;
+-------------+--------------------------------------------------------------------------------------+
; Input Port  ; Comment                                                                              ;
+-------------+--------------------------------------------------------------------------------------+
; BREADY      ; No input delay, min/max delays, false-path exceptions, or max skew assignments found ;
; AWVALID     ; No input delay, min/max delays, false-path exceptions, or max skew assignments found ;
; WVALID      ; No input delay, min/max delays, false-path exceptions, or max skew assignments found ;
; ARESETn     ; No input delay, min/max delays, false-path exceptions, or max skew assignments found ;
; RREADY      ; No input delay, min/max delays, false-path exceptions, or max skew assignments found ;
; ARVALID     ; No input delay, min/max delays, false-path exceptions, or max skew assignments found ;
; gpio_in[0]  ; No input delay, min/max delays, false-path exceptions, or max skew assignments found ;
; gpio_in[1]  ; No input delay, min/max delays, false-path exceptions, or max skew assignments found ;
; gpio_in[2]  ; No input delay, min/max delays, false-path exceptions, or max skew assignments found ;
; gpio_in[3]  ; No input delay, min/max delays, false-path exceptions, or max skew assignments found ;
; gpio_in[4]  ; No input delay, min/max delays, false-path exceptions, or max skew assignments found ;
; gpio_in[5]  ; No input delay, min/max delays, false-path exceptions, or max skew assignments found ;
; gpio_in[6]  ; No input delay, min/max delays, false-path exceptions, or max skew assignments found ;
; gpio_in[7]  ; No input delay, min/max delays, false-path exceptions, or max skew assignments found ;
; gpio_in[8]  ; No input delay, min/max delays, false-path exceptions, or max skew assignments found ;
; gpio_in[9]  ; No input delay, min/max delays, false-path exceptions, or max skew assignments found ;
; gpio_in[10] ; No input delay, min/max delays, false-path exceptions, or max skew assignments found ;
; gpio_in[11] ; No input delay, min/max delays, false-path exceptions, or max skew assignments found ;
; gpio_in[12] ; No input delay, min/max delays, false-path exceptions, or max skew assignments found ;
; gpio_in[13] ; No input delay, min/max delays, false-path exceptions, or max skew assignments found ;
; gpio_in[14] ; No input delay, min/max delays, false-path exceptions, or max skew assignments found ;
; gpio_in[15] ; No input delay, min/max delays, false-path exceptions, or max skew assignments found ;
; gpio_in[16] ; No input delay, min/max delays, false-path exceptions, or max skew assignments found ;
; gpio_in[17] ; No input delay, min/max delays, false-path exceptions, or max skew assignments found ;
; gpio_in[18] ; No input delay, min/max delays, false-path exceptions, or max skew assignments found ;
; gpio_in[19] ; No input delay, min/max delays, false-path exceptions, or max skew assignments found ;
; gpio_in[20] ; No input delay, min/max delays, false-path exceptions, or max skew assignments found ;
; gpio_in[21] ; No input delay, min/max delays, false-path exceptions, or max skew assignments found ;
; gpio_in[22] ; No input delay, min/max delays, false-path exceptions, or max skew assignments found ;
; gpio_in[23] ; No input delay, min/max delays, false-path exceptions, or max skew assignments found ;
; gpio_in[24] ; No input delay, min/max delays, false-path exceptions, or max skew assignments found ;
; gpio_in[25] ; No input delay, min/max delays, false-path exceptions, or max skew assignments found ;
; gpio_in[26] ; No input delay, min/max delays, false-path exceptions, or max skew assignments found ;
; gpio_in[27] ; No input delay, min/max delays, false-path exceptions, or max skew assignments found ;
; gpio_in[28] ; No input delay, min/max delays, false-path exceptions, or max skew assignments found ;
; gpio_in[29] ; No input delay, min/max delays, false-path exceptions, or max skew assignments found ;
; gpio_in[30] ; No input delay, min/max delays, false-path exceptions, or max skew assignments found ;
; gpio_in[31] ; No input delay, min/max delays, false-path exceptions, or max skew assignments found ;
; ARADDR[31]  ; No input delay, min/max delays, false-path exceptions, or max skew assignments found ;
; AWADDR[31]  ; No input delay, min/max delays, false-path exceptions, or max skew assignments found ;
; ARADDR[9]   ; No input delay, min/max delays, false-path exceptions, or max skew assignments found ;
; AWADDR[9]   ; No input delay, min/max delays, false-path exceptions, or max skew assignments found ;
; ARADDR[8]   ; No input delay, min/max delays, false-path exceptions, or max skew assignments found ;
; AWADDR[8]   ; No input delay, min/max delays, false-path exceptions, or max skew assignments found ;
; ARADDR[10]  ; No input delay, min/max delays, false-path exceptions, or max skew assignments found ;
; AWADDR[10]  ; No input delay, min/max delays, false-path exceptions, or max skew assignments found ;
; ARADDR[19]  ; No input delay, min/max delays, false-path exceptions, or max skew assignments found ;
; AWADDR[19]  ; No input delay, min/max delays, false-path exceptions, or max skew assignments found ;
; ARADDR[18]  ; No input delay, min/max delays, false-path exceptions, or max skew assignments found ;
; AWADDR[18]  ; No input delay, min/max delays, false-path exceptions, or max skew assignments found ;
; ARADDR[16]  ; No input delay, min/max delays, false-path exceptions, or max skew assignments found ;
; AWADDR[16]  ; No input delay, min/max delays, false-path exceptions, or max skew assignments found ;
; ARADDR[15]  ; No input delay, min/max delays, false-path exceptions, or max skew assignments found ;
; AWADDR[15]  ; No input delay, min/max delays, false-path exceptions, or max skew assignments found ;
; ARADDR[14]  ; No input delay, min/max delays, false-path exceptions, or max skew assignments found ;
; AWADDR[14]  ; No input delay, min/max delays, false-path exceptions, or max skew assignments found ;
; ARADDR[13]  ; No input delay, min/max delays, false-path exceptions, or max skew assignments found ;
; AWADDR[13]  ; No input delay, min/max delays, false-path exceptions, or max skew assignments found ;
; ARADDR[12]  ; No input delay, min/max delays, false-path exceptions, or max skew assignments found ;
; AWADDR[12]  ; No input delay, min/max delays, false-path exceptions, or max skew assignments found ;
; ARADDR[11]  ; No input delay, min/max delays, false-path exceptions, or max skew assignments found ;
; AWADDR[11]  ; No input delay, min/max delays, false-path exceptions, or max skew assignments found ;
; ARADDR[30]  ; No input delay, min/max delays, false-path exceptions, or max skew assignments found ;
; AWADDR[30]  ; No input delay, min/max delays, false-path exceptions, or max skew assignments found ;
; ARADDR[29]  ; No input delay, min/max delays, false-path exceptions, or max skew assignments found ;
; AWADDR[29]  ; No input delay, min/max delays, false-path exceptions, or max skew assignments found ;
; ARADDR[28]  ; No input delay, min/max delays, false-path exceptions, or max skew assignments found ;
; AWADDR[28]  ; No input delay, min/max delays, false-path exceptions, or max skew assignments found ;
; ARADDR[27]  ; No input delay, min/max delays, false-path exceptions, or max skew assignments found ;
; AWADDR[27]  ; No input delay, min/max delays, false-path exceptions, or max skew assignments found ;
; ARADDR[26]  ; No input delay, min/max delays, false-path exceptions, or max skew assignments found ;
; AWADDR[26]  ; No input delay, min/max delays, false-path exceptions, or max skew assignments found ;
; ARADDR[25]  ; No input delay, min/max delays, false-path exceptions, or max skew assignments found ;
; AWADDR[25]  ; No input delay, min/max delays, false-path exceptions, or max skew assignments found ;
; ARADDR[24]  ; No input delay, min/max delays, false-path exceptions, or max skew assignments found ;
; AWADDR[24]  ; No input delay, min/max delays, false-path exceptions, or max skew assignments found ;
; ARADDR[17]  ; No input delay, min/max delays, false-path exceptions, or max skew assignments found ;
; AWADDR[17]  ; No input delay, min/max delays, false-path exceptions, or max skew assignments found ;
; ARADDR[23]  ; No input delay, min/max delays, false-path exceptions, or max skew assignments found ;
; AWADDR[23]  ; No input delay, min/max delays, false-path exceptions, or max skew assignments found ;
; ARADDR[22]  ; No input delay, min/max delays, false-path exceptions, or max skew assignments found ;
; AWADDR[22]  ; No input delay, min/max delays, false-path exceptions, or max skew assignments found ;
; ARADDR[21]  ; No input delay, min/max delays, false-path exceptions, or max skew assignments found ;
; AWADDR[21]  ; No input delay, min/max delays, false-path exceptions, or max skew assignments found ;
; ARADDR[20]  ; No input delay, min/max delays, false-path exceptions, or max skew assignments found ;
; AWADDR[20]  ; No input delay, min/max delays, false-path exceptions, or max skew assignments found ;
; ARADDR[3]   ; No input delay, min/max delays, false-path exceptions, or max skew assignments found ;
; AWADDR[3]   ; No input delay, min/max delays, false-path exceptions, or max skew assignments found ;
; ARADDR[4]   ; No input delay, min/max delays, false-path exceptions, or max skew assignments found ;
; AWADDR[4]   ; No input delay, min/max delays, false-path exceptions, or max skew assignments found ;
; ARADDR[0]   ; No input delay, min/max delays, false-path exceptions, or max skew assignments found ;
; AWADDR[0]   ; No input delay, min/max delays, false-path exceptions, or max skew assignments found ;
; ARADDR[2]   ; No input delay, min/max delays, false-path exceptions, or max skew assignments found ;
; AWADDR[2]   ; No input delay, min/max delays, false-path exceptions, or max skew assignments found ;
; ARADDR[7]   ; No input delay, min/max delays, false-path exceptions, or max skew assignments found ;
; AWADDR[7]   ; No input delay, min/max delays, false-path exceptions, or max skew assignments found ;
; ARADDR[1]   ; No input delay, min/max delays, false-path exceptions, or max skew assignments found ;
; AWADDR[1]   ; No input delay, min/max delays, false-path exceptions, or max skew assignments found ;
; ARADDR[5]   ; No input delay, min/max delays, false-path exceptions, or max skew assignments found ;
; AWADDR[5]   ; No input delay, min/max delays, false-path exceptions, or max skew assignments found ;
; ARADDR[6]   ; No input delay, min/max delays, false-path exceptions, or max skew assignments found ;
; AWADDR[6]   ; No input delay, min/max delays, false-path exceptions, or max skew assignments found ;
; WDATA[0]    ; No input delay, min/max delays, false-path exceptions, or max skew assignments found ;
; WDATA[1]    ; No input delay, min/max delays, false-path exceptions, or max skew assignments found ;
; WDATA[2]    ; No input delay, min/max delays, false-path exceptions, or max skew assignments found ;
; WDATA[3]    ; No input delay, min/max delays, false-path exceptions, or max skew assignments found ;
; WDATA[4]    ; No input delay, min/max delays, false-path exceptions, or max skew assignments found ;
; WDATA[5]    ; No input delay, min/max delays, false-path exceptions, or max skew assignments found ;
; WDATA[6]    ; No input delay, min/max delays, false-path exceptions, or max skew assignments found ;
; WDATA[7]    ; No input delay, min/max delays, false-path exceptions, or max skew assignments found ;
; WDATA[8]    ; No input delay, min/max delays, false-path exceptions, or max skew assignments found ;
; WDATA[9]    ; No input delay, min/max delays, false-path exceptions, or max skew assignments found ;
; WDATA[10]   ; No input delay, min/max delays, false-path exceptions, or max skew assignments found ;
; WDATA[11]   ; No input delay, min/max delays, false-path exceptions, or max skew assignments found ;
; WDATA[12]   ; No input delay, min/max delays, false-path exceptions, or max skew assignments found ;
; WDATA[13]   ; No input delay, min/max delays, false-path exceptions, or max skew assignments found ;
; WDATA[14]   ; No input delay, min/max delays, false-path exceptions, or max skew assignments found ;
; WDATA[15]   ; No input delay, min/max delays, false-path exceptions, or max skew assignments found ;
; WDATA[16]   ; No input delay, min/max delays, false-path exceptions, or max skew assignments found ;
; WDATA[17]   ; No input delay, min/max delays, false-path exceptions, or max skew assignments found ;
; WDATA[18]   ; No input delay, min/max delays, false-path exceptions, or max skew assignments found ;
; WDATA[19]   ; No input delay, min/max delays, false-path exceptions, or max skew assignments found ;
; WDATA[20]   ; No input delay, min/max delays, false-path exceptions, or max skew assignments found ;
; WDATA[21]   ; No input delay, min/max delays, false-path exceptions, or max skew assignments found ;
; WDATA[22]   ; No input delay, min/max delays, false-path exceptions, or max skew assignments found ;
; WDATA[23]   ; No input delay, min/max delays, false-path exceptions, or max skew assignments found ;
; WDATA[24]   ; No input delay, min/max delays, false-path exceptions, or max skew assignments found ;
; WDATA[25]   ; No input delay, min/max delays, false-path exceptions, or max skew assignments found ;
; WDATA[26]   ; No input delay, min/max delays, false-path exceptions, or max skew assignments found ;
; WDATA[27]   ; No input delay, min/max delays, false-path exceptions, or max skew assignments found ;
; WDATA[28]   ; No input delay, min/max delays, false-path exceptions, or max skew assignments found ;
; WDATA[29]   ; No input delay, min/max delays, false-path exceptions, or max skew assignments found ;
; WDATA[30]   ; No input delay, min/max delays, false-path exceptions, or max skew assignments found ;
; WDATA[31]   ; No input delay, min/max delays, false-path exceptions, or max skew assignments found ;
+-------------+--------------------------------------------------------------------------------------+


+-------------------------------------------------------------------------------------------------------+
; Unconstrained Output Ports                                                                            ;
+---------------+---------------------------------------------------------------------------------------+
; Output Port   ; Comment                                                                               ;
+---------------+---------------------------------------------------------------------------------------+
; AWREADY       ; No output delay, min/max delays, false-path exceptions, or max skew assignments found ;
; WREADY        ; No output delay, min/max delays, false-path exceptions, or max skew assignments found ;
; BVALID        ; No output delay, min/max delays, false-path exceptions, or max skew assignments found ;
; ARREADY       ; No output delay, min/max delays, false-path exceptions, or max skew assignments found ;
; RDATA[0]      ; No output delay, min/max delays, false-path exceptions, or max skew assignments found ;
; RDATA[1]      ; No output delay, min/max delays, false-path exceptions, or max skew assignments found ;
; RDATA[2]      ; No output delay, min/max delays, false-path exceptions, or max skew assignments found ;
; RDATA[3]      ; No output delay, min/max delays, false-path exceptions, or max skew assignments found ;
; RDATA[4]      ; No output delay, min/max delays, false-path exceptions, or max skew assignments found ;
; RDATA[5]      ; No output delay, min/max delays, false-path exceptions, or max skew assignments found ;
; RDATA[6]      ; No output delay, min/max delays, false-path exceptions, or max skew assignments found ;
; RDATA[7]      ; No output delay, min/max delays, false-path exceptions, or max skew assignments found ;
; RDATA[8]      ; No output delay, min/max delays, false-path exceptions, or max skew assignments found ;
; RDATA[9]      ; No output delay, min/max delays, false-path exceptions, or max skew assignments found ;
; RDATA[10]     ; No output delay, min/max delays, false-path exceptions, or max skew assignments found ;
; RDATA[11]     ; No output delay, min/max delays, false-path exceptions, or max skew assignments found ;
; RDATA[12]     ; No output delay, min/max delays, false-path exceptions, or max skew assignments found ;
; RDATA[13]     ; No output delay, min/max delays, false-path exceptions, or max skew assignments found ;
; RDATA[14]     ; No output delay, min/max delays, false-path exceptions, or max skew assignments found ;
; RDATA[15]     ; No output delay, min/max delays, false-path exceptions, or max skew assignments found ;
; RDATA[16]     ; No output delay, min/max delays, false-path exceptions, or max skew assignments found ;
; RDATA[17]     ; No output delay, min/max delays, false-path exceptions, or max skew assignments found ;
; RDATA[18]     ; No output delay, min/max delays, false-path exceptions, or max skew assignments found ;
; RDATA[19]     ; No output delay, min/max delays, false-path exceptions, or max skew assignments found ;
; RDATA[20]     ; No output delay, min/max delays, false-path exceptions, or max skew assignments found ;
; RDATA[21]     ; No output delay, min/max delays, false-path exceptions, or max skew assignments found ;
; RDATA[22]     ; No output delay, min/max delays, false-path exceptions, or max skew assignments found ;
; RDATA[23]     ; No output delay, min/max delays, false-path exceptions, or max skew assignments found ;
; RDATA[24]     ; No output delay, min/max delays, false-path exceptions, or max skew assignments found ;
; RDATA[25]     ; No output delay, min/max delays, false-path exceptions, or max skew assignments found ;
; RDATA[26]     ; No output delay, min/max delays, false-path exceptions, or max skew assignments found ;
; RDATA[27]     ; No output delay, min/max delays, false-path exceptions, or max skew assignments found ;
; RDATA[28]     ; No output delay, min/max delays, false-path exceptions, or max skew assignments found ;
; RDATA[29]     ; No output delay, min/max delays, false-path exceptions, or max skew assignments found ;
; RDATA[30]     ; No output delay, min/max delays, false-path exceptions, or max skew assignments found ;
; RDATA[31]     ; No output delay, min/max delays, false-path exceptions, or max skew assignments found ;
; RVALID        ; No output delay, min/max delays, false-path exceptions, or max skew assignments found ;
; gpio_out[0]   ; No output delay, min/max delays, false-path exceptions, or max skew assignments found ;
; gpio_out[1]   ; No output delay, min/max delays, false-path exceptions, or max skew assignments found ;
; gpio_out[2]   ; No output delay, min/max delays, false-path exceptions, or max skew assignments found ;
; gpio_out[3]   ; No output delay, min/max delays, false-path exceptions, or max skew assignments found ;
; gpio_out[4]   ; No output delay, min/max delays, false-path exceptions, or max skew assignments found ;
; gpio_out[5]   ; No output delay, min/max delays, false-path exceptions, or max skew assignments found ;
; gpio_out[6]   ; No output delay, min/max delays, false-path exceptions, or max skew assignments found ;
; gpio_out[7]   ; No output delay, min/max delays, false-path exceptions, or max skew assignments found ;
; gpio_out[8]   ; No output delay, min/max delays, false-path exceptions, or max skew assignments found ;
; gpio_out[9]   ; No output delay, min/max delays, false-path exceptions, or max skew assignments found ;
; gpio_out[10]  ; No output delay, min/max delays, false-path exceptions, or max skew assignments found ;
; gpio_out[11]  ; No output delay, min/max delays, false-path exceptions, or max skew assignments found ;
; gpio_out[12]  ; No output delay, min/max delays, false-path exceptions, or max skew assignments found ;
; gpio_out[13]  ; No output delay, min/max delays, false-path exceptions, or max skew assignments found ;
; gpio_out[14]  ; No output delay, min/max delays, false-path exceptions, or max skew assignments found ;
; gpio_out[15]  ; No output delay, min/max delays, false-path exceptions, or max skew assignments found ;
; gpio_out[16]  ; No output delay, min/max delays, false-path exceptions, or max skew assignments found ;
; gpio_out[17]  ; No output delay, min/max delays, false-path exceptions, or max skew assignments found ;
; gpio_out[18]  ; No output delay, min/max delays, false-path exceptions, or max skew assignments found ;
; gpio_out[19]  ; No output delay, min/max delays, false-path exceptions, or max skew assignments found ;
; gpio_out[20]  ; No output delay, min/max delays, false-path exceptions, or max skew assignments found ;
; gpio_out[21]  ; No output delay, min/max delays, false-path exceptions, or max skew assignments found ;
; gpio_out[22]  ; No output delay, min/max delays, false-path exceptions, or max skew assignments found ;
; gpio_out[23]  ; No output delay, min/max delays, false-path exceptions, or max skew assignments found ;
; gpio_out[24]  ; No output delay, min/max delays, false-path exceptions, or max skew assignments found ;
; gpio_out[25]  ; No output delay, min/max delays, false-path exceptions, or max skew assignments found ;
; gpio_out[26]  ; No output delay, min/max delays, false-path exceptions, or max skew assignments found ;
; gpio_out[27]  ; No output delay, min/max delays, false-path exceptions, or max skew assignments found ;
; gpio_out[28]  ; No output delay, min/max delays, false-path exceptions, or max skew assignments found ;
; gpio_out[29]  ; No output delay, min/max delays, false-path exceptions, or max skew assignments found ;
; gpio_out[30]  ; No output delay, min/max delays, false-path exceptions, or max skew assignments found ;
; gpio_out[31]  ; No output delay, min/max delays, false-path exceptions, or max skew assignments found ;
; gpio_oe[0]    ; No output delay, min/max delays, false-path exceptions, or max skew assignments found ;
; gpio_oe[1]    ; No output delay, min/max delays, false-path exceptions, or max skew assignments found ;
; gpio_oe[2]    ; No output delay, min/max delays, false-path exceptions, or max skew assignments found ;
; gpio_oe[3]    ; No output delay, min/max delays, false-path exceptions, or max skew assignments found ;
; gpio_oe[4]    ; No output delay, min/max delays, false-path exceptions, or max skew assignments found ;
; gpio_oe[5]    ; No output delay, min/max delays, false-path exceptions, or max skew assignments found ;
; gpio_oe[6]    ; No output delay, min/max delays, false-path exceptions, or max skew assignments found ;
; gpio_oe[7]    ; No output delay, min/max delays, false-path exceptions, or max skew assignments found ;
; gpio_oe[8]    ; No output delay, min/max delays, false-path exceptions, or max skew assignments found ;
; gpio_oe[9]    ; No output delay, min/max delays, false-path exceptions, or max skew assignments found ;
; gpio_oe[10]   ; No output delay, min/max delays, false-path exceptions, or max skew assignments found ;
; gpio_oe[11]   ; No output delay, min/max delays, false-path exceptions, or max skew assignments found ;
; gpio_oe[12]   ; No output delay, min/max delays, false-path exceptions, or max skew assignments found ;
; gpio_oe[13]   ; No output delay, min/max delays, false-path exceptions, or max skew assignments found ;
; gpio_oe[14]   ; No output delay, min/max delays, false-path exceptions, or max skew assignments found ;
; gpio_oe[15]   ; No output delay, min/max delays, false-path exceptions, or max skew assignments found ;
; gpio_oe[16]   ; No output delay, min/max delays, false-path exceptions, or max skew assignments found ;
; gpio_oe[17]   ; No output delay, min/max delays, false-path exceptions, or max skew assignments found ;
; gpio_oe[18]   ; No output delay, min/max delays, false-path exceptions, or max skew assignments found ;
; gpio_oe[19]   ; No output delay, min/max delays, false-path exceptions, or max skew assignments found ;
; gpio_oe[20]   ; No output delay, min/max delays, false-path exceptions, or max skew assignments found ;
; gpio_oe[21]   ; No output delay, min/max delays, false-path exceptions, or max skew assignments found ;
; gpio_oe[22]   ; No output delay, min/max delays, false-path exceptions, or max skew assignments found ;
; gpio_oe[23]   ; No output delay, min/max delays, false-path exceptions, or max skew assignments found ;
; gpio_oe[24]   ; No output delay, min/max delays, false-path exceptions, or max skew assignments found ;
; gpio_oe[25]   ; No output delay, min/max delays, false-path exceptions, or max skew assignments found ;
; gpio_oe[26]   ; No output delay, min/max delays, false-path exceptions, or max skew assignments found ;
; gpio_oe[27]   ; No output delay, min/max delays, false-path exceptions, or max skew assignments found ;
; gpio_oe[28]   ; No output delay, min/max delays, false-path exceptions, or max skew assignments found ;
; gpio_oe[29]   ; No output delay, min/max delays, false-path exceptions, or max skew assignments found ;
; gpio_oe[30]   ; No output delay, min/max delays, false-path exceptions, or max skew assignments found ;
; gpio_oe[31]   ; No output delay, min/max delays, false-path exceptions, or max skew assignments found ;
; combined_irq  ; No output delay, min/max delays, false-path exceptions, or max skew assignments found ;
; irq_status[0] ; No output delay, min/max delays, false-path exceptions, or max skew assignments found ;
; irq_status[1] ; No output delay, min/max delays, false-path exceptions, or max skew assignments found ;
; irq_status[2] ; No output delay, min/max delays, false-path exceptions, or max skew assignments found ;
+---------------+---------------------------------------------------------------------------------------+


-------------
; INI Usage ;
-------------
Nothing to report.


+-----------------------------------------------------------------------------+
; Multicorner Timing Analysis Summary                                         ;
+------------------+-------+-------+----------+---------+---------------------+
; Clock            ; Setup ; Hold  ; Recovery ; Removal ; Minimum Pulse Width ;
+------------------+-------+-------+----------+---------+---------------------+
; Worst-case Slack ; 3.923 ; 0.019 ; N/A      ; N/A     ; 4.450               ;
;  clk             ; 3.923 ; 0.019 ; N/A      ; N/A     ; 4.450               ;
; Design-wide TNS  ; 0.0   ; 0.0   ; 0.0      ; 0.0     ; 0.0                 ;
;  clk             ; 0.000 ; 0.000 ; N/A      ; N/A     ; 0.000               ;
+------------------+-------+-------+----------+---------+---------------------+


