Fitter report for axi4lite_subsystem
Sun Jul  5 18:22:33 2026
Quartus Prime Version 26.1.0 Build 110 03/26/2026 SC Pro Edition


---------------------
; Table of Contents ;
---------------------
  1. Legal Notice
  2. Fitter Summary
  3. Fitter Settings
  4. Parallel Compilation
  5. Fitter Partition Summary
---- Plan Stage Reports ----
       6. Fitter Device Options
       7. Operating Settings and Conditions
       8. Pin-Out File
       9. Input Pins
      10. Output Pins
      11. I/O Bank Usage
      12. Detailed I/O Block Info
      13. All Package Pins
      14. I/O Assignment Warnings
      15. Control Signals
      16. Global & Other Fast Signals Summary
      17. Global & Other Fast Signals Details
---- Place Stage Reports ----
      18. Fitter RAM Summary
      19. Fitter Physical RAM Information
      20. Fitter Resource Usage Summary
      21. Fitter Resource Utilization by Entity
 22. Fitter Netlist Optimizations
---- Route Stage Reports ----
      23. Delay Chain Summary
      24. Routing Usage Summary
      25. Estimated Delay Added for Hold Timing Summary
      26. Estimated Delay Added for Hold Timing Details
---- Finalize Stage Reports ----
      27. Fitter HSLP Summary
 28. Ignored Assignments
 29. Fitter Messages



----------------
; Legal Notice ;
----------------
Copyright (C) 2026  Altera Corporation. All rights reserved.
Your use of Altera Corporation's design tools, logic functions 
and other software and tools, and any partner logic 
functions, and any output files from any of the foregoing 
(including device programming or simulation files), and any 
associated documentation or information are expressly subject 
to the terms and conditions of the Altera Program License 
Subscription Agreement, the Altera Quartus Prime License Agreement,
the Altera IP License Agreement, or other applicable license
agreement, including, without limitation, that your use is for
the sole purpose of programming logic devices manufactured by
Altera and sold by Altera or its authorized distributors.  Please
refer to the Altera Software License Subscription Agreements 
on the Quartus Prime software download page.



+--------------------------------------------------------------------------+
; Fitter Summary                                                           ;
+-----------------------------+--------------------------------------------+
; Fitter Status               ; Successful - Sun Jul  5 18:22:33 2026      ;
; Quartus Prime Version       ; 26.1.0 Build 110 03/26/2026 SC Pro Edition ;
; Revision Name               ; axi4lite_subsystem                         ;
; Top-level Entity Name       ; fpga_top                                   ;
; Family                      ; Cyclone 10 GX                              ;
; Device                      ; 10CX220YF780I5G                            ;
; Timing Models               ; Final                                      ;
; Power Models                ; Final                                      ;
; Device Status               ; Final                                      ;
; Logic utilization (in ALMs) ; 499 / 80,330 ( < 1 % )                     ;
; Total registers             ; 699                                        ;
; Total pins                  ; 248 / 340 ( 73 % )                         ;
; Total virtual pins          ; 0                                          ;
; Total block memory bits     ; 8,192 / 12,021,760 ( < 1 % )               ;
; Total RAM Blocks            ; 1 / 587 ( < 1 % )                          ;
; Total DSP Blocks            ; 0 / 192 ( 0 % )                            ;
; Total HSSI RX channels      ; 0 / 12 ( 0 % )                             ;
; Total HSSI TX channels      ; 0 / 12 ( 0 % )                             ;
; Total PLLs                  ; 0 / 30 ( 0 % )                             ;
+-----------------------------+--------------------------------------------+


+--------------------------------------------------------------------------------------------------------------------------------------------------------------+
; Fitter Settings                                                                                                                                              ;
+------------------------------------------------------------------------------+---------------------------------------+---------------------------------------+
; Option                                                                       ; Setting                               ; Default Value                         ;
+------------------------------------------------------------------------------+---------------------------------------+---------------------------------------+
; Device                                                                       ; 10CX220YF780I5G                       ;                                       ;
; Minimum Core Junction Temperature                                            ; -40                                   ;                                       ;
; Maximum Core Junction Temperature                                            ; 100                                   ;                                       ;
; Enable parallel Assembler and Timing Analyzer during compilation             ; On                                    ; On                                    ;
; Enable compact report table                                                  ; Off                                   ; Off                                   ;
; Design Assistant include IP blocks                                           ; Off                                   ; Off                                   ;
; High fanout net threshold for RAM inference                                  ; 15                                    ; 15                                    ;
; Design Assistant limit on reported violations per rule                       ; 5000                                  ; 5000                                  ;
; Perform Simultaneous Multicorner Analysis                                    ; On                                    ; On                                    ;
; Optimization Mode                                                            ; Balanced                              ; Balanced                              ;
; Allow Register Merging                                                       ; On                                    ; On                                    ;
; Allow Register Duplication                                                   ; On                                    ; On                                    ;
; Allow Register Retiming                                                      ; On                                    ; On                                    ;
; Router Timing Optimization Level                                             ; Normal                                ; Normal                                ;
; Perform Clocking Topology Analysis During Routing                            ; Off                                   ; Off                                   ;
; Placement Effort Multiplier                                                  ; 1.0                                   ; 1.0                                   ;
; Advanced Physical Synthesis                                                  ; Off                                   ; Off                                   ;
; Enable unused RX clock workaround                                            ; Off                                   ; Off                                   ;
; Preserve unused RX/TX channels                                               ; Off                                   ; Off                                   ;
; Ignore the power supply of HSSI column when preserving unused RX/TX channels ; On                                    ; On                                    ;
; Automatically reserve CLKUSR pin for calibration purposes                    ; On                                    ; On                                    ;
; Configuration clock source                                                   ; INIT_INTOSC                           ; INIT_INTOSC                           ;
; Optimize Hold Timing                                                         ; All Paths                             ; All Paths                             ;
; Optimize Multi-Corner Timing                                                 ; On                                    ; On                                    ;
; Auto RAM to MLAB Conversion                                                  ; On                                    ; On                                    ;
; Report Packed DSP Register Names                                             ; On                                    ; On                                    ;
; Equivalent RAM and MLAB Power Up                                             ; Auto                                  ; Auto                                  ;
; Equivalent RAM and MLAB Paused Read Capabilities                             ; Care                                  ; Care                                  ;
; Programmable Power Technology Optimization                                   ; Automatic                             ; Automatic                             ;
; Programmable Power Maximum High-Speed Fraction of Used LAB Tiles             ; 1.0                                   ; 1.0                                   ;
; Power Optimization During Fitting                                            ; Normal compilation                    ; Normal compilation                    ;
; Optimize Timing                                                              ; Normal compilation                    ; Normal compilation                    ;
; Optimize IOC Register Placement for Timing                                   ; Normal                                ; Normal                                ;
; Final Placement Optimizations                                                ; Automatically                         ; Automatically                         ;
; Fitter Aggressive Routability Optimizations                                  ; Automatically                         ; Automatically                         ;
; Fitter Initial Placement Seed                                                ; 1                                     ; 1                                     ;
; Weak Pull-Up Resistor                                                        ; Off                                   ; Off                                   ;
; Enable Bus-Hold Circuitry                                                    ; Off                                   ; Off                                   ;
; Auto Packed Registers                                                        ; Auto                                  ; Auto                                  ;
; Auto Delay Chains                                                            ; On                                    ; On                                    ;
; Auto Delay Chains for High Fanout Input Pins                                 ; Off                                   ; Off                                   ;
; Treat Bidirectional Pin as Output Pin                                        ; Off                                   ; Off                                   ;
; Fitter Effort                                                                ; Auto Fit                              ; Auto Fit                              ;
; Logic Cell Insertion - Logic Duplication                                     ; Auto                                  ; Auto                                  ;
; Auto Register Duplication                                                    ; Auto                                  ; Auto                                  ;
; Auto Global Clock                                                            ; On                                    ; On                                    ;
; Auto Global Register Control Signals                                         ; On                                    ; On                                    ;
; Reserve all unused pins                                                      ; As input tri-stated with weak pull-up ; As input tri-stated with weak pull-up ;
; Synchronizer Identification                                                  ; Auto                                  ; Auto                                  ;
; Optimize Design for Metastability                                            ; On                                    ; On                                    ;
; Analyze Auto-Detected Synchronizers for Metastability                        ; Off                                   ; Off                                   ;
; Active Serial clock source                                                   ; FREQ_100MHz                           ; FREQ_100MHz                           ;
; Enable input tri-state on active configuration pins in user mode             ; Off                                   ; Off                                   ;
; Physical Placement Effort                                                    ; Normal                                ; Normal                                ;
; Number of Example Nodes Reported in Fitter Messages                          ; 50                                    ; 50                                    ;
; Enable Intermediate Fitter Snapshots                                         ; Off                                   ; Off                                   ;
; Enable Time Borrowing Optimization                                           ; Off                                   ; Off                                   ;
; The Maximum physical M20Ks reported in the physical RAM report               ; 500                                   ; 500                                   ;
+------------------------------------------------------------------------------+---------------------------------------+---------------------------------------+


+-------------------------------------+
; Parallel Compilation                ;
+----------------------------+--------+
; Processors                 ; Number ;
+----------------------------+--------+
; Number detected on machine ; 20     ;
; Maximum allowed            ; 14     ;
+----------------------------+--------+


+--------------------------------------------------------------------------------------------+
; Fitter Partition Summary                                                                   ;
+----------------+----------------+---------+--------------+-------+-------------------------+
; Partition Name ; Hierarchy Path ; Type    ; Preservation ; Empty ; Partition Database File ;
+----------------+----------------+---------+--------------+-------+-------------------------+
; root_partition ; |              ; Default ;              ;       ;                         ;
+----------------+----------------+---------+--------------+-------+-------------------------+


+------------------------------------------------------------------------------------------------+
; Fitter Device Options                                                                          ;
+------------------------------------------------------------------+-----------------------------+
; Option                                                           ; Setting                     ;
+------------------------------------------------------------------+-----------------------------+
; Enable device-wide reset (DEV_CLRn)                              ; Off                         ;
; Enable device-wide output enable (DEV_OE)                        ; Off                         ;
; Enable INIT_DONE output                                          ; Off                         ;
; Configuration scheme                                             ; Passive Serial              ;
; Enable Error Detection CRC_ERROR pin                             ; Off                         ;
; Enable CvP_CONFDONE pin                                          ; Off                         ;
; Enable open drain on CRC_ERROR pin                               ; On                          ;
; Enable open drain on CvP_CONFDONE pin                            ; On                          ;
; Enable open drain on INIT_DONE pin                               ; On                          ;
; Enable open drain on Partial Reconfiguration pins                ; Off                         ;
; Enable open drain on nCEO pin                                    ; On                          ;
; Enable Partial Reconfiguration pins                              ; Off                         ;
; Enable input tri-state on active configuration pins in user mode ; Off                         ;
; Enable internal scrubbing                                        ; Off                         ;
; Active Serial clock source                                       ; 100 MHz Internal Oscillator ;
; Configuration clock source                                       ; Internal Oscillator         ;
; Configuration via Protocol                                       ; Off                         ;
; Configuration Voltage Level                                      ; Auto                        ;
; Force Configuration Voltage Level                                ; Off                         ;
; Enable nCEO output                                               ; Off                         ;
; Data[7..1]                                                       ; Unreserved                  ;
; Data[0]                                                          ; As input tri-stated         ;
; Data[31..16]                                                     ; Unreserved                  ;
; Data[15..8]                                                      ; Unreserved                  ;
+------------------------------------------------------------------+-----------------------------+


+------------------------------------+
; Operating Settings and Conditions  ;
+---------------------------+--------+
; Setting                   ; Value  ;
+---------------------------+--------+
; Nominal Core Voltage      ; 0.9V   ;
; Low Junction Temperature  ; -40 °C ;
; High Junction Temperature ; 100 °C ;
+---------------------------+--------+


+--------------------------------------------------------------------------------------------------------------------------------------------------------------------------------------------------------------------------------------------------------------------------+
; Input Pins                                                                                                                                                                                                                                                               ;
+-------------+-------+----------+--------------+--------------+--------------+-----------------------+--------------------+--------+----------------+----------+--------------+--------------+-------------+---------------------------+----------------------+-----------+
; Name        ; Pin # ; I/O Bank ; X coordinate ; Y coordinate ; Z coordinate ; Combinational Fan-Out ; Registered Fan-Out ; Global ; Input Register ; Bus Hold ; Weak Pull Up ; I/O Standard ; Termination ; Termination Control Block ; Location assigned by ; Slew Rate ;
+-------------+-------+----------+--------------+--------------+--------------+-----------------------+--------------------+--------+----------------+----------+--------------+--------------+-------------+---------------------------+----------------------+-----------+
; ACLK        ; AA7   ; 3A       ; 102          ; 7            ; 46           ; 708                   ; 0                  ; yes    ; no             ; no       ; Off          ; 1.8-V        ; Off         ; --                        ; User                 ; no        ;
; ARADDR[0]   ; Y21   ; 2J       ; 38           ; 44           ; 46           ; 1                     ; 0                  ; no     ; no             ; no       ; Off          ; 1.8-V        ; Off         ; --                        ; User                 ; no        ;
; ARADDR[10]  ; H2    ; 3B       ; 102          ; 37           ; 46           ; 1                     ; 0                  ; no     ; no             ; no       ; Off          ; 1.8-V        ; Off         ; --                        ; User                 ; no        ;
; ARADDR[11]  ; U3    ; 3B       ; 102          ; 43           ; 16           ; 1                     ; 0                  ; no     ; no             ; no       ; Off          ; 1.8-V        ; Off         ; --                        ; User                 ; no        ;
; ARADDR[12]  ; R2    ; 3B       ; 102          ; 39           ; 31           ; 1                     ; 0                  ; no     ; no             ; no       ; Off          ; 1.8-V        ; Off         ; --                        ; User                 ; no        ;
; ARADDR[13]  ; U1    ; 3B       ; 102          ; 42           ; 16           ; 1                     ; 0                  ; no     ; no             ; no       ; Off          ; 1.8-V        ; Off         ; --                        ; User                 ; no        ;
; ARADDR[14]  ; T8    ; 3B       ; 102          ; 41           ; 61           ; 1                     ; 0                  ; no     ; no             ; no       ; Off          ; 1.8-V        ; Off         ; --                        ; User                 ; no        ;
; ARADDR[15]  ; W3    ; 3B       ; 102          ; 33           ; 16           ; 1                     ; 0                  ; no     ; no             ; no       ; Off          ; 1.8-V        ; Off         ; --                        ; User                 ; no        ;
; ARADDR[16]  ; V7    ; 3B       ; 102          ; 40           ; 16           ; 1                     ; 0                  ; no     ; no             ; no       ; Off          ; 1.8-V        ; Off         ; --                        ; User                 ; no        ;
; ARADDR[17]  ; L3    ; 3B       ; 102          ; 34           ; 46           ; 1                     ; 0                  ; no     ; no             ; no       ; Off          ; 1.8-V        ; Off         ; --                        ; User                 ; no        ;
; ARADDR[18]  ; K2    ; 3B       ; 102          ; 35           ; 46           ; 1                     ; 0                  ; no     ; no             ; no       ; Off          ; 1.8-V        ; Off         ; --                        ; User                 ; no        ;
; ARADDR[19]  ; N3    ; 3B       ; 102          ; 40           ; 46           ; 1                     ; 0                  ; no     ; no             ; no       ; Off          ; 1.8-V        ; Off         ; --                        ; User                 ; no        ;
; ARADDR[1]   ; AH18  ; 2J       ; 38           ; 41           ; 61           ; 1                     ; 0                  ; no     ; no             ; no       ; Off          ; 1.8-V        ; Off         ; --                        ; User                 ; no        ;
; ARADDR[20]  ; L1    ; 3B       ; 102          ; 35           ; 31           ; 1                     ; 0                  ; no     ; no             ; no       ; Off          ; 1.8-V        ; Off         ; --                        ; User                 ; no        ;
; ARADDR[21]  ; J2    ; 3B       ; 102          ; 36           ; 46           ; 1                     ; 0                  ; no     ; no             ; no       ; Off          ; 1.8-V        ; Off         ; --                        ; User                 ; no        ;
; ARADDR[22]  ; T2    ; 3B       ; 102          ; 37           ; 31           ; 1                     ; 0                  ; no     ; no             ; no       ; Off          ; 1.8-V        ; Off         ; --                        ; User                 ; no        ;
; ARADDR[23]  ; V2    ; 3B       ; 102          ; 36           ; 16           ; 1                     ; 0                  ; no     ; no             ; no       ; Off          ; 1.8-V        ; Off         ; --                        ; User                 ; no        ;
; ARADDR[24]  ; P2    ; 3B       ; 102          ; 40           ; 31           ; 1                     ; 0                  ; no     ; no             ; no       ; Off          ; 1.8-V        ; Off         ; --                        ; User                 ; no        ;
; ARADDR[25]  ; U5    ; 3B       ; 102          ; 36           ; 61           ; 1                     ; 0                  ; no     ; no             ; no       ; Off          ; 1.8-V        ; Off         ; --                        ; User                 ; no        ;
; ARADDR[26]  ; T3    ; 3B       ; 102          ; 38           ; 31           ; 1                     ; 0                  ; no     ; no             ; no       ; Off          ; 1.8-V        ; Off         ; --                        ; User                 ; no        ;
; ARADDR[27]  ; W2    ; 3B       ; 102          ; 35           ; 16           ; 1                     ; 0                  ; no     ; no             ; no       ; Off          ; 1.8-V        ; Off         ; --                        ; User                 ; no        ;
; ARADDR[28]  ; N2    ; 3B       ; 102          ; 39           ; 46           ; 1                     ; 0                  ; no     ; no             ; no       ; Off          ; 1.8-V        ; Off         ; --                        ; User                 ; no        ;
; ARADDR[29]  ; V1    ; 3B       ; 102          ; 41           ; 16           ; 1                     ; 0                  ; no     ; no             ; no       ; Off          ; 1.8-V        ; Off         ; --                        ; User                 ; no        ;
; ARADDR[2]   ; AG10  ; 2J       ; 38           ; 43           ; 61           ; 1                     ; 0                  ; no     ; no             ; no       ; Off          ; 1.8-V        ; Off         ; --                        ; User                 ; no        ;
; ARADDR[30]  ; J3    ; 3B       ; 102          ; 38           ; 46           ; 1                     ; 0                  ; no     ; no             ; no       ; Off          ; 1.8-V        ; Off         ; --                        ; User                 ; no        ;
; ARADDR[31]  ; AD3   ; 3A       ; 102          ; 16           ; 31           ; 1                     ; 0                  ; no     ; no             ; no       ; Off          ; 1.8-V        ; Off         ; --                        ; User                 ; no        ;
; ARADDR[3]   ; N1    ; 3B       ; 102          ; 43           ; 31           ; 1                     ; 0                  ; no     ; no             ; no       ; Off          ; 1.8-V        ; Off         ; --                        ; User                 ; no        ;
; ARADDR[4]   ; AH16  ; 2J       ; 38           ; 39           ; 61           ; 1                     ; 0                  ; no     ; no             ; no       ; Off          ; 1.8-V        ; Off         ; --                        ; User                 ; no        ;
; ARADDR[5]   ; W21   ; 2J       ; 38           ; 42           ; 46           ; 1                     ; 0                  ; no     ; no             ; no       ; Off          ; 1.8-V        ; Off         ; --                        ; User                 ; no        ;
; ARADDR[6]   ; AC22  ; 2J       ; 38           ; 34           ; 16           ; 1                     ; 0                  ; no     ; no             ; no       ; Off          ; 1.8-V        ; Off         ; --                        ; User                 ; no        ;
; ARADDR[7]   ; AC21  ; 2J       ; 38           ; 39           ; 31           ; 1                     ; 0                  ; no     ; no             ; no       ; Off          ; 1.8-V        ; Off         ; --                        ; User                 ; no        ;
; ARADDR[8]   ; U6    ; 3B       ; 102          ; 39           ; 16           ; 1                     ; 0                  ; no     ; no             ; no       ; Off          ; 1.8-V        ; Off         ; --                        ; User                 ; no        ;
; ARADDR[9]   ; K1    ; 3B       ; 102          ; 36           ; 31           ; 1                     ; 0                  ; no     ; no             ; no       ; Off          ; 1.8-V        ; Off         ; --                        ; User                 ; no        ;
; ARESETn     ; AA6   ; 3A       ; 102          ; 6            ; 46           ; 574                   ; 0                  ; yes    ; no             ; no       ; Off          ; 1.8-V        ; Off         ; --                        ; User                 ; no        ;
; ARVALID     ; AC6   ; 3A       ; 102          ; 12           ; 16           ; 5                     ; 0                  ; no     ; no             ; no       ; Off          ; 1.8-V        ; Off         ; --                        ; User                 ; no        ;
; AWADDR[0]   ; AG13  ; 2J       ; 38           ; 34           ; 61           ; 1                     ; 0                  ; no     ; no             ; no       ; Off          ; 1.8-V        ; Off         ; --                        ; User                 ; no        ;
; AWADDR[10]  ; K4    ; 3B       ; 102          ; 41           ; 46           ; 1                     ; 0                  ; no     ; no             ; no       ; Off          ; 1.8-V        ; Off         ; --                        ; User                 ; no        ;
; AWADDR[11]  ; T1    ; 3B       ; 102          ; 33           ; 31           ; 1                     ; 0                  ; no     ; no             ; no       ; Off          ; 1.8-V        ; Off         ; --                        ; User                 ; no        ;
; AWADDR[12]  ; T4    ; 3B       ; 102          ; 35           ; 61           ; 1                     ; 0                  ; no     ; no             ; no       ; Off          ; 1.8-V        ; Off         ; --                        ; User                 ; no        ;
; AWADDR[13]  ; V5    ; 3B       ; 102          ; 37           ; 16           ; 1                     ; 0                  ; no     ; no             ; no       ; Off          ; 1.8-V        ; Off         ; --                        ; User                 ; no        ;
; AWADDR[14]  ; V3    ; 3B       ; 102          ; 34           ; 16           ; 1                     ; 0                  ; no     ; no             ; no       ; Off          ; 1.8-V        ; Off         ; --                        ; User                 ; no        ;
; AWADDR[15]  ; U8    ; 3B       ; 102          ; 33           ; 61           ; 1                     ; 0                  ; no     ; no             ; no       ; Off          ; 1.8-V        ; Off         ; --                        ; User                 ; no        ;
; AWADDR[16]  ; G1    ; 3B       ; 102          ; 42           ; 31           ; 1                     ; 0                  ; no     ; no             ; no       ; Off          ; 1.8-V        ; Off         ; --                        ; User                 ; no        ;
; AWADDR[17]  ; M1    ; 3B       ; 102          ; 44           ; 31           ; 1                     ; 0                  ; no     ; no             ; no       ; Off          ; 1.8-V        ; Off         ; --                        ; User                 ; no        ;
; AWADDR[18]  ; L2    ; 3B       ; 102          ; 33           ; 46           ; 1                     ; 0                  ; no     ; no             ; no       ; Off          ; 1.8-V        ; Off         ; --                        ; User                 ; no        ;
; AWADDR[19]  ; M3    ; 3B       ; 102          ; 43           ; 46           ; 1                     ; 0                  ; no     ; no             ; no       ; Off          ; 1.8-V        ; Off         ; --                        ; User                 ; no        ;
; AWADDR[1]   ; AE22  ; 2J       ; 38           ; 36           ; 16           ; 1                     ; 0                  ; no     ; no             ; no       ; Off          ; 1.8-V        ; Off         ; --                        ; User                 ; no        ;
; AWADDR[20]  ; T7    ; 3B       ; 102          ; 40           ; 61           ; 1                     ; 0                  ; no     ; no             ; no       ; Off          ; 1.8-V        ; Off         ; --                        ; User                 ; no        ;
; AWADDR[21]  ; R5    ; 3B       ; 102          ; 38           ; 61           ; 1                     ; 0                  ; no     ; no             ; no       ; Off          ; 1.8-V        ; Off         ; --                        ; User                 ; no        ;
; AWADDR[22]  ; M4    ; 3B       ; 102          ; 44           ; 46           ; 1                     ; 0                  ; no     ; no             ; no       ; Off          ; 1.8-V        ; Off         ; --                        ; User                 ; no        ;
; AWADDR[23]  ; V8    ; 3B       ; 102          ; 34           ; 61           ; 1                     ; 0                  ; no     ; no             ; no       ; Off          ; 1.8-V        ; Off         ; --                        ; User                 ; no        ;
; AWADDR[24]  ; R1    ; 3B       ; 102          ; 34           ; 31           ; 1                     ; 0                  ; no     ; no             ; no       ; Off          ; 1.8-V        ; Off         ; --                        ; User                 ; no        ;
; AWADDR[25]  ; U4    ; 3B       ; 102          ; 44           ; 16           ; 1                     ; 0                  ; no     ; no             ; no       ; Off          ; 1.8-V        ; Off         ; --                        ; User                 ; no        ;
; AWADDR[26]  ; P4    ; 3B       ; 102          ; 44           ; 61           ; 1                     ; 0                  ; no     ; no             ; no       ; Off          ; 1.8-V        ; Off         ; --                        ; User                 ; no        ;
; AWADDR[27]  ; P3    ; 3B       ; 102          ; 43           ; 61           ; 1                     ; 0                  ; no     ; no             ; no       ; Off          ; 1.8-V        ; Off         ; --                        ; User                 ; no        ;
; AWADDR[28]  ; L4    ; 3B       ; 102          ; 42           ; 46           ; 1                     ; 0                  ; no     ; no             ; no       ; Off          ; 1.8-V        ; Off         ; --                        ; User                 ; no        ;
; AWADDR[29]  ; V6    ; 3B       ; 102          ; 38           ; 16           ; 1                     ; 0                  ; no     ; no             ; no       ; Off          ; 1.8-V        ; Off         ; --                        ; User                 ; no        ;
; AWADDR[2]   ; AG21  ; 2J       ; 38           ; 36           ; 31           ; 1                     ; 0                  ; no     ; no             ; no       ; Off          ; 1.8-V        ; Off         ; --                        ; User                 ; no        ;
; AWADDR[30]  ; H1    ; 3B       ; 102          ; 41           ; 31           ; 1                     ; 0                  ; no     ; no             ; no       ; Off          ; 1.8-V        ; Off         ; --                        ; User                 ; no        ;
; AWADDR[31]  ; T9    ; 3B       ; 102          ; 42           ; 61           ; 1                     ; 0                  ; no     ; no             ; no       ; Off          ; 1.8-V        ; Off         ; --                        ; User                 ; no        ;
; AWADDR[3]   ; AG23  ; 2J       ; 38           ; 43           ; 16           ; 1                     ; 0                  ; no     ; no             ; no       ; Off          ; 1.8-V        ; Off         ; --                        ; User                 ; no        ;
; AWADDR[4]   ; AA21  ; 2J       ; 38           ; 43           ; 46           ; 1                     ; 0                  ; no     ; no             ; no       ; Off          ; 1.8-V        ; Off         ; --                        ; User                 ; no        ;
; AWADDR[5]   ; AG11  ; 2J       ; 38           ; 36           ; 61           ; 1                     ; 0                  ; no     ; no             ; no       ; Off          ; 1.8-V        ; Off         ; --                        ; User                 ; no        ;
; AWADDR[6]   ; AH12  ; 2J       ; 38           ; 35           ; 61           ; 1                     ; 0                  ; no     ; no             ; no       ; Off          ; 1.8-V        ; Off         ; --                        ; User                 ; no        ;
; AWADDR[7]   ; Y17   ; 2J       ; 38           ; 38           ; 46           ; 1                     ; 0                  ; no     ; no             ; no       ; Off          ; 1.8-V        ; Off         ; --                        ; User                 ; no        ;
; AWADDR[8]   ; T6    ; 3B       ; 102          ; 39           ; 61           ; 1                     ; 0                  ; no     ; no             ; no       ; Off          ; 1.8-V        ; Off         ; --                        ; User                 ; no        ;
; AWADDR[9]   ; R4    ; 3B       ; 102          ; 37           ; 61           ; 1                     ; 0                  ; no     ; no             ; no       ; Off          ; 1.8-V        ; Off         ; --                        ; User                 ; no        ;
; AWVALID     ; AF2   ; 3A       ; 102          ; 15           ; 31           ; 5                     ; 0                  ; no     ; no             ; no       ; Off          ; 1.8-V        ; Off         ; --                        ; User                 ; no        ;
; BREADY      ; AA2   ; 3A       ; 102          ; 10           ; 46           ; 5                     ; 0                  ; no     ; no             ; no       ; Off          ; 1.8-V        ; Off         ; --                        ; User                 ; no        ;
; RREADY      ; AB3   ; 3A       ; 102          ; 11           ; 46           ; 5                     ; 0                  ; no     ; no             ; no       ; Off          ; 1.8-V        ; Off         ; --                        ; User                 ; no        ;
; WDATA[0]    ; AH20  ; 2J       ; 38           ; 42           ; 31           ; 1                     ; 0                  ; no     ; no             ; no       ; Off          ; 1.8-V        ; Off         ; --                        ; User                 ; no        ;
; WDATA[10]   ; AD23  ; 2J       ; 38           ; 42           ; 16           ; 1                     ; 0                  ; no     ; no             ; no       ; Off          ; 1.8-V        ; Off         ; --                        ; User                 ; no        ;
; WDATA[11]   ; AE23  ; 2J       ; 38           ; 41           ; 16           ; 1                     ; 0                  ; no     ; no             ; no       ; Off          ; 1.8-V        ; Off         ; --                        ; User                 ; no        ;
; WDATA[12]   ; AA22  ; 2J       ; 38           ; 40           ; 16           ; 1                     ; 0                  ; no     ; no             ; no       ; Off          ; 1.8-V        ; Off         ; --                        ; User                 ; no        ;
; WDATA[13]   ; AH17  ; 2J       ; 38           ; 42           ; 61           ; 1                     ; 0                  ; no     ; no             ; no       ; Off          ; 1.8-V        ; Off         ; --                        ; User                 ; no        ;
; WDATA[14]   ; AD22  ; 2J       ; 38           ; 33           ; 16           ; 1                     ; 0                  ; no     ; no             ; no       ; Off          ; 1.8-V        ; Off         ; --                        ; User                 ; no        ;
; WDATA[15]   ; AH13  ; 2J       ; 38           ; 33           ; 61           ; 1                     ; 0                  ; no     ; no             ; no       ; Off          ; 1.8-V        ; Off         ; --                        ; User                 ; no        ;
; WDATA[16]   ; AB21  ; 2J       ; 38           ; 40           ; 31           ; 1                     ; 0                  ; no     ; no             ; no       ; Off          ; 1.8-V        ; Off         ; --                        ; User                 ; no        ;
; WDATA[17]   ; AH21  ; 2J       ; 38           ; 41           ; 31           ; 1                     ; 0                  ; no     ; no             ; no       ; Off          ; 1.8-V        ; Off         ; --                        ; User                 ; no        ;
; WDATA[18]   ; AE21  ; 2J       ; 38           ; 38           ; 31           ; 1                     ; 0                  ; no     ; no             ; no       ; Off          ; 1.8-V        ; Off         ; --                        ; User                 ; no        ;
; WDATA[19]   ; AF23  ; 2J       ; 38           ; 44           ; 16           ; 1                     ; 0                  ; no     ; no             ; no       ; Off          ; 1.8-V        ; Off         ; --                        ; User                 ; no        ;
; WDATA[1]    ; AG19  ; 2J       ; 38           ; 33           ; 31           ; 1                     ; 0                  ; no     ; no             ; no       ; Off          ; 1.8-V        ; Off         ; --                        ; User                 ; no        ;
; WDATA[20]   ; AG9   ; 2J       ; 38           ; 44           ; 61           ; 1                     ; 0                  ; no     ; no             ; no       ; Off          ; 1.8-V        ; Off         ; --                        ; User                 ; no        ;
; WDATA[21]   ; AH22  ; 2J       ; 38           ; 35           ; 31           ; 1                     ; 0                  ; no     ; no             ; no       ; Off          ; 1.8-V        ; Off         ; --                        ; User                 ; no        ;
; WDATA[22]   ; Y19   ; 2J       ; 38           ; 36           ; 46           ; 1                     ; 0                  ; no     ; no             ; no       ; Off          ; 1.8-V        ; Off         ; --                        ; User                 ; no        ;
; WDATA[23]   ; AA23  ; 2J       ; 38           ; 39           ; 16           ; 1                     ; 0                  ; no     ; no             ; no       ; Off          ; 1.8-V        ; Off         ; --                        ; User                 ; no        ;
; WDATA[24]   ; AG20  ; 2J       ; 38           ; 34           ; 31           ; 1                     ; 0                  ; no     ; no             ; no       ; Off          ; 1.8-V        ; Off         ; --                        ; User                 ; no        ;
; WDATA[25]   ; AB18  ; 2J       ; 38           ; 39           ; 46           ; 1                     ; 0                  ; no     ; no             ; no       ; Off          ; 1.8-V        ; Off         ; --                        ; User                 ; no        ;
; WDATA[26]   ; AH11  ; 2J       ; 38           ; 37           ; 61           ; 1                     ; 0                  ; no     ; no             ; no       ; Off          ; 1.8-V        ; Off         ; --                        ; User                 ; no        ;
; WDATA[27]   ; AF21  ; 2J       ; 38           ; 37           ; 31           ; 1                     ; 0                  ; no     ; no             ; no       ; Off          ; 1.8-V        ; Off         ; --                        ; User                 ; no        ;
; WDATA[28]   ; Y20   ; 2J       ; 38           ; 35           ; 46           ; 1                     ; 0                  ; no     ; no             ; no       ; Off          ; 1.8-V        ; Off         ; --                        ; User                 ; no        ;
; WDATA[29]   ; AA18  ; 2J       ; 38           ; 33           ; 46           ; 1                     ; 0                  ; no     ; no             ; no       ; Off          ; 1.8-V        ; Off         ; --                        ; User                 ; no        ;
; WDATA[2]    ; AA17  ; 2J       ; 38           ; 37           ; 46           ; 1                     ; 0                  ; no     ; no             ; no       ; Off          ; 1.8-V        ; Off         ; --                        ; User                 ; no        ;
; WDATA[30]   ; AA19  ; 2J       ; 38           ; 34           ; 46           ; 1                     ; 0                  ; no     ; no             ; no       ; Off          ; 1.8-V        ; Off         ; --                        ; User                 ; no        ;
; WDATA[31]   ; AB20  ; 2J       ; 38           ; 44           ; 31           ; 1                     ; 0                  ; no     ; no             ; no       ; Off          ; 1.8-V        ; Off         ; --                        ; User                 ; no        ;
; WDATA[3]    ; AB23  ; 2J       ; 38           ; 38           ; 16           ; 1                     ; 0                  ; no     ; no             ; no       ; Off          ; 1.8-V        ; Off         ; --                        ; User                 ; no        ;
; WDATA[4]    ; W20   ; 2J       ; 38           ; 41           ; 46           ; 1                     ; 0                  ; no     ; no             ; no       ; Off          ; 1.8-V        ; Off         ; --                        ; User                 ; no        ;
; WDATA[5]    ; AB19  ; 2J       ; 38           ; 40           ; 46           ; 1                     ; 0                  ; no     ; no             ; no       ; Off          ; 1.8-V        ; Off         ; --                        ; User                 ; no        ;
; WDATA[6]    ; AH10  ; 2J       ; 38           ; 38           ; 61           ; 1                     ; 0                  ; no     ; no             ; no       ; Off          ; 1.8-V        ; Off         ; --                        ; User                 ; no        ;
; WDATA[7]    ; AF22  ; 2J       ; 38           ; 35           ; 16           ; 1                     ; 0                  ; no     ; no             ; no       ; Off          ; 1.8-V        ; Off         ; --                        ; User                 ; no        ;
; WDATA[8]    ; AH15  ; 2J       ; 38           ; 40           ; 61           ; 1                     ; 0                  ; no     ; no             ; no       ; Off          ; 1.8-V        ; Off         ; --                        ; User                 ; no        ;
; WDATA[9]    ; AC23  ; 2J       ; 38           ; 37           ; 16           ; 1                     ; 0                  ; no     ; no             ; no       ; Off          ; 1.8-V        ; Off         ; --                        ; User                 ; no        ;
; WSTRB[0]    ; Y2    ; 3A       ; 102          ; 9            ; 61           ; 0                     ; 0                  ; no     ; no             ; no       ; Off          ; 1.8-V        ; Off         ; --                        ; User                 ; no        ;
; WSTRB[1]    ; AC7   ; 3A       ; 102          ; 13           ; 16           ; 0                     ; 0                  ; no     ; no             ; no       ; Off          ; 1.8-V        ; Off         ; --                        ; User                 ; no        ;
; WSTRB[2]    ; AG3   ; 3A       ; 102          ; 6            ; 31           ; 0                     ; 0                  ; no     ; no             ; no       ; Off          ; 1.8-V        ; Off         ; --                        ; User                 ; no        ;
; WSTRB[3]    ; W8    ; 3A       ; 102          ; 14           ; 61           ; 0                     ; 0                  ; no     ; no             ; no       ; Off          ; 1.8-V        ; Off         ; --                        ; User                 ; no        ;
; WVALID      ; AE1   ; 3A       ; 102          ; 14           ; 31           ; 6                     ; 0                  ; no     ; no             ; no       ; Off          ; 1.8-V        ; Off         ; --                        ; User                 ; no        ;
; gpio_in[0]  ; Y5    ; 3A       ; 102          ; 11           ; 61           ; 3                     ; 0                  ; no     ; no             ; no       ; Off          ; 1.8-V        ; Off         ; --                        ; User                 ; no        ;
; gpio_in[10] ; AF1   ; 3A       ; 102          ; 9            ; 31           ; 3                     ; 0                  ; no     ; no             ; no       ; Off          ; 1.8-V        ; Off         ; --                        ; User                 ; no        ;
; gpio_in[11] ; AA9   ; 3A       ; 102          ; 6            ; 61           ; 3                     ; 0                  ; no     ; no             ; no       ; Off          ; 1.8-V        ; Off         ; --                        ; User                 ; no        ;
; gpio_in[12] ; AG1   ; 3A       ; 102          ; 8            ; 31           ; 3                     ; 0                  ; no     ; no             ; no       ; Off          ; 1.8-V        ; Off         ; --                        ; User                 ; no        ;
; gpio_in[13] ; AB5   ; 3A       ; 102          ; 13           ; 46           ; 3                     ; 0                  ; no     ; no             ; no       ; Off          ; 1.8-V        ; Off         ; --                        ; User                 ; no        ;
; gpio_in[14] ; AE6   ; 3A       ; 102          ; 11           ; 16           ; 3                     ; 0                  ; no     ; no             ; no       ; Off          ; 1.8-V        ; Off         ; --                        ; User                 ; no        ;
; gpio_in[15] ; AB6   ; 3A       ; 102          ; 12           ; 46           ; 3                     ; 0                  ; no     ; no             ; no       ; Off          ; 1.8-V        ; Off         ; --                        ; User                 ; no        ;
; gpio_in[16] ; Y1    ; 3A       ; 102          ; 8            ; 61           ; 3                     ; 0                  ; no     ; no             ; no       ; Off          ; 1.8-V        ; Off         ; --                        ; User                 ; no        ;
; gpio_in[17] ; AF6   ; 3A       ; 102          ; 10           ; 16           ; 3                     ; 0                  ; no     ; no             ; no       ; Off          ; 1.8-V        ; Off         ; --                        ; User                 ; no        ;
; gpio_in[18] ; AB1   ; 3A       ; 102          ; 14           ; 46           ; 3                     ; 0                  ; no     ; no             ; no       ; Off          ; 1.8-V        ; Off         ; --                        ; User                 ; no        ;
; gpio_in[19] ; AH3   ; 3A       ; 102          ; 17           ; 16           ; 3                     ; 0                  ; no     ; no             ; no       ; Off          ; 1.8-V        ; Off         ; --                        ; User                 ; no        ;
; gpio_in[1]  ; AA8   ; 3A       ; 102          ; 7            ; 61           ; 3                     ; 0                  ; no     ; no             ; no       ; Off          ; 1.8-V        ; Off         ; --                        ; User                 ; no        ;
; gpio_in[20] ; AH2   ; 3A       ; 102          ; 16           ; 16           ; 3                     ; 0                  ; no     ; no             ; no       ; Off          ; 1.8-V        ; Off         ; --                        ; User                 ; no        ;
; gpio_in[21] ; AD4   ; 3A       ; 102          ; 15           ; 16           ; 3                     ; 0                  ; no     ; no             ; no       ; Off          ; 1.8-V        ; Off         ; --                        ; User                 ; no        ;
; gpio_in[22] ; W4    ; 3A       ; 102          ; 16           ; 61           ; 3                     ; 0                  ; no     ; no             ; no       ; Off          ; 1.8-V        ; Off         ; --                        ; User                 ; no        ;
; gpio_in[23] ; Y4    ; 3A       ; 102          ; 17           ; 61           ; 3                     ; 0                  ; no     ; no             ; no       ; Off          ; 1.8-V        ; Off         ; --                        ; User                 ; no        ;
; gpio_in[24] ; AC1   ; 3A       ; 102          ; 12           ; 31           ; 3                     ; 0                  ; no     ; no             ; no       ; Off          ; 1.8-V        ; Off         ; --                        ; User                 ; no        ;
; gpio_in[25] ; W7    ; 3A       ; 102          ; 15           ; 61           ; 3                     ; 0                  ; no     ; no             ; no       ; Off          ; 1.8-V        ; Off         ; --                        ; User                 ; no        ;
; gpio_in[26] ; AE2   ; 3A       ; 102          ; 10           ; 31           ; 3                     ; 0                  ; no     ; no             ; no       ; Off          ; 1.8-V        ; Off         ; --                        ; User                 ; no        ;
; gpio_in[27] ; AF3   ; 3A       ; 102          ; 7            ; 31           ; 3                     ; 0                  ; no     ; no             ; no       ; Off          ; 1.8-V        ; Off         ; --                        ; User                 ; no        ;
; gpio_in[28] ; Y7    ; 3A       ; 102          ; 12           ; 61           ; 3                     ; 0                  ; no     ; no             ; no       ; Off          ; 1.8-V        ; Off         ; --                        ; User                 ; no        ;
; gpio_in[29] ; AA4   ; 3A       ; 102          ; 9            ; 46           ; 3                     ; 0                  ; no     ; no             ; no       ; Off          ; 1.8-V        ; Off         ; --                        ; User                 ; no        ;
; gpio_in[2]  ; AB4   ; 3A       ; 102          ; 17           ; 46           ; 3                     ; 0                  ; no     ; no             ; no       ; Off          ; 1.8-V        ; Off         ; --                        ; User                 ; no        ;
; gpio_in[30] ; AA3   ; 3A       ; 102          ; 8            ; 46           ; 3                     ; 0                  ; no     ; no             ; no       ; Off          ; 1.8-V        ; Off         ; --                        ; User                 ; no        ;
; gpio_in[31] ; AC3   ; 3A       ; 102          ; 17           ; 31           ; 3                     ; 0                  ; no     ; no             ; no       ; Off          ; 1.8-V        ; Off         ; --                        ; User                 ; no        ;
; gpio_in[3]  ; AC5   ; 3A       ; 102          ; 16           ; 46           ; 3                     ; 0                  ; no     ; no             ; no       ; Off          ; 1.8-V        ; Off         ; --                        ; User                 ; no        ;
; gpio_in[4]  ; AD2   ; 3A       ; 102          ; 11           ; 31           ; 3                     ; 0                  ; no     ; no             ; no       ; Off          ; 1.8-V        ; Off         ; --                        ; User                 ; no        ;
; gpio_in[5]  ; AA1   ; 3A       ; 102          ; 15           ; 46           ; 3                     ; 0                  ; no     ; no             ; no       ; Off          ; 1.8-V        ; Off         ; --                        ; User                 ; no        ;
; gpio_in[6]  ; Y6    ; 3A       ; 102          ; 13           ; 61           ; 3                     ; 0                  ; no     ; no             ; no       ; Off          ; 1.8-V        ; Off         ; --                        ; User                 ; no        ;
; gpio_in[7]  ; AC2   ; 3A       ; 102          ; 13           ; 31           ; 3                     ; 0                  ; no     ; no             ; no       ; Off          ; 1.8-V        ; Off         ; --                        ; User                 ; no        ;
; gpio_in[8]  ; W5    ; 3A       ; 102          ; 10           ; 61           ; 3                     ; 0                  ; no     ; no             ; no       ; Off          ; 1.8-V        ; Off         ; --                        ; User                 ; no        ;
; gpio_in[9]  ; AE4   ; 3A       ; 102          ; 14           ; 16           ; 3                     ; 0                  ; no     ; no             ; no       ; Off          ; 1.8-V        ; Off         ; --                        ; User                 ; no        ;
+-------------+-------+----------+--------------+--------------+--------------+-----------------------+--------------------+--------+----------------+----------+--------------+--------------+-------------+---------------------------+----------------------+-----------+


+------------------------------------------------------------------------------------------------------------------------------------------------------------------------------------------------------------------------------------------------------------------------------------------------------------------------------------------------------------------------------------------------------------------------------+
; Output Pins                                                                                                                                                                                                                                                                                                                                                                                                                  ;
+---------------+-------+----------+--------------+--------------+--------------+-----------------+------------------------+-----------+------------+---------------+----------+--------------+--------------+------------------+-----------------------------------+---------------------------+----------------------------+-----------------------------+----------------------+----------------------+---------------------+
; Name          ; Pin # ; I/O Bank ; X coordinate ; Y coordinate ; Z coordinate ; Output Register ; Output Enable Register ; Slew Rate ; Open Drain ; TRI Primitive ; Bus Hold ; Weak Pull Up ; I/O Standard ; Current Strength ; Termination                       ; Termination Control Block ; Output Buffer Pre-emphasis ; Voltage Output Differential ; Location assigned by ; Output Enable Source ; Output Enable Group ;
+---------------+-------+----------+--------------+--------------+--------------+-----------------+------------------------+-----------+------------+---------------+----------+--------------+--------------+------------------+-----------------------------------+---------------------------+----------------------------+-----------------------------+----------------------+----------------------+---------------------+
; ARREADY       ; D8    ; 2K       ; 38           ; 63           ; 61           ; no              ; no                     ; 1         ; no         ; no            ; no       ; Off          ; 1.8-V        ; Default          ; Series 50 Ohm without Calibration ; --                        ; no                         ; no                          ; User                 ; -                    ; -                   ;
; AWREADY       ; C21   ; 2K       ; 38           ; 69           ; 31           ; no              ; no                     ; 1         ; no         ; no            ; no       ; Off          ; 1.8-V        ; Default          ; Series 50 Ohm without Calibration ; --                        ; no                         ; no                          ; User                 ; -                    ; -                   ;
; BRESP[0]      ; C10   ; 2K       ; 38           ; 69           ; 61           ; no              ; no                     ; 1         ; no         ; no            ; no       ; Off          ; 1.8-V        ; Default          ; Series 50 Ohm without Calibration ; --                        ; no                         ; no                          ; User                 ; -                    ; -                   ;
; BRESP[1]      ; A26   ; 2K       ; 38           ; 65           ; 31           ; no              ; no                     ; 1         ; no         ; no            ; no       ; Off          ; 1.8-V        ; Default          ; Series 50 Ohm without Calibration ; --                        ; no                         ; no                          ; User                 ; -                    ; -                   ;
; BVALID        ; A27   ; 2K       ; 38           ; 64           ; 31           ; no              ; no                     ; 1         ; no         ; no            ; no       ; Off          ; 1.8-V        ; Default          ; Series 50 Ohm without Calibration ; --                        ; no                         ; no                          ; User                 ; -                    ; -                   ;
; RDATA[0]      ; B24   ; 2K       ; 38           ; 66           ; 31           ; no              ; no                     ; 1         ; no         ; no            ; no       ; Off          ; 1.8-V        ; Default          ; Series 50 Ohm without Calibration ; --                        ; no                         ; no                          ; User                 ; -                    ; -                   ;
; RDATA[10]     ; B23   ; 2K       ; 38           ; 67           ; 31           ; no              ; no                     ; 1         ; no         ; no            ; no       ; Off          ; 1.8-V        ; Default          ; Series 50 Ohm without Calibration ; --                        ; no                         ; no                          ; User                 ; -                    ; -                   ;
; RDATA[11]     ; A17   ; 2K       ; 38           ; 70           ; 46           ; no              ; no                     ; 1         ; no         ; no            ; no       ; Off          ; 1.8-V        ; Default          ; Series 50 Ohm without Calibration ; --                        ; no                         ; no                          ; User                 ; -                    ; -                   ;
; RDATA[12]     ; B16   ; 2K       ; 38           ; 66           ; 46           ; no              ; no                     ; 1         ; no         ; no            ; no       ; Off          ; 1.8-V        ; Default          ; Series 50 Ohm without Calibration ; --                        ; no                         ; no                          ; User                 ; -                    ; -                   ;
; RDATA[13]     ; B8    ; 2K       ; 38           ; 71           ; 61           ; no              ; no                     ; 1         ; no         ; no            ; no       ; Off          ; 1.8-V        ; Default          ; Series 50 Ohm without Calibration ; --                        ; no                         ; no                          ; User                 ; -                    ; -                   ;
; RDATA[14]     ; B13   ; 2K       ; 38           ; 65           ; 16           ; no              ; no                     ; 1         ; no         ; no            ; no       ; Off          ; 1.8-V        ; Default          ; Series 50 Ohm without Calibration ; --                        ; no                         ; no                          ; User                 ; -                    ; -                   ;
; RDATA[15]     ; B9    ; 2K       ; 38           ; 70           ; 61           ; no              ; no                     ; 1         ; no         ; no            ; no       ; Off          ; 1.8-V        ; Default          ; Series 50 Ohm without Calibration ; --                        ; no                         ; no                          ; User                 ; -                    ; -                   ;
; RDATA[16]     ; D10   ; 2K       ; 38           ; 61           ; 61           ; no              ; no                     ; 1         ; no         ; no            ; no       ; Off          ; 1.8-V        ; Default          ; Series 50 Ohm without Calibration ; --                        ; no                         ; no                          ; User                 ; -                    ; -                   ;
; RDATA[17]     ; B10   ; 2K       ; 38           ; 68           ; 61           ; no              ; no                     ; 1         ; no         ; no            ; no       ; Off          ; 1.8-V        ; Default          ; Series 50 Ohm without Calibration ; --                        ; no                         ; no                          ; User                 ; -                    ; -                   ;
; RDATA[18]     ; B25   ; 2K       ; 38           ; 61           ; 31           ; no              ; no                     ; 1         ; no         ; no            ; no       ; Off          ; 1.8-V        ; Default          ; Series 50 Ohm without Calibration ; --                        ; no                         ; no                          ; User                 ; -                    ; -                   ;
; RDATA[19]     ; A19   ; 2K       ; 38           ; 68           ; 46           ; no              ; no                     ; 1         ; no         ; no            ; no       ; Off          ; 1.8-V        ; Default          ; Series 50 Ohm without Calibration ; --                        ; no                         ; no                          ; User                 ; -                    ; -                   ;
; RDATA[1]      ; C20   ; 2K       ; 38           ; 63           ; 46           ; no              ; no                     ; 1         ; no         ; no            ; no       ; Off          ; 1.8-V        ; Default          ; Series 50 Ohm without Calibration ; --                        ; no                         ; no                          ; User                 ; -                    ; -                   ;
; RDATA[20]     ; C15   ; 2K       ; 38           ; 67           ; 46           ; no              ; no                     ; 1         ; no         ; no            ; no       ; Off          ; 1.8-V        ; Default          ; Series 50 Ohm without Calibration ; --                        ; no                         ; no                          ; User                 ; -                    ; -                   ;
; RDATA[21]     ; A14   ; 2K       ; 38           ; 64           ; 16           ; no              ; no                     ; 1         ; no         ; no            ; no       ; Off          ; 1.8-V        ; Default          ; Series 50 Ohm without Calibration ; --                        ; no                         ; no                          ; User                 ; -                    ; -                   ;
; RDATA[22]     ; A11   ; 2K       ; 38           ; 60           ; 16           ; no              ; no                     ; 1         ; no         ; no            ; no       ; Off          ; 1.8-V        ; Default          ; Series 50 Ohm without Calibration ; --                        ; no                         ; no                          ; User                 ; -                    ; -                   ;
; RDATA[23]     ; B18   ; 2K       ; 38           ; 65           ; 46           ; no              ; no                     ; 1         ; no         ; no            ; no       ; Off          ; 1.8-V        ; Default          ; Series 50 Ohm without Calibration ; --                        ; no                         ; no                          ; User                 ; -                    ; -                   ;
; RDATA[24]     ; B15   ; 2K       ; 38           ; 67           ; 16           ; no              ; no                     ; 1         ; no         ; no            ; no       ; Off          ; 1.8-V        ; Default          ; Series 50 Ohm without Calibration ; --                        ; no                         ; no                          ; User                 ; -                    ; -                   ;
; RDATA[25]     ; A21   ; 2K       ; 38           ; 62           ; 31           ; no              ; no                     ; 1         ; no         ; no            ; no       ; Off          ; 1.8-V        ; Default          ; Series 50 Ohm without Calibration ; --                        ; no                         ; no                          ; User                 ; -                    ; -                   ;
; RDATA[26]     ; C11   ; 2K       ; 38           ; 67           ; 61           ; no              ; no                     ; 1         ; no         ; no            ; no       ; Off          ; 1.8-V        ; Default          ; Series 50 Ohm without Calibration ; --                        ; no                         ; no                          ; User                 ; -                    ; -                   ;
; RDATA[27]     ; A9    ; 2K       ; 38           ; 64           ; 61           ; no              ; no                     ; 1         ; no         ; no            ; no       ; Off          ; 1.8-V        ; Default          ; Series 50 Ohm without Calibration ; --                        ; no                         ; no                          ; User                 ; -                    ; -                   ;
; RDATA[28]     ; B26   ; 2K       ; 38           ; 60           ; 31           ; no              ; no                     ; 1         ; no         ; no            ; no       ; Off          ; 1.8-V        ; Default          ; Series 50 Ohm without Calibration ; --                        ; no                         ; no                          ; User                 ; -                    ; -                   ;
; RDATA[29]     ; B14   ; 2K       ; 38           ; 66           ; 16           ; no              ; no                     ; 1         ; no         ; no            ; no       ; Off          ; 1.8-V        ; Default          ; Series 50 Ohm without Calibration ; --                        ; no                         ; no                          ; User                 ; -                    ; -                   ;
; RDATA[2]      ; D9    ; 2K       ; 38           ; 60           ; 61           ; no              ; no                     ; 1         ; no         ; no            ; no       ; Off          ; 1.8-V        ; Default          ; Series 50 Ohm without Calibration ; --                        ; no                         ; no                          ; User                 ; -                    ; -                   ;
; RDATA[30]     ; B19   ; 2K       ; 38           ; 64           ; 46           ; no              ; no                     ; 1         ; no         ; no            ; no       ; Off          ; 1.8-V        ; Default          ; Series 50 Ohm without Calibration ; --                        ; no                         ; no                          ; User                 ; -                    ; -                   ;
; RDATA[31]     ; D14   ; 2K       ; 38           ; 70           ; 16           ; no              ; no                     ; 1         ; no         ; no            ; no       ; Off          ; 1.8-V        ; Default          ; Series 50 Ohm without Calibration ; --                        ; no                         ; no                          ; User                 ; -                    ; -                   ;
; RDATA[3]      ; A12   ; 2K       ; 38           ; 62           ; 16           ; no              ; no                     ; 1         ; no         ; no            ; no       ; Off          ; 1.8-V        ; Default          ; Series 50 Ohm without Calibration ; --                        ; no                         ; no                          ; User                 ; -                    ; -                   ;
; RDATA[4]      ; C12   ; 2K       ; 38           ; 66           ; 61           ; no              ; no                     ; 1         ; no         ; no            ; no       ; Off          ; 1.8-V        ; Default          ; Series 50 Ohm without Calibration ; --                        ; no                         ; no                          ; User                 ; -                    ; -                   ;
; RDATA[5]      ; A8    ; 2K       ; 38           ; 65           ; 61           ; no              ; no                     ; 1         ; no         ; no            ; no       ; Off          ; 1.8-V        ; Default          ; Series 50 Ohm without Calibration ; --                        ; no                         ; no                          ; User                 ; -                    ; -                   ;
; RDATA[6]      ; A16   ; 2K       ; 38           ; 71           ; 46           ; no              ; no                     ; 1         ; no         ; no            ; no       ; Off          ; 1.8-V        ; Default          ; Series 50 Ohm without Calibration ; --                        ; no                         ; no                          ; User                 ; -                    ; -                   ;
; RDATA[7]      ; A13   ; 2K       ; 38           ; 63           ; 16           ; no              ; no                     ; 1         ; no         ; no            ; no       ; Off          ; 1.8-V        ; Default          ; Series 50 Ohm without Calibration ; --                        ; no                         ; no                          ; User                 ; -                    ; -                   ;
; RDATA[8]      ; D13   ; 2K       ; 38           ; 69           ; 16           ; no              ; no                     ; 1         ; no         ; no            ; no       ; Off          ; 1.8-V        ; Default          ; Series 50 Ohm without Calibration ; --                        ; no                         ; no                          ; User                 ; -                    ; -                   ;
; RDATA[9]      ; A22   ; 2K       ; 38           ; 63           ; 31           ; no              ; no                     ; 1         ; no         ; no            ; no       ; Off          ; 1.8-V        ; Default          ; Series 50 Ohm without Calibration ; --                        ; no                         ; no                          ; User                 ; -                    ; -                   ;
; RRESP[0]      ; B11   ; 2K       ; 38           ; 61           ; 16           ; no              ; no                     ; 1         ; no         ; no            ; no       ; Off          ; 1.8-V        ; Default          ; Series 50 Ohm without Calibration ; --                        ; no                         ; no                          ; User                 ; -                    ; -                   ;
; RRESP[1]      ; C8    ; 2K       ; 38           ; 62           ; 61           ; no              ; no                     ; 1         ; no         ; no            ; no       ; Off          ; 1.8-V        ; Default          ; Series 50 Ohm without Calibration ; --                        ; no                         ; no                          ; User                 ; -                    ; -                   ;
; RVALID        ; E14   ; 2K       ; 38           ; 71           ; 16           ; no              ; no                     ; 1         ; no         ; no            ; no       ; Off          ; 1.8-V        ; Default          ; Series 50 Ohm without Calibration ; --                        ; no                         ; no                          ; User                 ; -                    ; -                   ;
; WREADY        ; C13   ; 2K       ; 38           ; 68           ; 16           ; no              ; no                     ; 1         ; no         ; no            ; no       ; Off          ; 1.8-V        ; Default          ; Series 50 Ohm without Calibration ; --                        ; no                         ; no                          ; User                 ; -                    ; -                   ;
; combined_irq  ; E17   ; 2L       ; 38           ; 96           ; 16           ; no              ; no                     ; 1         ; no         ; no            ; no       ; Off          ; 1.8-V        ; Default          ; Series 50 Ohm without Calibration ; --                        ; no                         ; no                          ; User                 ; -                    ; -                   ;
; gpio_oe[0]    ; AA14  ; 2A       ; 38           ; 15           ; 16           ; no              ; no                     ; 1         ; no         ; no            ; no       ; Off          ; 1.8-V        ; Default          ; Series 50 Ohm without Calibration ; --                        ; no                         ; no                          ; User                 ; -                    ; -                   ;
; gpio_oe[10]   ; AF13  ; 2A       ; 38           ; 12           ; 46           ; no              ; no                     ; 1         ; no         ; no            ; no       ; Off          ; 1.8-V        ; Default          ; Series 50 Ohm without Calibration ; --                        ; no                         ; no                          ; User                 ; -                    ; -                   ;
; gpio_oe[11]   ; Y16   ; 2A       ; 38           ; 6            ; 31           ; no              ; no                     ; 1         ; no         ; no            ; no       ; Off          ; 1.8-V        ; Default          ; Series 50 Ohm without Calibration ; --                        ; no                         ; no                          ; User                 ; -                    ; -                   ;
; gpio_oe[12]   ; AF19  ; 2A       ; 38           ; 17           ; 46           ; no              ; no                     ; 1         ; no         ; no            ; no       ; Off          ; 1.8-V        ; Default          ; Series 50 Ohm without Calibration ; --                        ; no                         ; no                          ; User                 ; -                    ; -                   ;
; gpio_oe[13]   ; AF14  ; 2A       ; 38           ; 13           ; 46           ; no              ; no                     ; 1         ; no         ; no            ; no       ; Off          ; 1.8-V        ; Default          ; Series 50 Ohm without Calibration ; --                        ; no                         ; no                          ; User                 ; -                    ; -                   ;
; gpio_oe[14]   ; AA13  ; 2A       ; 38           ; 9            ; 16           ; no              ; no                     ; 1         ; no         ; no            ; no       ; Off          ; 1.8-V        ; Default          ; Series 50 Ohm without Calibration ; --                        ; no                         ; no                          ; User                 ; -                    ; -                   ;
; gpio_oe[15]   ; AE12  ; 2A       ; 38           ; 10           ; 61           ; no              ; no                     ; 1         ; no         ; no            ; no       ; Off          ; 1.8-V        ; Default          ; Series 50 Ohm without Calibration ; --                        ; no                         ; no                          ; User                 ; -                    ; -                   ;
; gpio_oe[16]   ; AF16  ; 2A       ; 38           ; 9            ; 46           ; no              ; no                     ; 1         ; no         ; no            ; no       ; Off          ; 1.8-V        ; Default          ; Series 50 Ohm without Calibration ; --                        ; no                         ; no                          ; User                 ; -                    ; -                   ;
; gpio_oe[17]   ; AF17  ; 2A       ; 38           ; 14           ; 46           ; no              ; no                     ; 1         ; no         ; no            ; no       ; Off          ; 1.8-V        ; Default          ; Series 50 Ohm without Calibration ; --                        ; no                         ; no                          ; User                 ; -                    ; -                   ;
; gpio_oe[18]   ; AG15  ; 2A       ; 38           ; 7            ; 46           ; no              ; no                     ; 1         ; no         ; no            ; no       ; Off          ; 1.8-V        ; Default          ; Series 50 Ohm without Calibration ; --                        ; no                         ; no                          ; User                 ; -                    ; -                   ;
; gpio_oe[19]   ; AG14  ; 2A       ; 38           ; 6            ; 46           ; no              ; no                     ; 1         ; no         ; no            ; no       ; Off          ; 1.8-V        ; Default          ; Series 50 Ohm without Calibration ; --                        ; no                         ; no                          ; User                 ; -                    ; -                   ;
; gpio_oe[1]    ; AC12  ; 2A       ; 38           ; 6            ; 16           ; no              ; no                     ; 1         ; no         ; no            ; no       ; Off          ; 1.8-V        ; Default          ; Series 50 Ohm without Calibration ; --                        ; no                         ; no                          ; User                 ; -                    ; -                   ;
; gpio_oe[20]   ; AA16  ; 2A       ; 38           ; 17           ; 31           ; no              ; no                     ; 1         ; no         ; no            ; no       ; Off          ; 1.8-V        ; Default          ; Series 50 Ohm without Calibration ; --                        ; no                         ; no                          ; User                 ; -                    ; -                   ;
; gpio_oe[21]   ; AB16  ; 2A       ; 38           ; 16           ; 31           ; no              ; no                     ; 1         ; no         ; no            ; no       ; Off          ; 1.8-V        ; Default          ; Series 50 Ohm without Calibration ; --                        ; no                         ; no                          ; User                 ; -                    ; -                   ;
; gpio_oe[22]   ; G21   ; 2L       ; 38           ; 90           ; 46           ; no              ; no                     ; 1         ; no         ; no            ; no       ; Off          ; 1.8-V        ; Default          ; Series 50 Ohm without Calibration ; --                        ; no                         ; no                          ; User                 ; -                    ; -                   ;
; gpio_oe[23]   ; F18   ; 2L       ; 38           ; 92           ; 61           ; no              ; no                     ; 1         ; no         ; no            ; no       ; Off          ; 1.8-V        ; Default          ; Series 50 Ohm without Calibration ; --                        ; no                         ; no                          ; User                 ; -                    ; -                   ;
; gpio_oe[24]   ; H17   ; 2L       ; 38           ; 97           ; 61           ; no              ; no                     ; 1         ; no         ; no            ; no       ; Off          ; 1.8-V        ; Default          ; Series 50 Ohm without Calibration ; --                        ; no                         ; no                          ; User                 ; -                    ; -                   ;
; gpio_oe[25]   ; H16   ; 2L       ; 38           ; 98           ; 61           ; no              ; no                     ; 1         ; no         ; no            ; no       ; Off          ; 1.8-V        ; Default          ; Series 50 Ohm without Calibration ; --                        ; no                         ; no                          ; User                 ; -                    ; -                   ;
; gpio_oe[26]   ; C16   ; 2L       ; 38           ; 90           ; 16           ; no              ; no                     ; 1         ; no         ; no            ; no       ; Off          ; 1.8-V        ; Default          ; Series 50 Ohm without Calibration ; --                        ; no                         ; no                          ; User                 ; -                    ; -                   ;
; gpio_oe[27]   ; H21   ; 2L       ; 38           ; 92           ; 31           ; no              ; no                     ; 1         ; no         ; no            ; no       ; Off          ; 1.8-V        ; Default          ; Series 50 Ohm without Calibration ; --                        ; no                         ; no                          ; User                 ; -                    ; -                   ;
; gpio_oe[28]   ; F22   ; 2L       ; 38           ; 94           ; 46           ; no              ; no                     ; 1         ; no         ; no            ; no       ; Off          ; 1.8-V        ; Default          ; Series 50 Ohm without Calibration ; --                        ; no                         ; no                          ; User                 ; -                    ; -                   ;
; gpio_oe[29]   ; E20   ; 2L       ; 38           ; 92           ; 16           ; no              ; no                     ; 1         ; no         ; no            ; no       ; Off          ; 1.8-V        ; Default          ; Series 50 Ohm without Calibration ; --                        ; no                         ; no                          ; User                 ; -                    ; -                   ;
; gpio_oe[2]    ; AG18  ; 2A       ; 38           ; 16           ; 46           ; no              ; no                     ; 1         ; no         ; no            ; no       ; Off          ; 1.8-V        ; Default          ; Series 50 Ohm without Calibration ; --                        ; no                         ; no                          ; User                 ; -                    ; -                   ;
; gpio_oe[30]   ; D23   ; 2L       ; 38           ; 95           ; 46           ; no              ; no                     ; 1         ; no         ; no            ; no       ; Off          ; 1.8-V        ; Default          ; Series 50 Ohm without Calibration ; --                        ; no                         ; no                          ; User                 ; -                    ; -                   ;
; gpio_oe[31]   ; G18   ; 2L       ; 38           ; 89           ; 61           ; no              ; no                     ; 1         ; no         ; no            ; no       ; Off          ; 1.8-V        ; Default          ; Series 50 Ohm without Calibration ; --                        ; no                         ; no                          ; User                 ; -                    ; -                   ;
; gpio_oe[3]    ; AB11  ; 2A       ; 38           ; 16           ; 16           ; no              ; no                     ; 1         ; no         ; no            ; no       ; Off          ; 1.8-V        ; Default          ; Series 50 Ohm without Calibration ; --                        ; no                         ; no                          ; User                 ; -                    ; -                   ;
; gpio_oe[4]    ; AD17  ; 2A       ; 38           ; 9            ; 31           ; no              ; no                     ; 1         ; no         ; no            ; no       ; Off          ; 1.8-V        ; Default          ; Series 50 Ohm without Calibration ; --                        ; no                         ; no                          ; User                 ; -                    ; -                   ;
; gpio_oe[5]    ; AE20  ; 2A       ; 38           ; 11           ; 46           ; no              ; no                     ; 1         ; no         ; no            ; no       ; Off          ; 1.8-V        ; Default          ; Series 50 Ohm without Calibration ; --                        ; no                         ; no                          ; User                 ; -                    ; -                   ;
; gpio_oe[6]    ; AE15  ; 2A       ; 38           ; 14           ; 61           ; no              ; no                     ; 1         ; no         ; no            ; no       ; Off          ; 1.8-V        ; Default          ; Series 50 Ohm without Calibration ; --                        ; no                         ; no                          ; User                 ; -                    ; -                   ;
; gpio_oe[7]    ; AD13  ; 2A       ; 38           ; 6            ; 61           ; no              ; no                     ; 1         ; no         ; no            ; no       ; Off          ; 1.8-V        ; Default          ; Series 50 Ohm without Calibration ; --                        ; no                         ; no                          ; User                 ; -                    ; -                   ;
; gpio_oe[8]    ; AB13  ; 2A       ; 38           ; 11           ; 16           ; no              ; no                     ; 1         ; no         ; no            ; no       ; Off          ; 1.8-V        ; Default          ; Series 50 Ohm without Calibration ; --                        ; no                         ; no                          ; User                 ; -                    ; -                   ;
; gpio_oe[9]    ; AC18  ; 2A       ; 38           ; 11           ; 31           ; no              ; no                     ; 1         ; no         ; no            ; no       ; Off          ; 1.8-V        ; Default          ; Series 50 Ohm without Calibration ; --                        ; no                         ; no                          ; User                 ; -                    ; -                   ;
; gpio_out[0]   ; B21   ; 2K       ; 38           ; 68           ; 31           ; no              ; no                     ; 1         ; no         ; no            ; no       ; Off          ; 1.8-V        ; Default          ; Series 50 Ohm without Calibration ; --                        ; no                         ; no                          ; User                 ; -                    ; -                   ;
; gpio_out[10]  ; AG16  ; 2A       ; 38           ; 8            ; 46           ; no              ; no                     ; 1         ; no         ; no            ; no       ; Off          ; 1.8-V        ; Default          ; Series 50 Ohm without Calibration ; --                        ; no                         ; no                          ; User                 ; -                    ; -                   ;
; gpio_out[11]  ; AA12  ; 2A       ; 38           ; 8            ; 16           ; no              ; no                     ; 1         ; no         ; no            ; no       ; Off          ; 1.8-V        ; Default          ; Series 50 Ohm without Calibration ; --                        ; no                         ; no                          ; User                 ; -                    ; -                   ;
; gpio_out[12]  ; AD20  ; 2A       ; 38           ; 14           ; 31           ; no              ; no                     ; 1         ; no         ; no            ; no       ; Off          ; 1.8-V        ; Default          ; Series 50 Ohm without Calibration ; --                        ; no                         ; no                          ; User                 ; -                    ; -                   ;
; gpio_out[13]  ; AC16  ; 2A       ; 38           ; 12           ; 31           ; no              ; no                     ; 1         ; no         ; no            ; no       ; Off          ; 1.8-V        ; Default          ; Series 50 Ohm without Calibration ; --                        ; no                         ; no                          ; User                 ; -                    ; -                   ;
; gpio_out[14]  ; AF11  ; 2A       ; 38           ; 9            ; 61           ; no              ; no                     ; 1         ; no         ; no            ; no       ; Off          ; 1.8-V        ; Default          ; Series 50 Ohm without Calibration ; --                        ; no                         ; no                          ; User                 ; -                    ; -                   ;
; gpio_out[15]  ; AD19  ; 2A       ; 38           ; 15           ; 31           ; no              ; no                     ; 1         ; no         ; no            ; no       ; Off          ; 1.8-V        ; Default          ; Series 50 Ohm without Calibration ; --                        ; no                         ; no                          ; User                 ; -                    ; -                   ;
; gpio_out[16]  ; AF18  ; 2A       ; 38           ; 15           ; 46           ; no              ; no                     ; 1         ; no         ; no            ; no       ; Off          ; 1.8-V        ; Default          ; Series 50 Ohm without Calibration ; --                        ; no                         ; no                          ; User                 ; -                    ; -                   ;
; gpio_out[17]  ; AC11  ; 2A       ; 38           ; 7            ; 16           ; no              ; no                     ; 1         ; no         ; no            ; no       ; Off          ; 1.8-V        ; Default          ; Series 50 Ohm without Calibration ; --                        ; no                         ; no                          ; User                 ; -                    ; -                   ;
; gpio_out[18]  ; AC17  ; 2A       ; 38           ; 13           ; 31           ; no              ; no                     ; 1         ; no         ; no            ; no       ; Off          ; 1.8-V        ; Default          ; Series 50 Ohm without Calibration ; --                        ; no                         ; no                          ; User                 ; -                    ; -                   ;
; gpio_out[19]  ; AD18  ; 2A       ; 38           ; 10           ; 31           ; no              ; no                     ; 1         ; no         ; no            ; no       ; Off          ; 1.8-V        ; Default          ; Series 50 Ohm without Calibration ; --                        ; no                         ; no                          ; User                 ; -                    ; -                   ;
; gpio_out[1]   ; A18   ; 2K       ; 38           ; 69           ; 46           ; no              ; no                     ; 1         ; no         ; no            ; no       ; Off          ; 1.8-V        ; Default          ; Series 50 Ohm without Calibration ; --                        ; no                         ; no                          ; User                 ; -                    ; -                   ;
; gpio_out[20]  ; Y15   ; 2A       ; 38           ; 7            ; 31           ; no              ; no                     ; 1         ; no         ; no            ; no       ; Off          ; 1.8-V        ; Default          ; Series 50 Ohm without Calibration ; --                        ; no                         ; no                          ; User                 ; -                    ; -                   ;
; gpio_out[21]  ; AE16  ; 2A       ; 38           ; 12           ; 61           ; no              ; no                     ; 1         ; no         ; no            ; no       ; Off          ; 1.8-V        ; Default          ; Series 50 Ohm without Calibration ; --                        ; no                         ; no                          ; User                 ; -                    ; -                   ;
; gpio_out[22]  ; AD15  ; 2A       ; 38           ; 13           ; 61           ; no              ; no                     ; 1         ; no         ; no            ; no       ; Off          ; 1.8-V        ; Default          ; Series 50 Ohm without Calibration ; --                        ; no                         ; no                          ; User                 ; -                    ; -                   ;
; gpio_out[23]  ; AF12  ; 2A       ; 38           ; 8            ; 61           ; no              ; no                     ; 1         ; no         ; no            ; no       ; Off          ; 1.8-V        ; Default          ; Series 50 Ohm without Calibration ; --                        ; no                         ; no                          ; User                 ; -                    ; -                   ;
; gpio_out[24]  ; AE14  ; 2A       ; 38           ; 15           ; 61           ; no              ; no                     ; 1         ; no         ; no            ; no       ; Off          ; 1.8-V        ; Default          ; Series 50 Ohm without Calibration ; --                        ; no                         ; no                          ; User                 ; -                    ; -                   ;
; gpio_out[25]  ; AE11  ; 2A       ; 38           ; 16           ; 61           ; no              ; no                     ; 1         ; no         ; no            ; no       ; Off          ; 1.8-V        ; Default          ; Series 50 Ohm without Calibration ; --                        ; no                         ; no                          ; User                 ; -                    ; -                   ;
; gpio_out[26]  ; AE17  ; 2A       ; 38           ; 8            ; 31           ; no              ; no                     ; 1         ; no         ; no            ; no       ; Off          ; 1.8-V        ; Default          ; Series 50 Ohm without Calibration ; --                        ; no                         ; no                          ; User                 ; -                    ; -                   ;
; gpio_out[27]  ; AD14  ; 2A       ; 38           ; 7            ; 61           ; no              ; no                     ; 1         ; no         ; no            ; no       ; Off          ; 1.8-V        ; Default          ; Series 50 Ohm without Calibration ; --                        ; no                         ; no                          ; User                 ; -                    ; -                   ;
; gpio_out[28]  ; AB15  ; 2A       ; 38           ; 13           ; 16           ; no              ; no                     ; 1         ; no         ; no            ; no       ; Off          ; 1.8-V        ; Default          ; Series 50 Ohm without Calibration ; --                        ; no                         ; no                          ; User                 ; -                    ; -                   ;
; gpio_out[29]  ; AD12  ; 2A       ; 38           ; 11           ; 61           ; no              ; no                     ; 1         ; no         ; no            ; no       ; Off          ; 1.8-V        ; Default          ; Series 50 Ohm without Calibration ; --                        ; no                         ; no                          ; User                 ; -                    ; -                   ;
; gpio_out[2]   ; B20   ; 2K       ; 38           ; 62           ; 46           ; no              ; no                     ; 1         ; no         ; no            ; no       ; Off          ; 1.8-V        ; Default          ; Series 50 Ohm without Calibration ; --                        ; no                         ; no                          ; User                 ; -                    ; -                   ;
; gpio_out[30]  ; AE19  ; 2A       ; 38           ; 10           ; 46           ; no              ; no                     ; 1         ; no         ; no            ; no       ; Off          ; 1.8-V        ; Default          ; Series 50 Ohm without Calibration ; --                        ; no                         ; no                          ; User                 ; -                    ; -                   ;
; gpio_out[31]  ; AA11  ; 2A       ; 38           ; 17           ; 16           ; no              ; no                     ; 1         ; no         ; no            ; no       ; Off          ; 1.8-V        ; Default          ; Series 50 Ohm without Calibration ; --                        ; no                         ; no                          ; User                 ; -                    ; -                   ;
; gpio_out[3]   ; E15   ; 2K       ; 38           ; 61           ; 46           ; no              ; no                     ; 1         ; no         ; no            ; no       ; Off          ; 1.8-V        ; Default          ; Series 50 Ohm without Calibration ; --                        ; no                         ; no                          ; User                 ; -                    ; -                   ;
; gpio_out[4]   ; D15   ; 2K       ; 38           ; 60           ; 46           ; no              ; no                     ; 1         ; no         ; no            ; no       ; Off          ; 1.8-V        ; Default          ; Series 50 Ohm without Calibration ; --                        ; no                         ; no                          ; User                 ; -                    ; -                   ;
; gpio_out[5]   ; A23   ; 2K       ; 38           ; 71           ; 31           ; no              ; no                     ; 1         ; no         ; no            ; no       ; Off          ; 1.8-V        ; Default          ; Series 50 Ohm without Calibration ; --                        ; no                         ; no                          ; User                 ; -                    ; -                   ;
; gpio_out[6]   ; A24   ; 2K       ; 38           ; 70           ; 31           ; no              ; no                     ; 1         ; no         ; no            ; no       ; Off          ; 1.8-V        ; Default          ; Series 50 Ohm without Calibration ; --                        ; no                         ; no                          ; User                 ; -                    ; -                   ;
; gpio_out[7]   ; AB14  ; 2A       ; 38           ; 14           ; 16           ; no              ; no                     ; 1         ; no         ; no            ; no       ; Off          ; 1.8-V        ; Default          ; Series 50 Ohm without Calibration ; --                        ; no                         ; no                          ; User                 ; -                    ; -                   ;
; gpio_out[8]   ; AC15  ; 2A       ; 38           ; 12           ; 16           ; no              ; no                     ; 1         ; no         ; no            ; no       ; Off          ; 1.8-V        ; Default          ; Series 50 Ohm without Calibration ; --                        ; no                         ; no                          ; User                 ; -                    ; -                   ;
; gpio_out[9]   ; AC13  ; 2A       ; 38           ; 10           ; 16           ; no              ; no                     ; 1         ; no         ; no            ; no       ; Off          ; 1.8-V        ; Default          ; Series 50 Ohm without Calibration ; --                        ; no                         ; no                          ; User                 ; -                    ; -                   ;
; irq_status[0] ; G20   ; 2L       ; 38           ; 87           ; 61           ; no              ; no                     ; 1         ; no         ; no            ; no       ; Off          ; 1.8-V        ; Default          ; Series 50 Ohm without Calibration ; --                        ; no                         ; no                          ; User                 ; -                    ; -                   ;
; irq_status[1] ; J22   ; 2L       ; 38           ; 93           ; 31           ; no              ; no                     ; 1         ; no         ; no            ; no       ; Off          ; 1.8-V        ; Default          ; Series 50 Ohm without Calibration ; --                        ; no                         ; no                          ; User                 ; -                    ; -                   ;
; irq_status[2] ; J20   ; 2L       ; 38           ; 95           ; 31           ; no              ; no                     ; 1         ; no         ; no            ; no       ; Off          ; 1.8-V        ; Default          ; Series 50 Ohm without Calibration ; --                        ; no                         ; no                          ; User                 ; -                    ; -                   ;
+---------------+-------+----------+--------------+--------------+--------------+-----------------+------------------------+-----------+------------+---------------+----------+--------------+--------------+------------------+-----------------------------------+---------------------------+----------------------------+-----------------------------+----------------------+----------------------+---------------------+


+-------------------------------------------------------------+
; I/O Bank Usage                                              ;
+----------+-------------------+---------------+--------------+
; I/O Bank ; Usage             ; VCCIO Voltage ; VREF Voltage ;
+----------+-------------------+---------------+--------------+
; 1F       ; 0 / 0 ( -- )      ; --            ; --           ;
; 1E       ; 0 / 0 ( -- )      ; --            ; --           ;
; 1D       ; 0 / 28 ( 0 % )    ; --            ; --           ;
; 1C       ; 0 / 28 ( 0 % )    ; --            ; --           ;
; 2L       ; 14 / 48 ( 29 % )  ; 1.8V          ; --           ;
; 2K       ; 48 / 48 ( 100 % ) ; 1.8V          ; --           ;
; 2J       ; 47 / 48 ( 98 % )  ; 1.8V          ; --           ;
; 2A       ; 48 / 48 ( 100 % ) ; 1.8V          ; --           ;
; 3B       ; 48 / 48 ( 100 % ) ; 1.8V          ; --           ;
; 3A       ; 44 / 44 ( 100 % ) ; 1.8V          ; --           ;
+----------+-------------------+---------------+--------------+


+----------------------------------------------------------------------+
; Detailed I/O Block Info                                              ;
+----------+------------+-------+---------------+----------------------+
; I/O Bank ; Pin Index  ; Pin # ; Assignment    ; Location assigned by ;
+----------+------------+-------+---------------+----------------------+
; 2A       ;            ;       ;               ;                      ;
;     --   ; 47         ; AE10  ;               ;                      ;
;     --   ; 46         ; AE11  ; gpio_out[25]  ; User                 ;
;     --   ; 45         ; AE14  ; gpio_out[24]  ; User                 ;
;     --   ; 44         ; AE15  ; gpio_oe[6]    ; User                 ;
;     --   ; 43         ; AD15  ; gpio_out[22]  ; User                 ;
;     --   ; 42         ; AE16  ; gpio_out[21]  ; User                 ;
;     --   ; 41         ; AD12  ; gpio_out[29]  ; User                 ;
;     --   ; 40         ; AE12  ; gpio_oe[15]   ; User                 ;
;     --   ; 39         ; AF11  ; gpio_out[14]  ; User                 ;
;     --   ; 38         ; AF12  ; gpio_out[23]  ; User                 ;
;     --   ; 37         ; AD14  ; gpio_out[27]  ; User                 ;
;     --   ; 36         ; AD13  ; gpio_oe[7]    ; User                 ;
;     --   ; 35         ; AF19  ; gpio_oe[12]   ; User                 ;
;     --   ; 34         ; AG18  ; gpio_oe[2]    ; User                 ;
;     --   ; 33         ; AF18  ; gpio_out[16]  ; User                 ;
;     --   ; 32         ; AF17  ; gpio_oe[17]   ; User                 ;
;     --   ; 31         ; AF14  ; gpio_oe[13]   ; User                 ;
;     --   ; 30         ; AF13  ; gpio_oe[10]   ; User                 ;
;     --   ; 29         ; AE20  ; gpio_oe[5]    ; User                 ;
;     --   ; 28         ; AE19  ; gpio_out[30]  ; User                 ;
;     --   ; 27         ; AF16  ; gpio_oe[16]   ; User                 ;
;     --   ; 26         ; AG16  ; gpio_out[10]  ; User                 ;
;     --   ; 25         ; AG15  ; gpio_oe[18]   ; User                 ;
;     --   ; 24         ; AG14  ; gpio_oe[19]   ; User                 ;
;     --   ; 23         ; AA16  ; gpio_oe[20]   ; User                 ;
;     --   ; 22         ; AB16  ; gpio_oe[21]   ; User                 ;
;     --   ; 21         ; AD19  ; gpio_out[15]  ; User                 ;
;     --   ; 20         ; AD20  ; gpio_out[12]  ; User                 ;
;     --   ; 19         ; AC17  ; gpio_out[18]  ; User                 ;
;     --   ; 18         ; AC16  ; gpio_out[13]  ; User                 ;
;     --   ; 17         ; AC18  ; gpio_oe[9]    ; User                 ;
;     --   ; 16         ; AD18  ; gpio_out[19]  ; User                 ;
;     --   ; 15         ; AD17  ; gpio_oe[4]    ; User                 ;
;     --   ; 14         ; AE17  ; gpio_out[26]  ; User                 ;
;     --   ; 13         ; Y15   ; gpio_out[20]  ; User                 ;
;     --   ; 12         ; Y16   ; gpio_oe[11]   ; User                 ;
;     --   ; 11         ; AA11  ; gpio_out[31]  ; User                 ;
;     --   ; 10         ; AB11  ; gpio_oe[3]    ; User                 ;
;     --   ; 9          ; AA14  ; gpio_oe[0]    ; User                 ;
;     --   ; 8          ; AB14  ; gpio_out[7]   ; User                 ;
;     --   ; 7          ; AB15  ; gpio_out[28]  ; User                 ;
;     --   ; 6          ; AC15  ; gpio_out[8]   ; User                 ;
;     --   ; 5          ; AB13  ; gpio_oe[8]    ; User                 ;
;     --   ; 4          ; AC13  ; gpio_out[9]   ; User                 ;
;     --   ; 3          ; AA13  ; gpio_oe[14]   ; User                 ;
;     --   ; 2          ; AA12  ; gpio_out[11]  ; User                 ;
;     --   ; 1          ; AC11  ; gpio_out[17]  ; User                 ;
;     --   ; 0          ; AC12  ; gpio_oe[1]    ; User                 ;
; 2J       ;            ;       ;               ;                      ;
;     --   ; 47         ; AG9   ; WDATA[20]     ; User                 ;
;     --   ; 46         ; AG10  ; ARADDR[2]     ; User                 ;
;     --   ; 45         ; AH17  ; WDATA[13]     ; User                 ;
;     --   ; 44         ; AH18  ; ARADDR[1]     ; User                 ;
;     --   ; 43         ; AH15  ; WDATA[8]      ; User                 ;
;     --   ; 42         ; AH16  ; ARADDR[4]     ; User                 ;
;     --   ; 41         ; AH10  ; WDATA[6]      ; User                 ;
;     --   ; 40         ; AH11  ; WDATA[26]     ; User                 ;
;     --   ; 39         ; AG11  ; AWADDR[5]     ; User                 ;
;     --   ; 38         ; AH12  ; AWADDR[6]     ; User                 ;
;     --   ; 37         ; AG13  ; AWADDR[0]     ; User                 ;
;     --   ; 36         ; AH13  ; WDATA[15]     ; User                 ;
;     --   ; 35         ; Y21   ; ARADDR[0]     ; User                 ;
;     --   ; 34         ; AA21  ; AWADDR[4]     ; User                 ;
;     --   ; 33         ; W21   ; ARADDR[5]     ; User                 ;
;     --   ; 32         ; W20   ; WDATA[4]      ; User                 ;
;     --   ; 31         ; AB19  ; WDATA[5]      ; User                 ;
;     --   ; 30         ; AB18  ; WDATA[25]     ; User                 ;
;     --   ; 29         ; Y17   ; AWADDR[7]     ; User                 ;
;     --   ; 28         ; AA17  ; WDATA[2]      ; User                 ;
;     --   ; 27         ; Y19   ; WDATA[22]     ; User                 ;
;     --   ; 26         ; Y20   ; WDATA[28]     ; User                 ;
;     --   ; 25         ; AA19  ; WDATA[30]     ; User                 ;
;     --   ; 24         ; AA18  ; WDATA[29]     ; User                 ;
;     --   ; 23         ; AB20  ; WDATA[31]     ; User                 ;
;     --   ; 22         ; AC20  ;               ;                      ;
;     --   ; 21         ; AH20  ; WDATA[0]      ; User                 ;
;     --   ; 20         ; AH21  ; WDATA[17]     ; User                 ;
;     --   ; 19         ; AB21  ; WDATA[16]     ; User                 ;
;     --   ; 18         ; AC21  ; ARADDR[7]     ; User                 ;
;     --   ; 17         ; AE21  ; WDATA[18]     ; User                 ;
;     --   ; 16         ; AF21  ; WDATA[27]     ; User                 ;
;     --   ; 15         ; AG21  ; AWADDR[2]     ; User                 ;
;     --   ; 14         ; AH22  ; WDATA[21]     ; User                 ;
;     --   ; 13         ; AG20  ; WDATA[24]     ; User                 ;
;     --   ; 12         ; AG19  ; WDATA[1]      ; User                 ;
;     --   ; 11         ; AF23  ; WDATA[19]     ; User                 ;
;     --   ; 10         ; AG23  ; AWADDR[3]     ; User                 ;
;     --   ; 9          ; AD23  ; WDATA[10]     ; User                 ;
;     --   ; 8          ; AE23  ; WDATA[11]     ; User                 ;
;     --   ; 7          ; AA22  ; WDATA[12]     ; User                 ;
;     --   ; 6          ; AA23  ; WDATA[23]     ; User                 ;
;     --   ; 5          ; AB23  ; WDATA[3]      ; User                 ;
;     --   ; 4          ; AC23  ; WDATA[9]      ; User                 ;
;     --   ; 3          ; AE22  ; AWADDR[1]     ; User                 ;
;     --   ; 2          ; AF22  ; WDATA[7]      ; User                 ;
;     --   ; 1          ; AC22  ; ARADDR[6]     ; User                 ;
;     --   ; 0          ; AD22  ; WDATA[14]     ; User                 ;
; 2K       ;            ;       ;               ;                      ;
;     --   ; 47         ; B8    ; RDATA[13]     ; User                 ;
;     --   ; 46         ; B9    ; RDATA[15]     ; User                 ;
;     --   ; 45         ; C10   ; BRESP[0]      ; User                 ;
;     --   ; 44         ; B10   ; RDATA[17]     ; User                 ;
;     --   ; 43         ; C11   ; RDATA[26]     ; User                 ;
;     --   ; 42         ; C12   ; RDATA[4]      ; User                 ;
;     --   ; 41         ; A8    ; RDATA[5]      ; User                 ;
;     --   ; 40         ; A9    ; RDATA[27]     ; User                 ;
;     --   ; 39         ; D8    ; ARREADY       ; User                 ;
;     --   ; 38         ; C8    ; RRESP[1]      ; User                 ;
;     --   ; 37         ; D10   ; RDATA[16]     ; User                 ;
;     --   ; 36         ; D9    ; RDATA[2]      ; User                 ;
;     --   ; 35         ; A16   ; RDATA[6]      ; User                 ;
;     --   ; 34         ; A17   ; RDATA[11]     ; User                 ;
;     --   ; 33         ; A18   ; gpio_out[1]   ; User                 ;
;     --   ; 32         ; A19   ; RDATA[19]     ; User                 ;
;     --   ; 31         ; C15   ; RDATA[20]     ; User                 ;
;     --   ; 30         ; B16   ; RDATA[12]     ; User                 ;
;     --   ; 29         ; B18   ; RDATA[23]     ; User                 ;
;     --   ; 28         ; B19   ; RDATA[30]     ; User                 ;
;     --   ; 27         ; C20   ; RDATA[1]      ; User                 ;
;     --   ; 26         ; B20   ; gpio_out[2]   ; User                 ;
;     --   ; 25         ; E15   ; gpio_out[3]   ; User                 ;
;     --   ; 24         ; D15   ; gpio_out[4]   ; User                 ;
;     --   ; 23         ; A23   ; gpio_out[5]   ; User                 ;
;     --   ; 22         ; A24   ; gpio_out[6]   ; User                 ;
;     --   ; 21         ; C21   ; AWREADY       ; User                 ;
;     --   ; 20         ; B21   ; gpio_out[0]   ; User                 ;
;     --   ; 19         ; B23   ; RDATA[10]     ; User                 ;
;     --   ; 18         ; B24   ; RDATA[0]      ; User                 ;
;     --   ; 17         ; A26   ; BRESP[1]      ; User                 ;
;     --   ; 16         ; A27   ; BVALID        ; User                 ;
;     --   ; 15         ; A22   ; RDATA[9]      ; User                 ;
;     --   ; 14         ; A21   ; RDATA[25]     ; User                 ;
;     --   ; 13         ; B25   ; RDATA[18]     ; User                 ;
;     --   ; 12         ; B26   ; RDATA[28]     ; User                 ;
;     --   ; 11         ; E14   ; RVALID        ; User                 ;
;     --   ; 10         ; D14   ; RDATA[31]     ; User                 ;
;     --   ; 9          ; D13   ; RDATA[8]      ; User                 ;
;     --   ; 8          ; C13   ; WREADY        ; User                 ;
;     --   ; 7          ; B15   ; RDATA[24]     ; User                 ;
;     --   ; 6          ; B14   ; RDATA[29]     ; User                 ;
;     --   ; 5          ; B13   ; RDATA[14]     ; User                 ;
;     --   ; 4          ; A14   ; RDATA[21]     ; User                 ;
;     --   ; 3          ; A13   ; RDATA[7]      ; User                 ;
;     --   ; 2          ; A12   ; RDATA[3]      ; User                 ;
;     --   ; 1          ; B11   ; RRESP[0]      ; User                 ;
;     --   ; 0          ; A11   ; RDATA[22]     ; User                 ;
; 2L       ;            ;       ;               ;                      ;
;     --   ; 47         ; H16   ; gpio_oe[25]   ; User                 ;
;     --   ; 46         ; H17   ; gpio_oe[24]   ; User                 ;
;     --   ; 45         ; J19   ;               ;                      ;
;     --   ; 44         ; J18   ;               ;                      ;
;     --   ; 43         ; K17   ;               ;                      ;
;     --   ; 42         ; J17   ;               ;                      ;
;     --   ; 41         ; F18   ; gpio_oe[23]   ; User                 ;
;     --   ; 40         ; F17   ;               ;                      ;
;     --   ; 39         ; H18   ;               ;                      ;
;     --   ; 38         ; G18   ; gpio_oe[31]   ; User                 ;
;     --   ; 37         ; G19   ;               ;                      ;
;     --   ; 36         ; G20   ; irq_status[0] ; User                 ;
;     --   ; 35         ; E21   ;               ;                      ;
;     --   ; 34         ; D22   ;               ;                      ;
;     --   ; 33         ; E23   ;               ;                      ;
;     --   ; 32         ; D23   ; gpio_oe[30]   ; User                 ;
;     --   ; 31         ; F22   ; gpio_oe[28]   ; User                 ;
;     --   ; 30         ; E22   ;               ;                      ;
;     --   ; 29         ; C22   ;               ;                      ;
;     --   ; 28         ; C23   ;               ;                      ;
;     --   ; 27         ; G21   ; gpio_oe[22]   ; User                 ;
;     --   ; 26         ; F21   ;               ;                      ;
;     --   ; 25         ; G23   ;               ;                      ;
;     --   ; 24         ; F23   ;               ;                      ;
;     --   ; 23         ; H23   ;               ;                      ;
;     --   ; 22         ; J23   ;               ;                      ;
;     --   ; 21         ; K21   ;               ;                      ;
;     --   ; 20         ; J20   ; irq_status[2] ; User                 ;
;     --   ; 19         ; H22   ;               ;                      ;
;     --   ; 18         ; J22   ; irq_status[1] ; User                 ;
;     --   ; 17         ; H21   ; gpio_oe[27]   ; User                 ;
;     --   ; 16         ; H20   ;               ;                      ;
;     --   ; 15         ; K20   ;               ;                      ;
;     --   ; 14         ; K19   ;               ;                      ;
;     --   ; 13         ; K22   ;               ;                      ;
;     --   ; 12         ; K23   ;               ;                      ;
;     --   ; 11         ; D18   ;               ;                      ;
;     --   ; 10         ; D19   ;               ;                      ;
;     --   ; 9          ; E17   ; combined_irq  ; User                 ;
;     --   ; 8          ; E16   ;               ;                      ;
;     --   ; 7          ; F19   ;               ;                      ;
;     --   ; 6          ; E19   ;               ;                      ;
;     --   ; 5          ; E20   ; gpio_oe[29]   ; User                 ;
;     --   ; 4          ; D20   ;               ;                      ;
;     --   ; 3          ; C16   ; gpio_oe[26]   ; User                 ;
;     --   ; 2          ; C17   ;               ;                      ;
;     --   ; 1          ; D17   ;               ;                      ;
;     --   ; 0          ; C18   ;               ;                      ;
; 3A       ;            ;       ;               ;                      ;
;     --   ; 47         ; Y4    ; gpio_in[23]   ; User                 ;
;     --   ; 46         ; W4    ; gpio_in[22]   ; User                 ;
;     --   ; 45         ; W7    ; gpio_in[25]   ; User                 ;
;     --   ; 44         ; W8    ; WSTRB[3]      ; User                 ;
;     --   ; 43         ; Y6    ; gpio_in[6]    ; User                 ;
;     --   ; 42         ; Y7    ; gpio_in[28]   ; User                 ;
;     --   ; 41         ; Y5    ; gpio_in[0]    ; User                 ;
;     --   ; 40         ; W5    ; gpio_in[8]    ; User                 ;
;     --   ; 39         ; Y2    ; WSTRB[0]      ; User                 ;
;     --   ; 38         ; Y1    ; gpio_in[16]   ; User                 ;
;     --   ; 37         ; AA8   ; gpio_in[1]    ; User                 ;
;     --   ; 36         ; AA9   ; gpio_in[11]   ; User                 ;
;     --   ; 35         ; AB4   ; gpio_in[2]    ; User                 ;
;     --   ; 34         ; AC5   ; gpio_in[3]    ; User                 ;
;     --   ; 33         ; AA1   ; gpio_in[5]    ; User                 ;
;     --   ; 32         ; AB1   ; gpio_in[18]   ; User                 ;
;     --   ; 31         ; AB5   ; gpio_in[13]   ; User                 ;
;     --   ; 30         ; AB6   ; gpio_in[15]   ; User                 ;
;     --   ; 29         ; AB3   ; RREADY        ; User                 ;
;     --   ; 28         ; AA2   ; BREADY        ; User                 ;
;     --   ; 27         ; AA4   ; gpio_in[29]   ; User                 ;
;     --   ; 26         ; AA3   ; gpio_in[30]   ; User                 ;
;     --   ; 25         ; AA7   ; ACLK          ; User                 ;
;     --   ; 24         ; AA6   ; ARESETn       ; User                 ;
;     --   ; 23         ; AC3   ; gpio_in[31]   ; User                 ;
;     --   ; 22         ; AD3   ; ARADDR[31]    ; User                 ;
;     --   ; 21         ; AF2   ; AWVALID       ; User                 ;
;     --   ; 20         ; AE1   ; WVALID        ; User                 ;
;     --   ; 19         ; AC2   ; gpio_in[7]    ; User                 ;
;     --   ; 18         ; AC1   ; gpio_in[24]   ; User                 ;
;     --   ; 17         ; AD2   ; gpio_in[4]    ; User                 ;
;     --   ; 16         ; AE2   ; gpio_in[26]   ; User                 ;
;     --   ; 15         ; AF1   ; gpio_in[10]   ; User                 ;
;     --   ; 14         ; AG1   ; gpio_in[12]   ; User                 ;
;     --   ; 13         ; AF3   ; gpio_in[27]   ; User                 ;
;     --   ; 12         ; AG3   ; WSTRB[2]      ; User                 ;
;     --   ; 11         ; AH3   ; gpio_in[19]   ; User                 ;
;     --   ; 10         ; AH2   ; gpio_in[20]   ; User                 ;
;     --   ; 9          ; AD4   ; gpio_in[21]   ; User                 ;
;     --   ; 8          ; AE4   ; gpio_in[9]    ; User                 ;
;     --   ; 7          ; AC7   ; WSTRB[1]      ; User                 ;
;     --   ; 6          ; AC6   ; ARVALID       ; User                 ;
;     --   ; 5          ; AE6   ; gpio_in[14]   ; User                 ;
;     --   ; 4          ; AF6   ; gpio_in[17]   ; User                 ;
;     --   ; 3          ;       ;               ;                      ;
;     --   ; 2          ;       ;               ;                      ;
;     --   ; 1          ;       ;               ;                      ;
;     --   ; 0          ;       ;               ;                      ;
; 3B       ;            ;       ;               ;                      ;
;     --   ; 47         ; P4    ; AWADDR[26]    ; User                 ;
;     --   ; 46         ; P3    ; AWADDR[27]    ; User                 ;
;     --   ; 45         ; T9    ; AWADDR[31]    ; User                 ;
;     --   ; 44         ; T8    ; ARADDR[14]    ; User                 ;
;     --   ; 43         ; T7    ; AWADDR[20]    ; User                 ;
;     --   ; 42         ; T6    ; AWADDR[8]     ; User                 ;
;     --   ; 41         ; R5    ; AWADDR[21]    ; User                 ;
;     --   ; 40         ; R4    ; AWADDR[9]     ; User                 ;
;     --   ; 39         ; U5    ; ARADDR[25]    ; User                 ;
;     --   ; 38         ; T4    ; AWADDR[12]    ; User                 ;
;     --   ; 37         ; V8    ; AWADDR[23]    ; User                 ;
;     --   ; 36         ; U8    ; AWADDR[15]    ; User                 ;
;     --   ; 35         ; M4    ; AWADDR[22]    ; User                 ;
;     --   ; 34         ; M3    ; AWADDR[19]    ; User                 ;
;     --   ; 33         ; L4    ; AWADDR[28]    ; User                 ;
;     --   ; 32         ; K4    ; AWADDR[10]    ; User                 ;
;     --   ; 31         ; N3    ; ARADDR[19]    ; User                 ;
;     --   ; 30         ; N2    ; ARADDR[28]    ; User                 ;
;     --   ; 29         ; J3    ; ARADDR[30]    ; User                 ;
;     --   ; 28         ; H2    ; ARADDR[10]    ; User                 ;
;     --   ; 27         ; J2    ; ARADDR[21]    ; User                 ;
;     --   ; 26         ; K2    ; ARADDR[18]    ; User                 ;
;     --   ; 25         ; L3    ; ARADDR[17]    ; User                 ;
;     --   ; 24         ; L2    ; AWADDR[18]    ; User                 ;
;     --   ; 23         ; M1    ; AWADDR[17]    ; User                 ;
;     --   ; 22         ; N1    ; ARADDR[3]     ; User                 ;
;     --   ; 21         ; G1    ; AWADDR[16]    ; User                 ;
;     --   ; 20         ; H1    ; AWADDR[30]    ; User                 ;
;     --   ; 19         ; P2    ; ARADDR[24]    ; User                 ;
;     --   ; 18         ; R2    ; ARADDR[12]    ; User                 ;
;     --   ; 17         ; T3    ; ARADDR[26]    ; User                 ;
;     --   ; 16         ; T2    ; ARADDR[22]    ; User                 ;
;     --   ; 15         ; K1    ; ARADDR[9]     ; User                 ;
;     --   ; 14         ; L1    ; ARADDR[20]    ; User                 ;
;     --   ; 13         ; R1    ; AWADDR[24]    ; User                 ;
;     --   ; 12         ; T1    ; AWADDR[11]    ; User                 ;
;     --   ; 11         ; U4    ; AWADDR[25]    ; User                 ;
;     --   ; 10         ; U3    ; ARADDR[11]    ; User                 ;
;     --   ; 9          ; U1    ; ARADDR[13]    ; User                 ;
;     --   ; 8          ; V1    ; ARADDR[29]    ; User                 ;
;     --   ; 7          ; V7    ; ARADDR[16]    ; User                 ;
;     --   ; 6          ; U6    ; ARADDR[8]     ; User                 ;
;     --   ; 5          ; V6    ; AWADDR[29]    ; User                 ;
;     --   ; 4          ; V5    ; AWADDR[13]    ; User                 ;
;     --   ; 3          ; V2    ; ARADDR[23]    ; User                 ;
;     --   ; 2          ; W2    ; ARADDR[27]    ; User                 ;
;     --   ; 1          ; V3    ; AWADDR[14]    ; User                 ;
;     --   ; 0          ; W3    ; ARADDR[15]    ; User                 ;
; 3C       ;            ;       ;               ;                      ;
;     --   ; 47         ;       ;               ;                      ;
;     --   ; 46         ;       ;               ;                      ;
;     --   ; 45         ;       ;               ;                      ;
;     --   ; 44         ;       ;               ;                      ;
;     --   ; 43         ;       ;               ;                      ;
;     --   ; 42         ;       ;               ;                      ;
;     --   ; 41         ;       ;               ;                      ;
;     --   ; 40         ;       ;               ;                      ;
;     --   ; 39         ;       ;               ;                      ;
;     --   ; 38         ;       ;               ;                      ;
;     --   ; 37         ;       ;               ;                      ;
;     --   ; 36         ;       ;               ;                      ;
;     --   ; 35         ;       ;               ;                      ;
;     --   ; 34         ;       ;               ;                      ;
;     --   ; 33         ;       ;               ;                      ;
;     --   ; 32         ;       ;               ;                      ;
;     --   ; 31         ;       ;               ;                      ;
;     --   ; 30         ;       ;               ;                      ;
;     --   ; 29         ;       ;               ;                      ;
;     --   ; 28         ;       ;               ;                      ;
;     --   ; 27         ;       ;               ;                      ;
;     --   ; 26         ;       ;               ;                      ;
;     --   ; 25         ;       ;               ;                      ;
;     --   ; 24         ;       ;               ;                      ;
;     --   ; 23         ;       ;               ;                      ;
;     --   ; 22         ;       ;               ;                      ;
;     --   ; 21         ;       ;               ;                      ;
;     --   ; 20         ;       ;               ;                      ;
;     --   ; 19         ;       ;               ;                      ;
;     --   ; 18         ;       ;               ;                      ;
;     --   ; 17         ;       ;               ;                      ;
;     --   ; 16         ;       ;               ;                      ;
;     --   ; 15         ;       ;               ;                      ;
;     --   ; 14         ;       ;               ;                      ;
;     --   ; 13         ;       ;               ;                      ;
;     --   ; 12         ;       ;               ;                      ;
;     --   ; 11         ;       ;               ;                      ;
;     --   ; 10         ;       ;               ;                      ;
;     --   ; 9          ;       ;               ;                      ;
;     --   ; 8          ;       ;               ;                      ;
;     --   ; 7          ;       ;               ;                      ;
;     --   ; 6          ;       ;               ;                      ;
;     --   ; 5          ;       ;               ;                      ;
;     --   ; 4          ;       ;               ;                      ;
;     --   ; 3          ;       ;               ;                      ;
;     --   ; 2          ;       ;               ;                      ;
;     --   ; 1          ;       ;               ;                      ;
;     --   ; 0          ;       ;               ;                      ;
; 3D       ;            ;       ;               ;                      ;
;     --   ; 47         ;       ;               ;                      ;
;     --   ; 46         ;       ;               ;                      ;
;     --   ; 45         ;       ;               ;                      ;
;     --   ; 44         ;       ;               ;                      ;
;     --   ; 43         ;       ;               ;                      ;
;     --   ; 42         ;       ;               ;                      ;
;     --   ; 41         ;       ;               ;                      ;
;     --   ; 40         ;       ;               ;                      ;
;     --   ; 39         ;       ;               ;                      ;
;     --   ; 38         ;       ;               ;                      ;
;     --   ; 37         ;       ;               ;                      ;
;     --   ; 36         ;       ;               ;                      ;
;     --   ; 35         ;       ;               ;                      ;
;     --   ; 34         ;       ;               ;                      ;
;     --   ; 33         ;       ;               ;                      ;
;     --   ; 32         ;       ;               ;                      ;
;     --   ; 31         ;       ;               ;                      ;
;     --   ; 30         ;       ;               ;                      ;
;     --   ; 29         ;       ;               ;                      ;
;     --   ; 28         ;       ;               ;                      ;
;     --   ; 27         ;       ;               ;                      ;
;     --   ; 26         ;       ;               ;                      ;
;     --   ; 25         ;       ;               ;                      ;
;     --   ; 24         ;       ;               ;                      ;
;     --   ; 23         ;       ;               ;                      ;
;     --   ; 22         ;       ;               ;                      ;
;     --   ; 21         ;       ;               ;                      ;
;     --   ; 20         ;       ;               ;                      ;
;     --   ; 19         ;       ;               ;                      ;
;     --   ; 18         ;       ;               ;                      ;
;     --   ; 17         ;       ;               ;                      ;
;     --   ; 16         ;       ;               ;                      ;
;     --   ; 15         ;       ;               ;                      ;
;     --   ; 14         ;       ;               ;                      ;
;     --   ; 13         ;       ;               ;                      ;
;     --   ; 12         ;       ;               ;                      ;
;     --   ; 11         ;       ;               ;                      ;
;     --   ; 10         ;       ;               ;                      ;
;     --   ; 9          ;       ;               ;                      ;
;     --   ; 8          ;       ;               ;                      ;
;     --   ; 7          ;       ;               ;                      ;
;     --   ; 6          ;       ;               ;                      ;
;     --   ; 5          ;       ;               ;                      ;
;     --   ; 4          ;       ;               ;                      ;
;     --   ; 3          ;       ;               ;                      ;
;     --   ; 2          ;       ;               ;                      ;
;     --   ; 1          ;       ;               ;                      ;
;     --   ; 0          ;       ;               ;                      ;
+----------+------------+-------+---------------+----------------------+


+------------------------------------------------------------------------------------------------------------------------------------------------------------------------+
; All Package Pins                                                                                                                                                       ;
+----------+------------+----------+---------------------------------+--------+--------------+----------------+--------------+-----------------+----------+--------------+
; Location ; Pad Number ; I/O Bank ; Pin Name/Usage                  ; Dir.   ; I/O Standard ; Voltage        ; I/O Type     ; User Assignment ; Bus Hold ; Weak Pull Up ;
+----------+------------+----------+---------------------------------+--------+--------------+----------------+--------------+-----------------+----------+--------------+
; A2       ;            ;          ; NC                              ;        ;              ;                ; --           ;                 ; --       ; --           ;
; A3       ;            ;          ; NC                              ;        ;              ;                ; --           ;                 ; --       ; --           ;
; A4       ;            ;          ; NC                              ;        ;              ;                ; --           ;                 ; --       ; --           ;
; A5       ;            ;          ; GND                             ; gnd    ;              ;                ; --           ;                 ; --       ; --           ;
; A6       ;            ;          ; NC                              ;        ;              ;                ; --           ;                 ; --       ; --           ;
; A7       ;            ;          ; NC                              ;        ;              ;                ; --           ;                 ; --       ; --           ;
; A8       ; 166        ; 2K       ; RDATA[5]                        ; output ; 1.8-V        ; 1.8V           ; --           ; Y               ; no       ; Off          ;
; A9       ; 167        ; 2K       ; RDATA[27]                       ; output ; 1.8-V        ; 1.8V           ; --           ; Y               ; no       ; Off          ;
; A10      ;            ;          ; GND                             ; gnd    ;              ;                ; --           ;                 ; --       ; --           ;
; A11      ; 207        ; 2K       ; RDATA[22]                       ; output ; 1.8-V        ; 1.8V           ; --           ; Y               ; no       ; Off          ;
; A12      ; 205        ; 2K       ; RDATA[3]                        ; output ; 1.8-V        ; 1.8V           ; --           ; Y               ; no       ; Off          ;
; A13      ; 204        ; 2K       ; RDATA[7]                        ; output ; 1.8-V        ; 1.8V           ; --           ; Y               ; no       ; Off          ;
; A14      ; 203        ; 2K       ; RDATA[21]                       ; output ; 1.8-V        ; 1.8V           ; --           ; Y               ; no       ; Off          ;
; A15      ;            ;          ; GND                             ; gnd    ;              ;                ; --           ;                 ; --       ; --           ;
; A16      ; 172        ; 2K       ; RDATA[6]                        ; output ; 1.8-V        ; 1.8V           ; --           ; Y               ; no       ; Off          ;
; A17      ; 173        ; 2K       ; RDATA[11]                       ; output ; 1.8-V        ; 1.8V           ; --           ; Y               ; no       ; Off          ;
; A18      ; 174        ; 2K       ; gpio_out[1]                     ; output ; 1.8-V        ; 1.8V           ; --           ; Y               ; no       ; Off          ;
; A19      ; 175        ; 2K       ; RDATA[19]                       ; output ; 1.8-V        ; 1.8V           ; --           ; Y               ; no       ; Off          ;
; A20      ;            ;          ; GND                             ; gnd    ;              ;                ; --           ;                 ; --       ; --           ;
; A21      ; 193        ; 2K       ; RDATA[25]                       ; output ; 1.8-V        ; 1.8V           ; --           ; Y               ; no       ; Off          ;
; A22      ; 192        ; 2K       ; RDATA[9]                        ; output ; 1.8-V        ; 1.8V           ; --           ; Y               ; no       ; Off          ;
; A23      ; 184        ; 2K       ; gpio_out[5]                     ; output ; 1.8-V        ; 1.8V           ; --           ; Y               ; no       ; Off          ;
; A24      ; 185        ; 2K       ; gpio_out[6]                     ; output ; 1.8-V        ; 1.8V           ; --           ; Y               ; no       ; Off          ;
; A25      ;            ;          ; GND                             ; gnd    ;              ;                ; --           ;                 ; --       ; --           ;
; A26      ; 190        ; 2K       ; BRESP[1]                        ; output ; 1.8-V        ; 1.8V           ; --           ; Y               ; no       ; Off          ;
; A27      ; 191        ; 2K       ; BVALID                          ; output ; 1.8-V        ; 1.8V           ; --           ; Y               ; no       ; Off          ;
; AA1      ; 462        ; 3A       ; gpio_in[5]                      ; input  ; 1.8-V        ; 1.8V           ; --           ; Y               ; no       ; Off          ;
; AA2      ; 467        ; 3A       ; BREADY                          ; input  ; 1.8-V        ; 1.8V           ; --           ; Y               ; no       ; Off          ;
; AA3      ; 469        ; 3A       ; gpio_in[30]                     ; input  ; 1.8-V        ; 1.8V           ; --           ; Y               ; no       ; Off          ;
; AA4      ; 468        ; 3A       ; gpio_in[29]                     ; input  ; 1.8-V        ; 1.8V           ; --           ; Y               ; no       ; Off          ;
; AA5      ;            ; 3A       ; VCCIO3A                         ; power  ;              ; 1.8V           ; --           ;                 ; --       ; --           ;
; AA6      ; 471        ; 3A       ; ARESETn                         ; input  ; 1.8-V        ; 1.8V           ; --           ; Y               ; no       ; Off          ;
; AA7      ; 470        ; 3A       ; ACLK                            ; input  ; 1.8-V        ; 1.8V           ; --           ; Y               ; no       ; Off          ;
; AA8      ; 458        ; 3A       ; gpio_in[1]                      ; input  ; 1.8-V        ; 1.8V           ; --           ; Y               ; no       ; Off          ;
; AA9      ; 459        ; 3A       ; gpio_in[11]                     ; input  ; 1.8-V        ; 1.8V           ; --           ; Y               ; no       ; Off          ;
; AA10     ;            ;          ; GND                             ; gnd    ;              ;                ; --           ;                 ; --       ; --           ;
; AA11     ; 292        ; 2A       ; gpio_out[31]                    ; output ; 1.8-V        ; 1.8V           ; --           ; Y               ; no       ; Off          ;
; AA12     ; 301        ; 2A       ; gpio_out[11]                    ; output ; 1.8-V        ; 1.8V           ; --           ; Y               ; no       ; Off          ;
; AA13     ; 300        ; 2A       ; gpio_oe[14]                     ; output ; 1.8-V        ; 1.8V           ; --           ; Y               ; no       ; Off          ;
; AA14     ; 294        ; 2A       ; gpio_oe[0]                      ; output ; 1.8-V        ; 1.8V           ; --           ; Y               ; no       ; Off          ;
; AA15     ;            ; 2A       ; VCCIO2A                         ; power  ;              ; 1.8V           ; --           ;                 ; --       ; --           ;
; AA16     ; 280        ; 2A       ; gpio_oe[20]                     ; output ; 1.8-V        ; 1.8V           ; --           ; Y               ; no       ; Off          ;
; AA17     ; 227        ; 2J       ; WDATA[2]                        ; input  ; 1.8-V        ; 1.8V           ; --           ; Y               ; no       ; Off          ;
; AA18     ; 231        ; 2J       ; WDATA[29]                       ; input  ; 1.8-V        ; 1.8V           ; --           ; Y               ; no       ; Off          ;
; AA19     ; 230        ; 2J       ; WDATA[30]                       ; input  ; 1.8-V        ; 1.8V           ; --           ; Y               ; no       ; Off          ;
; AA20     ;            ; 2J       ; VCCIO2J                         ; power  ;              ; 1.8V           ; --           ;                 ; --       ; --           ;
; AA21     ; 221        ; 2J       ; AWADDR[4]                       ; input  ; 1.8-V        ; 1.8V           ; --           ; Y               ; no       ; Off          ;
; AA22     ; 248        ; 2J       ; WDATA[12]                       ; input  ; 1.8-V        ; 1.8V           ; --           ; Y               ; no       ; Off          ;
; AA23     ; 249        ; 2J       ; WDATA[23]                       ; input  ; 1.8-V        ; 1.8V           ; --           ; Y               ; no       ; Off          ;
; AA24     ;            ;          ; GND                             ; gnd    ;              ;                ; --           ;                 ; --       ; --           ;
; AA25     ;            ;          ; GND                             ; gnd    ;              ;                ; --           ;                 ; --       ; --           ;
; AA26     ;            ;          ; GND                             ; gnd    ;              ;                ; --           ;                 ; --       ; --           ;
; AA27     ; 94         ; 1C       ; GXB_NC                          ;        ;              ;                ; --           ;                 ; --       ; --           ;
; AA28     ; 95         ; 1C       ; GXB_NC                          ;        ;              ;                ; --           ;                 ; --       ; --           ;
; AB1      ; 463        ; 3A       ; gpio_in[18]                     ; input  ; 1.8-V        ; 1.8V           ; --           ; Y               ; no       ; Off          ;
; AB2      ;            ;          ; GND                             ; gnd    ;              ;                ; --           ;                 ; --       ; --           ;
; AB3      ; 466        ; 3A       ; RREADY                          ; input  ; 1.8-V        ; 1.8V           ; --           ; Y               ; no       ; Off          ;
; AB4      ; 460        ; 3A       ; gpio_in[2]                      ; input  ; 1.8-V        ; 1.8V           ; --           ; Y               ; no       ; Off          ;
; AB5      ; 464        ; 3A       ; gpio_in[13]                     ; input  ; 1.8-V        ; 1.8V           ; --           ; Y               ; no       ; Off          ;
; AB6      ; 465        ; 3A       ; gpio_in[15]                     ; input  ; 1.8-V        ; 1.8V           ; --           ; Y               ; no       ; Off          ;
; AB7      ;            ;          ; GND                             ; gnd    ;              ;                ; --           ;                 ; --       ; --           ;
; AB8      ; 504        ; CSS      ; ^MSEL2                          ; input  ;              ;                ; --           ;                 ; --       ; --           ;
; AB9      ; 510        ; CSS      ; ^nCE                            ;        ;              ;                ; --           ;                 ; --       ; --           ;
; AB10     ; 496        ; CSS      ; ^GND                            ;        ;              ;                ; --           ;                 ; --       ; --           ;
; AB11     ; 293        ; 2A       ; gpio_oe[3]                      ; output ; 1.8-V        ; 1.8V           ; --           ; Y               ; no       ; Off          ;
; AB12     ;            ; 2A       ; VCCIO2A                         ; power  ;              ; 1.8V           ; --           ;                 ; --       ; --           ;
; AB13     ; 298        ; 2A       ; gpio_oe[8]                      ; output ; 1.8-V        ; 1.8V           ; --           ; Y               ; no       ; Off          ;
; AB14     ; 295        ; 2A       ; gpio_out[7]                     ; output ; 1.8-V        ; 1.8V           ; --           ; Y               ; no       ; Off          ;
; AB15     ; 296        ; 2A       ; gpio_out[28]                    ; output ; 1.8-V        ; 1.8V           ; --           ; Y               ; no       ; Off          ;
; AB16     ; 281        ; 2A       ; gpio_oe[21]                     ; output ; 1.8-V        ; 1.8V           ; --           ; Y               ; no       ; Off          ;
; AB17     ;            ;          ; GND                             ; gnd    ;              ;                ; --           ;                 ; --       ; --           ;
; AB18     ; 225        ; 2J       ; WDATA[25]                       ; input  ; 1.8-V        ; 1.8V           ; --           ; Y               ; no       ; Off          ;
; AB19     ; 224        ; 2J       ; WDATA[5]                        ; input  ; 1.8-V        ; 1.8V           ; --           ; Y               ; no       ; Off          ;
; AB20     ; 232        ; 2J       ; WDATA[31]                       ; input  ; 1.8-V        ; 1.8V           ; --           ; Y               ; no       ; Off          ;
; AB21     ; 236        ; 2J       ; WDATA[16]                       ; input  ; 1.8-V        ; 1.8V           ; --           ; Y               ; no       ; Off          ;
; AB22     ;            ;          ; GND                             ; gnd    ;              ;                ; --           ;                 ; --       ; --           ;
; AB23     ; 250        ; 2J       ; WDATA[3]                        ; input  ; 1.8-V        ; 1.8V           ; --           ; Y               ; no       ; Off          ;
; AB24     ;            ;          ; GND                             ; gnd    ;              ;                ; --           ;                 ; --       ; --           ;
; AB25     ; 100        ; 1C       ; GXB_GND*                        ;        ;              ;                ; --           ;                 ; --       ; --           ;
; AB26     ; 101        ; 1C       ; GXB_GND*                        ;        ;              ;                ; --           ;                 ; --       ; --           ;
; AB27     ;            ;          ; GND                             ; gnd    ;              ;                ; --           ;                 ; --       ; --           ;
; AB28     ;            ;          ; GND                             ; gnd    ;              ;                ; --           ;                 ; --       ; --           ;
; AC1      ; 477        ; 3A       ; gpio_in[24]                     ; input  ; 1.8-V        ; 1.8V           ; --           ; Y               ; no       ; Off          ;
; AC2      ; 476        ; 3A       ; gpio_in[7]                      ; input  ; 1.8-V        ; 1.8V           ; --           ; Y               ; no       ; Off          ;
; AC3      ; 472        ; 3A       ; gpio_in[31]                     ; input  ; 1.8-V        ; 1.8V           ; --           ; Y               ; no       ; Off          ;
; AC4      ;            ;          ; GND                             ; gnd    ;              ;                ; --           ;                 ; --       ; --           ;
; AC5      ; 461        ; 3A       ; gpio_in[3]                      ; input  ; 1.8-V        ; 1.8V           ; --           ; Y               ; no       ; Off          ;
; AC6      ; 489        ; 3A       ; ARVALID                         ; input  ; 1.8-V        ; 1.8V           ; --           ; Y               ; no       ; Off          ;
; AC7      ; 488        ; 3A       ; WSTRB[1]                        ; input  ; 1.8-V        ; 1.8V           ; --           ; Y               ; no       ; Off          ;
; AC8      ; 509        ; CSS      ; ^nCONFIG                        ; input  ;              ;                ; --           ;                 ; --       ; --           ;
; AC9      ;            ;          ; GND                             ; gnd    ;              ;                ; --           ;                 ; --       ; --           ;
; AC10     ; 501        ; CSS      ; #TDI                            ; input  ;              ;                ; --           ;                 ; --       ; --           ;
; AC11     ; 302        ; 2A       ; gpio_out[17]                    ; output ; 1.8-V        ; 1.8V           ; --           ; Y               ; no       ; Off          ;
; AC12     ; 303        ; 2A       ; gpio_oe[1]                      ; output ; 1.8-V        ; 1.8V           ; --           ; Y               ; no       ; Off          ;
; AC13     ; 299        ; 2A       ; gpio_out[9]                     ; output ; 1.8-V        ; 1.8V           ; --           ; Y               ; no       ; Off          ;
; AC14     ;            ; 2A       ; VCCIO2A                         ; power  ;              ; 1.8V           ; --           ;                 ; --       ; --           ;
; AC15     ; 297        ; 2A       ; gpio_out[8]                     ; output ; 1.8-V        ; 1.8V           ; --           ; Y               ; no       ; Off          ;
; AC16     ; 285        ; 2A       ; gpio_out[13]                    ; output ; 1.8-V        ; 1.8V           ; --           ; Y               ; no       ; Off          ;
; AC17     ; 284        ; 2A       ; gpio_out[18]                    ; output ; 1.8-V        ; 1.8V           ; --           ; Y               ; no       ; Off          ;
; AC18     ; 286        ; 2A       ; gpio_oe[9]                      ; output ; 1.8-V        ; 1.8V           ; --           ; Y               ; no       ; Off          ;
; AC19     ;            ; 2J       ; VCCIO2J                         ; power  ;              ; 1.8V           ; --           ;                 ; --       ; --           ;
; AC20     ; 233        ; 2J       ; RESERVED_INPUT_WITH_WEAK_PULLUP ;        ;              ; 1.8V           ; --           ;                 ; no       ; On           ;
; AC21     ; 237        ; 2J       ; ARADDR[7]                       ; input  ; 1.8-V        ; 1.8V           ; --           ; Y               ; no       ; Off          ;
; AC22     ; 254        ; 2J       ; ARADDR[6]                       ; input  ; 1.8-V        ; 1.8V           ; --           ; Y               ; no       ; Off          ;
; AC23     ; 251        ; 2J       ; WDATA[9]                        ; input  ; 1.8-V        ; 1.8V           ; --           ; Y               ; no       ; Off          ;
; AC24     ;            ;          ; GND                             ; gnd    ;              ;                ; --           ;                 ; --       ; --           ;
; AC25     ;            ;          ; GND                             ; gnd    ;              ;                ; --           ;                 ; --       ; --           ;
; AC26     ;            ;          ; GND                             ; gnd    ;              ;                ; --           ;                 ; --       ; --           ;
; AC27     ; 98         ; 1C       ; GXB_NC                          ;        ;              ;                ; --           ;                 ; --       ; --           ;
; AC28     ; 99         ; 1C       ; GXB_NC                          ;        ;              ;                ; --           ;                 ; --       ; --           ;
; AD1      ;            ;          ; GND                             ; gnd    ;              ;                ; --           ;                 ; --       ; --           ;
; AD2      ; 478        ; 3A       ; gpio_in[4]                      ; input  ; 1.8-V        ; 1.8V           ; --           ; Y               ; no       ; Off          ;
; AD3      ; 473        ; 3A       ; ARADDR[31]                      ; input  ; 1.8-V        ; 1.8V           ; --           ; Y               ; no       ; Off          ;
; AD4      ; 486        ; 3A       ; gpio_in[21]                     ; input  ; 1.8-V        ; 1.8V           ; --           ; Y               ; no       ; Off          ;
; AD5      ;            ;          ; NC                              ;        ;              ;                ; --           ;                 ; --       ; --           ;
; AD6      ;            ;          ; GND                             ; gnd    ;              ;                ; --           ;                 ; --       ; --           ;
; AD7      ; 503        ; CSS      ; ^MSEL1                          ; input  ;              ;                ; --           ;                 ; --       ; --           ;
; AD8      ; 505        ; CSS      ; ^nIO_PULLUP                     ; input  ;              ;                ; --           ;                 ; --       ; --           ;
; AD9      ; 518        ; CSS      ; ^DCLK                           ; bidir  ;              ;                ; Weak Pull Up ;                 ; --       ; On           ;
; AD10     ; 508        ; CSS      ; ^GND                            ;        ;              ;                ; --           ;                 ; --       ; --           ;
; AD11     ;            ;          ; GND                             ; gnd    ;              ;                ; --           ;                 ; --       ; --           ;
; AD12     ; 262        ; 2A       ; gpio_out[29]                    ; output ; 1.8-V        ; 1.8V           ; --           ; Y               ; no       ; Off          ;
; AD13     ; 267        ; 2A       ; gpio_oe[7]                      ; output ; 1.8-V        ; 1.8V           ; --           ; Y               ; no       ; Off          ;
; AD14     ; 266        ; 2A       ; gpio_out[27]                    ; output ; 1.8-V        ; 1.8V           ; --           ; Y               ; no       ; Off          ;
; AD15     ; 260        ; 2A       ; gpio_out[22]                    ; output ; 1.8-V        ; 1.8V           ; --           ; Y               ; no       ; Off          ;
; AD16     ;            ;          ; GND                             ; gnd    ;              ;                ; --           ;                 ; --       ; --           ;
; AD17     ; 288        ; 2A       ; gpio_oe[4]                      ; output ; 1.8-V        ; 1.8V           ; --           ; Y               ; no       ; Off          ;
; AD18     ; 287        ; 2A       ; gpio_out[19]                    ; output ; 1.8-V        ; 1.8V           ; --           ; Y               ; no       ; Off          ;
; AD19     ; 282        ; 2A       ; gpio_out[15]                    ; output ; 1.8-V        ; 1.8V           ; --           ; Y               ; no       ; Off          ;
; AD20     ; 283        ; 2A       ; gpio_out[12]                    ; output ; 1.8-V        ; 1.8V           ; --           ; Y               ; no       ; Off          ;
; AD21     ;            ;          ; GND                             ; gnd    ;              ;                ; --           ;                 ; --       ; --           ;
; AD22     ; 255        ; 2J       ; WDATA[14]                       ; input  ; 1.8-V        ; 1.8V           ; --           ; Y               ; no       ; Off          ;
; AD23     ; 246        ; 2J       ; WDATA[10]                       ; input  ; 1.8-V        ; 1.8V           ; --           ; Y               ; no       ; Off          ;
; AD24     ;            ;          ; GND                             ; gnd    ;              ;                ; --           ;                 ; --       ; --           ;
; AD25     ; 104        ; 1C       ; GXB_GND*                        ;        ;              ;                ; --           ;                 ; --       ; --           ;
; AD26     ; 105        ; 1C       ; GXB_GND*                        ;        ;              ;                ; --           ;                 ; --       ; --           ;
; AD27     ;            ;          ; GND                             ; gnd    ;              ;                ; --           ;                 ; --       ; --           ;
; AD28     ;            ;          ; GND                             ; gnd    ;              ;                ; --           ;                 ; --       ; --           ;
; AE1      ; 475        ; 3A       ; WVALID                          ; input  ; 1.8-V        ; 1.8V           ; --           ; Y               ; no       ; Off          ;
; AE2      ; 479        ; 3A       ; gpio_in[26]                     ; input  ; 1.8-V        ; 1.8V           ; --           ; Y               ; no       ; Off          ;
; AE3      ;            ;          ; GND                             ; gnd    ;              ;                ; --           ;                 ; --       ; --           ;
; AE4      ; 487        ; 3A       ; gpio_in[9]                      ; input  ; 1.8-V        ; 1.8V           ; --           ; Y               ; no       ; Off          ;
; AE5      ;            ;          ; NC                              ;        ;              ;                ; --           ;                 ; --       ; --           ;
; AE6      ; 490        ; 3A       ; gpio_in[14]                     ; input  ; 1.8-V        ; 1.8V           ; --           ; Y               ; no       ; Off          ;
; AE7      ; 502        ; CSS      ; ^MSEL0                          ; input  ;              ;                ; --           ;                 ; --       ; --           ;
; AE8      ;            ;          ; GND                             ; gnd    ;              ;                ; --           ;                 ; --       ; --           ;
; AE9      ; 514        ; CSS      ; ^AS_DATA0, ASDO                 ;        ;              ;                ; Weak Pull Up ;                 ; --       ; On           ;
; AE10     ; 256        ; 2A       ; ~ALTERA_DATA0~ / RESERVED_INPUT ; input  ; 1.8-V        ; 1.8V           ; --           ; N               ; no       ; Off          ;
; AE11     ; 257        ; 2A       ; gpio_out[25]                    ; output ; 1.8-V        ; 1.8V           ; --           ; Y               ; no       ; Off          ;
; AE12     ; 263        ; 2A       ; gpio_oe[15]                     ; output ; 1.8-V        ; 1.8V           ; --           ; Y               ; no       ; Off          ;
; AE13     ;            ;          ; GND                             ; gnd    ;              ;                ; --           ;                 ; --       ; --           ;
; AE14     ; 258        ; 2A       ; gpio_out[24]                    ; output ; 1.8-V        ; 1.8V           ; --           ; Y               ; no       ; Off          ;
; AE15     ; 259        ; 2A       ; gpio_oe[6]                      ; output ; 1.8-V        ; 1.8V           ; --           ; Y               ; no       ; Off          ;
; AE16     ; 261        ; 2A       ; gpio_out[21]                    ; output ; 1.8-V        ; 1.8V           ; --           ; Y               ; no       ; Off          ;
; AE17     ; 289        ; 2A       ; gpio_out[26]                    ; output ; 1.8-V        ; 1.8V           ; --           ; Y               ; no       ; Off          ;
; AE18     ;            ;          ; GND                             ; gnd    ;              ;                ; --           ;                 ; --       ; --           ;
; AE19     ; 275        ; 2A       ; gpio_out[30]                    ; output ; 1.8-V        ; 1.8V           ; --           ; Y               ; no       ; Off          ;
; AE20     ; 274        ; 2A       ; gpio_oe[5]                      ; output ; 1.8-V        ; 1.8V           ; --           ; Y               ; no       ; Off          ;
; AE21     ; 238        ; 2J       ; WDATA[18]                       ; input  ; 1.8-V        ; 1.8V           ; --           ; Y               ; no       ; Off          ;
; AE22     ; 252        ; 2J       ; AWADDR[1]                       ; input  ; 1.8-V        ; 1.8V           ; --           ; Y               ; no       ; Off          ;
; AE23     ; 247        ; 2J       ; WDATA[11]                       ; input  ; 1.8-V        ; 1.8V           ; --           ; Y               ; no       ; Off          ;
; AE24     ;            ;          ; GND                             ; gnd    ;              ;                ; --           ;                 ; --       ; --           ;
; AE25     ;            ;          ; GND                             ; gnd    ;              ;                ; --           ;                 ; --       ; --           ;
; AE26     ;            ;          ; GND                             ; gnd    ;              ;                ; --           ;                 ; --       ; --           ;
; AE27     ; 102        ; 1C       ; GXB_NC                          ;        ;              ;                ; --           ;                 ; --       ; --           ;
; AE28     ; 103        ; 1C       ; GXB_NC                          ;        ;              ;                ; --           ;                 ; --       ; --           ;
; AF1      ; 480        ; 3A       ; gpio_in[10]                     ; input  ; 1.8-V        ; 1.8V           ; --           ; Y               ; no       ; Off          ;
; AF2      ; 474        ; 3A       ; AWVALID                         ; input  ; 1.8-V        ; 1.8V           ; --           ; Y               ; no       ; Off          ;
; AF3      ; 482        ; 3A       ; gpio_in[27]                     ; input  ; 1.8-V        ; 1.8V           ; --           ; Y               ; no       ; Off          ;
; AF4      ;            ;          ; NC                              ;        ;              ;                ; --           ;                 ; --       ; --           ;
; AF5      ;            ;          ; GND                             ; gnd    ;              ;                ; --           ;                 ; --       ; --           ;
; AF6      ; 491        ; 3A       ; gpio_in[17]                     ; input  ; 1.8-V        ; 1.8V           ; --           ; Y               ; no       ; Off          ;
; AF7      ; 506        ; CSS      ; ^nSTATUS                        ;        ;              ;                ; --           ;                 ; --       ; --           ;
; AF8      ; 499        ; CSS      ; #TRST                           ; input  ;              ;                ; --           ;                 ; --       ; --           ;
; AF9      ; 513        ; CSS      ; ^nCSO2                          ;        ;              ;                ; Weak Pull Up ;                 ; --       ; On           ;
; AF10     ;            ;          ; GND                             ; gnd    ;              ;                ; --           ;                 ; --       ; --           ;
; AF11     ; 264        ; 2A       ; gpio_out[14]                    ; output ; 1.8-V        ; 1.8V           ; --           ; Y               ; no       ; Off          ;
; AF12     ; 265        ; 2A       ; gpio_out[23]                    ; output ; 1.8-V        ; 1.8V           ; --           ; Y               ; no       ; Off          ;
; AF13     ; 273        ; 2A       ; gpio_oe[10]                     ; output ; 1.8-V        ; 1.8V           ; --           ; Y               ; no       ; Off          ;
; AF14     ; 272        ; 2A       ; gpio_oe[13]                     ; output ; 1.8-V        ; 1.8V           ; --           ; Y               ; no       ; Off          ;
; AF15     ;            ;          ; GND                             ; gnd    ;              ;                ; --           ;                 ; --       ; --           ;
; AF16     ; 276        ; 2A       ; gpio_oe[16]                     ; output ; 1.8-V        ; 1.8V           ; --           ; Y               ; no       ; Off          ;
; AF17     ; 271        ; 2A       ; gpio_oe[17]                     ; output ; 1.8-V        ; 1.8V           ; --           ; Y               ; no       ; Off          ;
; AF18     ; 270        ; 2A       ; gpio_out[16]                    ; output ; 1.8-V        ; 1.8V           ; --           ; Y               ; no       ; Off          ;
; AF19     ; 268        ; 2A       ; gpio_oe[12]                     ; output ; 1.8-V        ; 1.8V           ; --           ; Y               ; no       ; Off          ;
; AF20     ;            ;          ; GND                             ; gnd    ;              ;                ; --           ;                 ; --       ; --           ;
; AF21     ; 239        ; 2J       ; WDATA[27]                       ; input  ; 1.8-V        ; 1.8V           ; --           ; Y               ; no       ; Off          ;
; AF22     ; 253        ; 2J       ; WDATA[7]                        ; input  ; 1.8-V        ; 1.8V           ; --           ; Y               ; no       ; Off          ;
; AF23     ; 244        ; 2J       ; WDATA[19]                       ; input  ; 1.8-V        ; 1.8V           ; --           ; Y               ; no       ; Off          ;
; AF24     ;            ;          ; GND                             ; gnd    ;              ;                ; --           ;                 ; --       ; --           ;
; AF25     ; 108        ; 1C       ; GXB_GND*                        ;        ;              ;                ; --           ;                 ; --       ; --           ;
; AF26     ; 109        ; 1C       ; GXB_GND*                        ;        ;              ;                ; --           ;                 ; --       ; --           ;
; AF27     ;            ;          ; GND                             ; gnd    ;              ;                ; --           ;                 ; --       ; --           ;
; AF28     ;            ;          ; GND                             ; gnd    ;              ;                ; --           ;                 ; --       ; --           ;
; AG1      ; 481        ; 3A       ; gpio_in[12]                     ; input  ; 1.8-V        ; 1.8V           ; --           ; Y               ; no       ; Off          ;
; AG2      ;            ;          ; GND                             ; gnd    ;              ;                ; --           ;                 ; --       ; --           ;
; AG3      ; 483        ; 3A       ; WSTRB[2]                        ; input  ; 1.8-V        ; 1.8V           ; --           ; Y               ; no       ; Off          ;
; AG4      ;            ;          ; NC                              ;        ;              ;                ; --           ;                 ; --       ; --           ;
; AG5      ; 516        ; CSS      ; ^AS_DATA2                       ;        ;              ;                ; Weak Pull Up ;                 ; --       ; On           ;
; AG6      ; 515        ; CSS      ; ^AS_DATA1                       ;        ;              ;                ; Weak Pull Up ;                 ; --       ; On           ;
; AG7      ;            ;          ; GND                             ; gnd    ;              ;                ; --           ;                 ; --       ; --           ;
; AG8      ; 507        ; CSS      ; ^CONF_DONE                      ; bidir  ;              ;                ; --           ;                 ; --       ; --           ;
; AG9      ; 208        ; 2J       ; WDATA[20]                       ; input  ; 1.8-V        ; 1.8V           ; --           ; Y               ; no       ; Off          ;
; AG10     ; 209        ; 2J       ; ARADDR[2]                       ; input  ; 1.8-V        ; 1.8V           ; --           ; Y               ; no       ; Off          ;
; AG11     ; 216        ; 2J       ; AWADDR[5]                       ; input  ; 1.8-V        ; 1.8V           ; --           ; Y               ; no       ; Off          ;
; AG12     ;            ;          ; GND                             ; gnd    ;              ;                ; --           ;                 ; --       ; --           ;
; AG13     ; 218        ; 2J       ; AWADDR[0]                       ; input  ; 1.8-V        ; 1.8V           ; --           ; Y               ; no       ; Off          ;
; AG14     ; 279        ; 2A       ; gpio_oe[19]                     ; output ; 1.8-V        ; 1.8V           ; --           ; Y               ; no       ; Off          ;
; AG15     ; 278        ; 2A       ; gpio_oe[18]                     ; output ; 1.8-V        ; 1.8V           ; --           ; Y               ; no       ; Off          ;
; AG16     ; 277        ; 2A       ; gpio_out[10]                    ; output ; 1.8-V        ; 1.8V           ; --           ; Y               ; no       ; Off          ;
; AG17     ;            ;          ; GND                             ; gnd    ;              ;                ; --           ;                 ; --       ; --           ;
; AG18     ; 269        ; 2A       ; gpio_oe[2]                      ; output ; 1.8-V        ; 1.8V           ; --           ; Y               ; no       ; Off          ;
; AG19     ; 243        ; 2J       ; WDATA[1]                        ; input  ; 1.8-V        ; 1.8V           ; --           ; Y               ; no       ; Off          ;
; AG20     ; 242        ; 2J       ; WDATA[24]                       ; input  ; 1.8-V        ; 1.8V           ; --           ; Y               ; no       ; Off          ;
; AG21     ; 240        ; 2J       ; AWADDR[2]                       ; input  ; 1.8-V        ; 1.8V           ; --           ; Y               ; no       ; Off          ;
; AG22     ;            ;          ; GND                             ; gnd    ;              ;                ; --           ;                 ; --       ; --           ;
; AG23     ; 245        ; 2J       ; AWADDR[3]                       ; input  ; 1.8-V        ; 1.8V           ; --           ; Y               ; no       ; Off          ;
; AG24     ;            ;          ; GND                             ; gnd    ;              ;                ; --           ;                 ; --       ; --           ;
; AG25     ;            ;          ; GND                             ; gnd    ;              ;                ; --           ;                 ; --       ; --           ;
; AG26     ;            ;          ; GND                             ; gnd    ;              ;                ; --           ;                 ; --       ; --           ;
; AG27     ; 106        ; 1C       ; GXB_NC                          ;        ;              ;                ; --           ;                 ; --       ; --           ;
; AG28     ; 107        ; 1C       ; GXB_NC                          ;        ;              ;                ; --           ;                 ; --       ; --           ;
; AH2      ; 485        ; 3A       ; gpio_in[20]                     ; input  ; 1.8-V        ; 1.8V           ; --           ; Y               ; no       ; Off          ;
; AH3      ; 484        ; 3A       ; gpio_in[19]                     ; input  ; 1.8-V        ; 1.8V           ; --           ; Y               ; no       ; Off          ;
; AH4      ;            ;          ; GND                             ; gnd    ;              ;                ; --           ;                 ; --       ; --           ;
; AH5      ; 517        ; CSS      ; ^AS_DATA3                       ;        ;              ;                ; Weak Pull Up ;                 ; --       ; On           ;
; AH6      ; 498        ; CSS      ; #TMS                            ; input  ;              ;                ; --           ;                 ; --       ; --           ;
; AH7      ; 512        ; CSS      ; ^nCSO1                          ;        ;              ;                ; Weak Pull Up ;                 ; --       ; On           ;
; AH8      ; 511        ; CSS      ; ^nCSO0                          ;        ;              ;                ; Weak Pull Up ;                 ; --       ; On           ;
; AH9      ;            ;          ; GND                             ; gnd    ;              ;                ; --           ;                 ; --       ; --           ;
; AH10     ; 214        ; 2J       ; WDATA[6]                        ; input  ; 1.8-V        ; 1.8V           ; --           ; Y               ; no       ; Off          ;
; AH11     ; 215        ; 2J       ; WDATA[26]                       ; input  ; 1.8-V        ; 1.8V           ; --           ; Y               ; no       ; Off          ;
; AH12     ; 217        ; 2J       ; AWADDR[6]                       ; input  ; 1.8-V        ; 1.8V           ; --           ; Y               ; no       ; Off          ;
; AH13     ; 219        ; 2J       ; WDATA[15]                       ; input  ; 1.8-V        ; 1.8V           ; --           ; Y               ; no       ; Off          ;
; AH14     ;            ;          ; GND                             ; gnd    ;              ;                ; --           ;                 ; --       ; --           ;
; AH15     ; 212        ; 2J       ; WDATA[8]                        ; input  ; 1.8-V        ; 1.8V           ; --           ; Y               ; no       ; Off          ;
; AH16     ; 213        ; 2J       ; ARADDR[4]                       ; input  ; 1.8-V        ; 1.8V           ; --           ; Y               ; no       ; Off          ;
; AH17     ; 210        ; 2J       ; WDATA[13]                       ; input  ; 1.8-V        ; 1.8V           ; --           ; Y               ; no       ; Off          ;
; AH18     ; 211        ; 2J       ; ARADDR[1]                       ; input  ; 1.8-V        ; 1.8V           ; --           ; Y               ; no       ; Off          ;
; AH19     ;            ;          ; GND                             ; gnd    ;              ;                ; --           ;                 ; --       ; --           ;
; AH20     ; 234        ; 2J       ; WDATA[0]                        ; input  ; 1.8-V        ; 1.8V           ; --           ; Y               ; no       ; Off          ;
; AH21     ; 235        ; 2J       ; WDATA[17]                       ; input  ; 1.8-V        ; 1.8V           ; --           ; Y               ; no       ; Off          ;
; AH22     ; 241        ; 2J       ; WDATA[21]                       ; input  ; 1.8-V        ; 1.8V           ; --           ; Y               ; no       ; Off          ;
; AH23     ;            ;          ; DNU                             ;        ;              ;                ; --           ;                 ; --       ; --           ;
; AH24     ;            ;          ; DNU                             ;        ;              ;                ; --           ;                 ; --       ; --           ;
; AH25     ;            ;          ; GND                             ;        ;              ;                ; --           ;                 ; --       ; --           ;
; AH26     ;            ;          ; GND                             ; gnd    ;              ;                ; --           ;                 ; --       ; --           ;
; AH27     ;            ;          ; GND                             ; gnd    ;              ;                ; --           ;                 ; --       ; --           ;
; B1       ;            ;          ; NC                              ;        ;              ;                ; --           ;                 ; --       ; --           ;
; B2       ;            ;          ; GND                             ; gnd    ;              ;                ; --           ;                 ; --       ; --           ;
; B3       ;            ;          ; NC                              ;        ;              ;                ; --           ;                 ; --       ; --           ;
; B4       ;            ;          ; NC                              ;        ;              ;                ; --           ;                 ; --       ; --           ;
; B5       ;            ;          ; NC                              ;        ;              ;                ; --           ;                 ; --       ; --           ;
; B6       ;            ;          ; NC                              ;        ;              ;                ; --           ;                 ; --       ; --           ;
; B7       ;            ;          ; GND                             ; gnd    ;              ;                ; --           ;                 ; --       ; --           ;
; B8       ; 160        ; 2K       ; RDATA[13]                       ; output ; 1.8-V        ; 1.8V           ; --           ; Y               ; no       ; Off          ;
; B9       ; 161        ; 2K       ; RDATA[15]                       ; output ; 1.8-V        ; 1.8V           ; --           ; Y               ; no       ; Off          ;
; B10      ; 163        ; 2K       ; RDATA[17]                       ; output ; 1.8-V        ; 1.8V           ; --           ; Y               ; no       ; Off          ;
; B11      ; 206        ; 2K       ; RRESP[0]                        ; output ; 1.8-V        ; 1.8V           ; --           ; Y               ; no       ; Off          ;
; B12      ;            ; 2K       ; VCCIO2K                         ; power  ;              ; 1.8V           ; --           ;                 ; --       ; --           ;
; B13      ; 202        ; 2K       ; RDATA[14]                       ; output ; 1.8-V        ; 1.8V           ; --           ; Y               ; no       ; Off          ;
; B14      ; 201        ; 2K       ; RDATA[29]                       ; output ; 1.8-V        ; 1.8V           ; --           ; Y               ; no       ; Off          ;
; B15      ; 200        ; 2K       ; RDATA[24]                       ; output ; 1.8-V        ; 1.8V           ; --           ; Y               ; no       ; Off          ;
; B16      ; 177        ; 2K       ; RDATA[12]                       ; output ; 1.8-V        ; 1.8V           ; --           ; Y               ; no       ; Off          ;
; B17      ;            ;          ; GND                             ; gnd    ;              ;                ; --           ;                 ; --       ; --           ;
; B18      ; 178        ; 2K       ; RDATA[23]                       ; output ; 1.8-V        ; 1.8V           ; --           ; Y               ; no       ; Off          ;
; B19      ; 179        ; 2K       ; RDATA[30]                       ; output ; 1.8-V        ; 1.8V           ; --           ; Y               ; no       ; Off          ;
; B20      ; 181        ; 2K       ; gpio_out[2]                     ; output ; 1.8-V        ; 1.8V           ; --           ; Y               ; no       ; Off          ;
; B21      ; 187        ; 2K       ; gpio_out[0]                     ; output ; 1.8-V        ; 1.8V           ; --           ; Y               ; no       ; Off          ;
; B22      ;            ;          ; GND                             ; gnd    ;              ;                ; --           ;                 ; --       ; --           ;
; B23      ; 188        ; 2K       ; RDATA[10]                       ; output ; 1.8-V        ; 1.8V           ; --           ; Y               ; no       ; Off          ;
; B24      ; 189        ; 2K       ; RDATA[0]                        ; output ; 1.8-V        ; 1.8V           ; --           ; Y               ; no       ; Off          ;
; B25      ; 194        ; 2K       ; RDATA[18]                       ; output ; 1.8-V        ; 1.8V           ; --           ; Y               ; no       ; Off          ;
; B26      ; 195        ; 2K       ; RDATA[28]                       ; output ; 1.8-V        ; 1.8V           ; --           ; Y               ; no       ; Off          ;
; B27      ;            ;          ; GND                             ; gnd    ;              ;                ; --           ;                 ; --       ; --           ;
; B28      ;            ;          ; GND                             ; gnd    ;              ;                ; --           ;                 ; --       ; --           ;
; C1       ;            ;          ; NC                              ;        ;              ;                ; --           ;                 ; --       ; --           ;
; C2       ;            ;          ; NC                              ;        ;              ;                ; --           ;                 ; --       ; --           ;
; C3       ;            ;          ; NC                              ;        ;              ;                ; --           ;                 ; --       ; --           ;
; C4       ;            ;          ; GND                             ; gnd    ;              ;                ; --           ;                 ; --       ; --           ;
; C5       ;            ;          ; NC                              ;        ;              ;                ; --           ;                 ; --       ; --           ;
; C6       ;            ;          ; NC                              ;        ;              ;                ; --           ;                 ; --       ; --           ;
; C7       ;            ;          ; NC                              ;        ;              ;                ; --           ;                 ; --       ; --           ;
; C8       ; 169        ; 2K       ; RRESP[1]                        ; output ; 1.8-V        ; 1.8V           ; --           ; Y               ; no       ; Off          ;
; C9       ;            ;          ; GND                             ; gnd    ;              ;                ; --           ;                 ; --       ; --           ;
; C10      ; 162        ; 2K       ; BRESP[0]                        ; output ; 1.8-V        ; 1.8V           ; --           ; Y               ; no       ; Off          ;
; C11      ; 164        ; 2K       ; RDATA[26]                       ; output ; 1.8-V        ; 1.8V           ; --           ; Y               ; no       ; Off          ;
; C12      ; 165        ; 2K       ; RDATA[4]                        ; output ; 1.8-V        ; 1.8V           ; --           ; Y               ; no       ; Off          ;
; C13      ; 199        ; 2K       ; WREADY                          ; output ; 1.8-V        ; 1.8V           ; --           ; Y               ; no       ; Off          ;
; C14      ;            ; 2K       ; VCCIO2K                         ; power  ;              ; 1.8V           ; --           ;                 ; --       ; --           ;
; C15      ; 176        ; 2K       ; RDATA[20]                       ; output ; 1.8-V        ; 1.8V           ; --           ; Y               ; no       ; Off          ;
; C16      ; 156        ; 2L       ; gpio_oe[26]                     ; output ; 1.8-V        ; 1.8V           ; --           ; Y               ; no       ; Off          ;
; C17      ; 157        ; 2L       ; RESERVED_INPUT_WITH_WEAK_PULLUP ;        ;              ; 1.8V           ; --           ;                 ; no       ; On           ;
; C18      ; 159        ; 2L       ; RESERVED_INPUT_WITH_WEAK_PULLUP ;        ;              ; 1.8V           ; --           ;                 ; no       ; On           ;
; C19      ;            ;          ; GND                             ; gnd    ;              ;                ; --           ;                 ; --       ; --           ;
; C20      ; 180        ; 2K       ; RDATA[1]                        ; output ; 1.8-V        ; 1.8V           ; --           ; Y               ; no       ; Off          ;
; C21      ; 186        ; 2K       ; AWREADY                         ; output ; 1.8-V        ; 1.8V           ; --           ; Y               ; no       ; Off          ;
; C22      ; 130        ; 2L       ; RESERVED_INPUT_WITH_WEAK_PULLUP ;        ;              ; 1.8V           ; --           ;                 ; no       ; On           ;
; C23      ; 131        ; 2L       ; RESERVED_INPUT_WITH_WEAK_PULLUP ;        ;              ; 1.8V           ; --           ;                 ; no       ; On           ;
; C24      ;            ;          ; GND                             ; gnd    ;              ;                ; --           ;                 ; --       ; --           ;
; C25      ;            ;          ; GND                             ; gnd    ;              ;                ; --           ;                 ; --       ; --           ;
; C26      ;            ;          ; GND                             ; gnd    ;              ;                ; --           ;                 ; --       ; --           ;
; C27      ;            ;          ; GND                             ; gnd    ;              ;                ; --           ;                 ; --       ; --           ;
; C28      ;            ;          ; GND                             ;        ;              ;                ; --           ;                 ; --       ; --           ;
; D1       ;            ;          ; GND                             ; gnd    ;              ;                ; --           ;                 ; --       ; --           ;
; D2       ;            ;          ; NC                              ;        ;              ;                ; --           ;                 ; --       ; --           ;
; D3       ;            ;          ; NC                              ;        ;              ;                ; --           ;                 ; --       ; --           ;
; D4       ;            ;          ; NC                              ;        ;              ;                ; --           ;                 ; --       ; --           ;
; D5       ;            ;          ; NC                              ;        ;              ;                ; --           ;                 ; --       ; --           ;
; D6       ;            ;          ; GND                             ; gnd    ;              ;                ; --           ;                 ; --       ; --           ;
; D7       ;            ;          ; NC                              ;        ;              ;                ; --           ;                 ; --       ; --           ;
; D8       ; 168        ; 2K       ; ARREADY                         ; output ; 1.8-V        ; 1.8V           ; --           ; Y               ; no       ; Off          ;
; D9       ; 171        ; 2K       ; RDATA[2]                        ; output ; 1.8-V        ; 1.8V           ; --           ; Y               ; no       ; Off          ;
; D10      ; 170        ; 2K       ; RDATA[16]                       ; output ; 1.8-V        ; 1.8V           ; --           ; Y               ; no       ; Off          ;
; D11      ;            ;          ; GND                             ; gnd    ;              ;                ; --           ;                 ; --       ; --           ;
; D12      ;            ;          ; NC                              ;        ;              ;                ; --           ;                 ; --       ; --           ;
; D13      ; 198        ; 2K       ; RDATA[8]                        ; output ; 1.8-V        ; 1.8V           ; --           ; Y               ; no       ; Off          ;
; D14      ; 197        ; 2K       ; RDATA[31]                       ; output ; 1.8-V        ; 1.8V           ; --           ; Y               ; no       ; Off          ;
; D15      ; 183        ; 2K       ; gpio_out[4]                     ; output ; 1.8-V        ; 1.8V           ; --           ; Y               ; no       ; Off          ;
; D16      ;            ;          ; GND                             ; gnd    ;              ;                ; --           ;                 ; --       ; --           ;
; D17      ; 158        ; 2L       ; RESERVED_INPUT_WITH_WEAK_PULLUP ;        ;              ; 1.8V           ; --           ;                 ; no       ; On           ;
; D18      ; 148        ; 2L       ; RESERVED_INPUT_WITH_WEAK_PULLUP ;        ;              ; 1.8V           ; --           ;                 ; no       ; On           ;
; D19      ; 149        ; 2L       ; RESERVED_INPUT_WITH_WEAK_PULLUP ;        ;              ; 1.8V           ; --           ;                 ; no       ; On           ;
; D20      ; 155        ; 2L       ; RESERVED_INPUT_WITH_WEAK_PULLUP ;        ;              ; 1.8V           ; --           ;                 ; no       ; On           ;
; D21      ;            ;          ; GND                             ; gnd    ;              ;                ; --           ;                 ; --       ; --           ;
; D22      ; 125        ; 2L       ; RESERVED_INPUT_WITH_WEAK_PULLUP ;        ;              ; 1.8V           ; --           ;                 ; no       ; On           ;
; D23      ; 127        ; 2L       ; gpio_oe[30]                     ; output ; 1.8-V        ; 1.8V           ; --           ; Y               ; no       ; Off          ;
; D24      ;            ;          ; GND                             ; gnd    ;              ;                ; --           ;                 ; --       ; --           ;
; D25      ; 60         ; 1D       ; GXB_GND*                        ;        ;              ;                ; --           ;                 ; --       ; --           ;
; D26      ; 61         ; 1D       ; GXB_GND*                        ;        ;              ;                ; --           ;                 ; --       ; --           ;
; D27      ;            ;          ; GND                             ; gnd    ;              ;                ; --           ;                 ; --       ; --           ;
; D28      ;            ;          ; GND                             ; gnd    ;              ;                ; --           ;                 ; --       ; --           ;
; E1       ;            ;          ; NC                              ;        ;              ;                ; --           ;                 ; --       ; --           ;
; E2       ;            ;          ; NC                              ;        ;              ;                ; --           ;                 ; --       ; --           ;
; E3       ;            ;          ; GND                             ; gnd    ;              ;                ; --           ;                 ; --       ; --           ;
; E4       ;            ;          ; NC                              ;        ;              ;                ; --           ;                 ; --       ; --           ;
; E5       ;            ;          ; NC                              ;        ;              ;                ; --           ;                 ; --       ; --           ;
; E6       ;            ;          ; NC                              ;        ;              ;                ; --           ;                 ; --       ; --           ;
; E7       ;            ;          ; NC                              ;        ;              ;                ; --           ;                 ; --       ; --           ;
; E8       ;            ;          ; GND                             ; gnd    ;              ;                ; --           ;                 ; --       ; --           ;
; E9       ;            ; 2K       ; VREFB2KN0                       ; power  ;              ; GND            ; --           ;                 ; --       ; --           ;
; E10      ;            ;          ; VSIGP_0                         ;        ;              ;                ; --           ;                 ; --       ; --           ;
; E11      ;            ;          ; VSIGN_0                         ;        ;              ;                ; --           ;                 ; --       ; --           ;
; E12      ;            ;          ; NC                              ;        ;              ;                ; --           ;                 ; --       ; --           ;
; E13      ;            ;          ; GND                             ; gnd    ;              ;                ; --           ;                 ; --       ; --           ;
; E14      ; 196        ; 2K       ; RVALID                          ; output ; 1.8-V        ; 1.8V           ; --           ; Y               ; no       ; Off          ;
; E15      ; 182        ; 2K       ; gpio_out[3]                     ; output ; 1.8-V        ; 1.8V           ; --           ; Y               ; no       ; Off          ;
; E16      ; 151        ; 2L       ; RESERVED_INPUT_WITH_WEAK_PULLUP ;        ;              ; 1.8V           ; --           ;                 ; no       ; On           ;
; E17      ; 150        ; 2L       ; combined_irq                    ; output ; 1.8-V        ; 1.8V           ; --           ; Y               ; no       ; Off          ;
; E18      ;            ; 2L       ; VCCIO2L                         ; power  ;              ; 1.8V           ; --           ;                 ; --       ; --           ;
; E19      ; 153        ; 2L       ; RESERVED_INPUT_WITH_WEAK_PULLUP ;        ;              ; 1.8V           ; --           ;                 ; no       ; On           ;
; E20      ; 154        ; 2L       ; gpio_oe[29]                     ; output ; 1.8-V        ; 1.8V           ; --           ; Y               ; no       ; Off          ;
; E21      ; 124        ; 2L       ; RESERVED_INPUT_WITH_WEAK_PULLUP ;        ;              ; 1.8V           ; --           ;                 ; no       ; On           ;
; E22      ; 129        ; 2L       ; RESERVED_INPUT_WITH_WEAK_PULLUP ;        ;              ; 1.8V           ; --           ;                 ; no       ; On           ;
; E23      ; 126        ; 2L       ; RESERVED_INPUT_WITH_WEAK_PULLUP ;        ;              ; 1.8V           ; --           ;                 ; no       ; On           ;
; E24      ;            ;          ; GND                             ; gnd    ;              ;                ; --           ;                 ; --       ; --           ;
; E25      ;            ;          ; GND                             ; gnd    ;              ;                ; --           ;                 ; --       ; --           ;
; E26      ;            ;          ; GND                             ; gnd    ;              ;                ; --           ;                 ; --       ; --           ;
; E27      ; 58         ; 1D       ; GXB_NC                          ;        ;              ;                ; --           ;                 ; --       ; --           ;
; E28      ; 59         ; 1D       ; GXB_NC                          ;        ;              ;                ; --           ;                 ; --       ; --           ;
; F1       ;            ;          ; NC                              ;        ;              ;                ; --           ;                 ; --       ; --           ;
; F2       ;            ;          ; NC                              ;        ;              ;                ; --           ;                 ; --       ; --           ;
; F3       ;            ;          ; NC                              ;        ;              ;                ; --           ;                 ; --       ; --           ;
; F4       ;            ;          ; NC                              ;        ;              ;                ; --           ;                 ; --       ; --           ;
; F5       ;            ;          ; GND                             ; gnd    ;              ;                ; --           ;                 ; --       ; --           ;
; F6       ;            ;          ; NC                              ;        ;              ;                ; --           ;                 ; --       ; --           ;
; F7       ;            ;          ; NC                              ;        ;              ;                ; --           ;                 ; --       ; --           ;
; F8       ;            ;          ; NC                              ;        ;              ;                ; --           ;                 ; --       ; --           ;
; F9       ;            ;          ; NC                              ;        ;              ;                ; --           ;                 ; --       ; --           ;
; F10      ;            ;          ; GND                             ; gnd    ;              ;                ; --           ;                 ; --       ; --           ;
; F11      ;            ;          ; VSIGP_1                         ;        ;              ;                ; --           ;                 ; --       ; --           ;
; F12      ;            ;          ; NC                              ;        ;              ;                ; --           ;                 ; --       ; --           ;
; F13      ;            ;          ; NC                              ;        ;              ;                ; --           ;                 ; --       ; --           ;
; F14      ;            ;          ; NC                              ;        ;              ;                ; --           ;                 ; --       ; --           ;
; F15      ;            ; 2K       ; VCCIO2K                         ; power  ;              ; 1.8V           ; --           ;                 ; --       ; --           ;
; F16      ;            ;          ; NC                              ;        ;              ;                ; --           ;                 ; --       ; --           ;
; F17      ; 119        ; 2L       ; RESERVED_INPUT_WITH_WEAK_PULLUP ;        ;              ; 1.8V           ; --           ;                 ; no       ; On           ;
; F18      ; 118        ; 2L       ; gpio_oe[23]                     ; output ; 1.8-V        ; 1.8V           ; --           ; Y               ; no       ; Off          ;
; F19      ; 152        ; 2L       ; RESERVED_INPUT_WITH_WEAK_PULLUP ;        ;              ; 1.8V           ; --           ;                 ; no       ; On           ;
; F20      ;            ;          ; GND                             ; gnd    ;              ;                ; --           ;                 ; --       ; --           ;
; F21      ; 133        ; 2L       ; RESERVED_INPUT_WITH_WEAK_PULLUP ;        ;              ; 1.8V           ; --           ;                 ; no       ; On           ;
; F22      ; 128        ; 2L       ; gpio_oe[28]                     ; output ; 1.8-V        ; 1.8V           ; --           ; Y               ; no       ; Off          ;
; F23      ; 135        ; 2L       ; RESERVED_INPUT_WITH_WEAK_PULLUP ;        ;              ; 1.8V           ; --           ;                 ; no       ; On           ;
; F24      ;            ;          ; GND                             ; gnd    ;              ;                ; --           ;                 ; --       ; --           ;
; F25      ; 64         ; 1D       ; GXB_GND*                        ;        ;              ;                ; --           ;                 ; --       ; --           ;
; F26      ; 65         ; 1D       ; GXB_GND*                        ;        ;              ;                ; --           ;                 ; --       ; --           ;
; F27      ;            ;          ; GND                             ; gnd    ;              ;                ; --           ;                 ; --       ; --           ;
; F28      ;            ;          ; GND                             ; gnd    ;              ;                ; --           ;                 ; --       ; --           ;
; G1       ; 426        ; 3B       ; AWADDR[16]                      ; input  ; 1.8-V        ; 1.8V           ; --           ; Y               ; no       ; Off          ;
; G2       ;            ;          ; GND                             ; gnd    ;              ;                ; --           ;                 ; --       ; --           ;
; G3       ;            ;          ; NC                              ;        ;              ;                ; --           ;                 ; --       ; --           ;
; G4       ;            ;          ; NC                              ;        ;              ;                ; --           ;                 ; --       ; --           ;
; G5       ;            ;          ; NC                              ;        ;              ;                ; --           ;                 ; --       ; --           ;
; G6       ;            ;          ; NC                              ;        ;              ;                ; --           ;                 ; --       ; --           ;
; G7       ;            ;          ; NC                              ;        ;              ;                ; --           ;                 ; --       ; --           ;
; G8       ;            ;          ; NC                              ;        ;              ;                ; --           ;                 ; --       ; --           ;
; G9       ;            ;          ; NC                              ;        ;              ;                ; --           ;                 ; --       ; --           ;
; G10      ;            ;          ; ADCGND                          ; gnd    ;              ;                ; --           ;                 ; --       ; --           ;
; G11      ;            ;          ; VSIGN_1                         ;        ;              ;                ; --           ;                 ; --       ; --           ;
; G12      ;            ;          ; GND                             ; gnd    ;              ;                ; --           ;                 ; --       ; --           ;
; G13      ;            ;          ; NC                              ;        ;              ;                ; --           ;                 ; --       ; --           ;
; G14      ;            ;          ; NC                              ;        ;              ;                ; --           ;                 ; --       ; --           ;
; G15      ;            ;          ; NC                              ;        ;              ;                ; --           ;                 ; --       ; --           ;
; G16      ;            ;          ; NC                              ;        ;              ;                ; --           ;                 ; --       ; --           ;
; G17      ;            ;          ; GND                             ; gnd    ;              ;                ; --           ;                 ; --       ; --           ;
; G18      ; 121        ; 2L       ; gpio_oe[31]                     ; output ; 1.8-V        ; 1.8V           ; --           ; Y               ; no       ; Off          ;
; G19      ; 122        ; 2L       ; RESERVED_INPUT_WITH_WEAK_PULLUP ;        ;              ; 1.8V           ; --           ;                 ; no       ; On           ;
; G20      ; 123        ; 2L       ; irq_status[0]                   ; output ; 1.8-V        ; 1.8V           ; --           ; Y               ; no       ; Off          ;
; G21      ; 132        ; 2L       ; gpio_oe[22]                     ; output ; 1.8-V        ; 1.8V           ; --           ; Y               ; no       ; Off          ;
; G22      ;            ;          ; GND                             ; gnd    ;              ;                ; --           ;                 ; --       ; --           ;
; G23      ; 134        ; 2L       ; RESERVED_INPUT_WITH_WEAK_PULLUP ;        ;              ; 1.8V           ; --           ;                 ; no       ; On           ;
; G24      ;            ;          ; GND                             ; gnd    ;              ;                ; --           ;                 ; --       ; --           ;
; G25      ;            ;          ; GND                             ; gnd    ;              ;                ; --           ;                 ; --       ; --           ;
; G26      ;            ;          ; GND                             ; gnd    ;              ;                ; --           ;                 ; --       ; --           ;
; G27      ; 62         ; 1D       ; GXB_NC                          ;        ;              ;                ; --           ;                 ; --       ; --           ;
; G28      ; 63         ; 1D       ; GXB_NC                          ;        ;              ;                ; --           ;                 ; --       ; --           ;
; H1       ; 427        ; 3B       ; AWADDR[30]                      ; input  ; 1.8-V        ; 1.8V           ; --           ; Y               ; no       ; Off          ;
; H2       ; 419        ; 3B       ; ARADDR[10]                      ; input  ; 1.8-V        ; 1.8V           ; --           ; Y               ; no       ; Off          ;
; H3       ;            ;          ; NC                              ;        ;              ;                ; --           ;                 ; --       ; --           ;
; H4       ;            ;          ; GND                             ; gnd    ;              ;                ; --           ;                 ; --       ; --           ;
; H5       ;            ;          ; NC                              ;        ;              ;                ; --           ;                 ; --       ; --           ;
; H6       ;            ;          ; NC                              ;        ;              ;                ; --           ;                 ; --       ; --           ;
; H7       ;            ;          ; NC                              ;        ;              ;                ; --           ;                 ; --       ; --           ;
; H8       ;            ;          ; NC                              ;        ;              ;                ; --           ;                 ; --       ; --           ;
; H9       ;            ;          ; NC                              ;        ;              ;                ; --           ;                 ; --       ; --           ;
; H10      ;            ;          ; TEMPDIODEn                      ;        ;              ;                ; --           ;                 ; --       ; --           ;
; H11      ;            ;          ; TEMPDIODEp                      ;        ;              ;                ; --           ;                 ; --       ; --           ;
; H12      ;            ;          ; NC                              ;        ;              ;                ; --           ;                 ; --       ; --           ;
; H13      ;            ;          ; GND                             ; gnd    ;              ;                ; --           ;                 ; --       ; --           ;
; H14      ;            ;          ; GND                             ; gnd    ;              ;                ; --           ;                 ; --       ; --           ;
; H15      ;            ;          ; NC                              ;        ;              ;                ; --           ;                 ; --       ; --           ;
; H16      ; 112        ; 2L       ; gpio_oe[25]                     ; output ; 1.8-V        ; 1.8V           ; --           ; Y               ; no       ; Off          ;
; H17      ; 113        ; 2L       ; gpio_oe[24]                     ; output ; 1.8-V        ; 1.8V           ; --           ; Y               ; no       ; Off          ;
; H18      ; 120        ; 2L       ; RESERVED_INPUT_WITH_WEAK_PULLUP ;        ;              ; 1.8V           ; --           ;                 ; no       ; On           ;
; H19      ;            ; 2L       ; VCCIO2L                         ; power  ;              ; 1.8V           ; --           ;                 ; --       ; --           ;
; H20      ; 143        ; 2L       ; RESERVED_INPUT_WITH_WEAK_PULLUP ;        ;              ; 1.8V           ; --           ;                 ; no       ; On           ;
; H21      ; 142        ; 2L       ; gpio_oe[27]                     ; output ; 1.8-V        ; 1.8V           ; --           ; Y               ; no       ; Off          ;
; H22      ; 140        ; 2L       ; RESERVED_INPUT_WITH_WEAK_PULLUP ;        ;              ; 1.8V           ; --           ;                 ; no       ; On           ;
; H23      ; 136        ; 2L       ; RESERVED_INPUT_WITH_WEAK_PULLUP ;        ;              ; 1.8V           ; --           ;                 ; no       ; On           ;
; H24      ;            ;          ; GND                             ; gnd    ;              ;                ; --           ;                 ; --       ; --           ;
; H25      ; 68         ; 1D       ; GXB_GND*                        ;        ;              ;                ; --           ;                 ; --       ; --           ;
; H26      ; 69         ; 1D       ; GXB_GND*                        ;        ;              ;                ; --           ;                 ; --       ; --           ;
; H27      ;            ;          ; GND                             ; gnd    ;              ;                ; --           ;                 ; --       ; --           ;
; H28      ;            ;          ; GND                             ; gnd    ;              ;                ; --           ;                 ; --       ; --           ;
; J1       ;            ;          ; GND                             ; gnd    ;              ;                ; --           ;                 ; --       ; --           ;
; J2       ; 420        ; 3B       ; ARADDR[21]                      ; input  ; 1.8-V        ; 1.8V           ; --           ; Y               ; no       ; Off          ;
; J3       ; 418        ; 3B       ; ARADDR[30]                      ; input  ; 1.8-V        ; 1.8V           ; --           ; Y               ; no       ; Off          ;
; J4       ;            ;          ; NC                              ;        ;              ;                ; --           ;                 ; --       ; --           ;
; J5       ;            ;          ; NC                              ;        ;              ;                ; --           ;                 ; --       ; --           ;
; J6       ;            ;          ; GND                             ; gnd    ;              ;                ; --           ;                 ; --       ; --           ;
; J7       ;            ;          ; NC                              ;        ;              ;                ; --           ;                 ; --       ; --           ;
; J8       ;            ;          ; NC                              ;        ;              ;                ; --           ;                 ; --       ; --           ;
; J9       ;            ;          ; NC                              ;        ;              ;                ; --           ;                 ; --       ; --           ;
; J10      ;            ;          ; VREFN_ADC                       ;        ;              ;                ; --           ;                 ; --       ; --           ;
; J11      ;            ;          ; GND                             ; gnd    ;              ;                ; --           ;                 ; --       ; --           ;
; J12      ;            ;          ; NC                              ;        ;              ;                ; --           ;                 ; --       ; --           ;
; J13      ;            ;          ; GND                             ; gnd    ;              ;                ; --           ;                 ; --       ; --           ;
; J14      ;            ;          ; GND                             ; gnd    ;              ;                ; --           ;                 ; --       ; --           ;
; J15      ;            ;          ; NC                              ;        ;              ;                ; --           ;                 ; --       ; --           ;
; J16      ;            ;          ; GND                             ; gnd    ;              ;                ; --           ;                 ; --       ; --           ;
; J17      ; 117        ; 2L       ; RESERVED_INPUT_WITH_WEAK_PULLUP ;        ;              ; 1.8V           ; --           ;                 ; no       ; On           ;
; J18      ; 115        ; 2L       ; RESERVED_INPUT_WITH_WEAK_PULLUP ;        ;              ; 1.8V           ; --           ;                 ; no       ; On           ;
; J19      ; 114        ; 2L       ; RESERVED_INPUT_WITH_WEAK_PULLUP ;        ;              ; 1.8V           ; --           ;                 ; no       ; On           ;
; J20      ; 139        ; 2L       ; irq_status[2]                   ; output ; 1.8-V        ; 1.8V           ; --           ; Y               ; no       ; Off          ;
; J21      ;            ;          ; GND                             ; gnd    ;              ;                ; --           ;                 ; --       ; --           ;
; J22      ; 141        ; 2L       ; irq_status[1]                   ; output ; 1.8-V        ; 1.8V           ; --           ; Y               ; no       ; Off          ;
; J23      ; 137        ; 2L       ; RESERVED_INPUT_WITH_WEAK_PULLUP ;        ;              ; 1.8V           ; --           ;                 ; no       ; On           ;
; J24      ;            ;          ; GND                             ; gnd    ;              ;                ; --           ;                 ; --       ; --           ;
; J25      ;            ;          ; GND                             ; gnd    ;              ;                ; --           ;                 ; --       ; --           ;
; J26      ;            ;          ; GND                             ; gnd    ;              ;                ; --           ;                 ; --       ; --           ;
; J27      ; 66         ; 1D       ; GXB_NC                          ;        ;              ;                ; --           ;                 ; --       ; --           ;
; J28      ; 67         ; 1D       ; GXB_NC                          ;        ;              ;                ; --           ;                 ; --       ; --           ;
; K1       ; 432        ; 3B       ; ARADDR[9]                       ; input  ; 1.8-V        ; 1.8V           ; --           ; Y               ; no       ; Off          ;
; K2       ; 421        ; 3B       ; ARADDR[18]                      ; input  ; 1.8-V        ; 1.8V           ; --           ; Y               ; no       ; Off          ;
; K3       ;            ;          ; GND                             ; gnd    ;              ;                ; --           ;                 ; --       ; --           ;
; K4       ; 415        ; 3B       ; AWADDR[10]                      ; input  ; 1.8-V        ; 1.8V           ; --           ; Y               ; no       ; Off          ;
; K5       ;            ;          ; NC                              ;        ;              ;                ; --           ;                 ; --       ; --           ;
; K6       ;            ;          ; NC                              ;        ;              ;                ; --           ;                 ; --       ; --           ;
; K7       ;            ;          ; NC                              ;        ;              ;                ; --           ;                 ; --       ; --           ;
; K8       ;            ;          ; NC                              ;        ;              ;                ; --           ;                 ; --       ; --           ;
; K9       ;            ;          ; NC                              ;        ;              ;                ; --           ;                 ; --       ; --           ;
; K10      ;            ;          ; VREFP_ADC                       ;        ;              ;                ; --           ;                 ; --       ; --           ;
; K11      ;            ;          ; NC                              ;        ;              ;                ; --           ;                 ; --       ; --           ;
; K12      ;            ;          ; NC                              ;        ;              ;                ; --           ;                 ; --       ; --           ;
; K13      ;            ;          ; GND                             ; gnd    ;              ;                ; --           ;                 ; --       ; --           ;
; K14      ;            ;          ; GND                             ; gnd    ;              ;                ; --           ;                 ; --       ; --           ;
; K15      ;            ;          ; NC                              ;        ;              ;                ; --           ;                 ; --       ; --           ;
; K16      ;            ; 2L       ; VREFB2LN0                       ; power  ;              ; GND            ; --           ;                 ; --       ; --           ;
; K17      ; 116        ; 2L       ; RESERVED_INPUT_WITH_WEAK_PULLUP ;        ;              ; 1.8V           ; --           ;                 ; no       ; On           ;
; K18      ;            ; 2L       ; VCCIO2L                         ; power  ;              ; 1.8V           ; --           ;                 ; --       ; --           ;
; K19      ; 145        ; 2L       ; RESERVED_INPUT_WITH_WEAK_PULLUP ;        ;              ; 1.8V           ; --           ;                 ; no       ; On           ;
; K20      ; 144        ; 2L       ; RESERVED_INPUT_WITH_WEAK_PULLUP ;        ;              ; 1.8V           ; --           ;                 ; no       ; On           ;
; K21      ; 138        ; 2L       ; RESERVED_INPUT_WITH_WEAK_PULLUP ;        ;              ; 1.8V           ; --           ;                 ; no       ; On           ;
; K22      ; 146        ; 2L       ; RESERVED_INPUT_WITH_WEAK_PULLUP ;        ;              ; 1.8V           ; --           ;                 ; no       ; On           ;
; K23      ; 147        ; 2L       ; RESERVED_INPUT_WITH_WEAK_PULLUP ;        ;              ; 1.8V           ; --           ;                 ; no       ; On           ;
; K24      ;            ;          ; GND                             ; gnd    ;              ;                ; --           ;                 ; --       ; --           ;
; K25      ; 72         ; 1D       ; GXB_GND*                        ;        ;              ;                ; --           ;                 ; --       ; --           ;
; K26      ; 73         ; 1D       ; GXB_GND*                        ;        ;              ;                ; --           ;                 ; --       ; --           ;
; K27      ;            ;          ; GND                             ; gnd    ;              ;                ; --           ;                 ; --       ; --           ;
; K28      ;            ;          ; GND                             ; gnd    ;              ;                ; --           ;                 ; --       ; --           ;
; L1       ; 433        ; 3B       ; ARADDR[20]                      ; input  ; 1.8-V        ; 1.8V           ; --           ; Y               ; no       ; Off          ;
; L2       ; 423        ; 3B       ; AWADDR[18]                      ; input  ; 1.8-V        ; 1.8V           ; --           ; Y               ; no       ; Off          ;
; L3       ; 422        ; 3B       ; ARADDR[17]                      ; input  ; 1.8-V        ; 1.8V           ; --           ; Y               ; no       ; Off          ;
; L4       ; 414        ; 3B       ; AWADDR[28]                      ; input  ; 1.8-V        ; 1.8V           ; --           ; Y               ; no       ; Off          ;
; L5       ;            ;          ; NC                              ;        ;              ;                ; --           ;                 ; --       ; --           ;
; L6       ;            ;          ; NC                              ;        ;              ;                ; --           ;                 ; --       ; --           ;
; L7       ;            ;          ; NC                              ;        ;              ;                ; --           ;                 ; --       ; --           ;
; L8       ;            ;          ; NC                              ;        ;              ;                ; --           ;                 ; --       ; --           ;
; L9       ;            ;          ; NC                              ;        ;              ;                ; --           ;                 ; --       ; --           ;
; L10      ;            ;          ; GND                             ; gnd    ;              ;                ; --           ;                 ; --       ; --           ;
; L11      ;            ; --       ; VCC                             ; power  ;              ; 0.9V           ; --           ;                 ; --       ; --           ;
; L12      ;            ; --       ; VCC                             ; power  ;              ; 0.9V           ; --           ;                 ; --       ; --           ;
; L13      ;            ;          ; GND                             ; gnd    ;              ;                ; --           ;                 ; --       ; --           ;
; L14      ;            ;          ; GND                             ; gnd    ;              ;                ; --           ;                 ; --       ; --           ;
; L15      ;            ;          ; GND                             ; gnd    ;              ;                ; --           ;                 ; --       ; --           ;
; L16      ;            ; --       ; VCC                             ; power  ;              ; 0.9V           ; --           ;                 ; --       ; --           ;
; L17      ;            ; --       ; VCC                             ; power  ;              ; 0.9V           ; --           ;                 ; --       ; --           ;
; L18      ;            ; --       ; VCC                             ; power  ;              ; 0.9V           ; --           ;                 ; --       ; --           ;
; L19      ;            ; --       ; VCC                             ; power  ;              ; 0.9V           ; --           ;                 ; --       ; --           ;
; L20      ;            ;          ; GND                             ; gnd    ;              ;                ; --           ;                 ; --       ; --           ;
; L21      ;            ;          ; GND                             ; gnd    ;              ;                ; --           ;                 ; --       ; --           ;
; L22      ;            ;          ; GND                             ; gnd    ;              ;                ; --           ;                 ; --       ; --           ;
; L23      ;            ;          ; GND                             ; gnd    ;              ;                ; --           ;                 ; --       ; --           ;
; L24      ;            ;          ; GND                             ; gnd    ;              ;                ; --           ;                 ; --       ; --           ;
; L25      ;            ;          ; GND                             ; gnd    ;              ;                ; --           ;                 ; --       ; --           ;
; L26      ;            ;          ; GND                             ; gnd    ;              ;                ; --           ;                 ; --       ; --           ;
; L27      ; 70         ; 1D       ; GXB_NC                          ;        ;              ;                ; --           ;                 ; --       ; --           ;
; L28      ; 71         ; 1D       ; GXB_NC                          ;        ;              ;                ; --           ;                 ; --       ; --           ;
; M1       ; 424        ; 3B       ; AWADDR[17]                      ; input  ; 1.8-V        ; 1.8V           ; --           ; Y               ; no       ; Off          ;
; M2       ;            ;          ; GND                             ; gnd    ;              ;                ; --           ;                 ; --       ; --           ;
; M3       ; 413        ; 3B       ; AWADDR[19]                      ; input  ; 1.8-V        ; 1.8V           ; --           ; Y               ; no       ; Off          ;
; M4       ; 412        ; 3B       ; AWADDR[22]                      ; input  ; 1.8-V        ; 1.8V           ; --           ; Y               ; no       ; Off          ;
; M5       ;            ;          ; NC                              ;        ;              ;                ; --           ;                 ; --       ; --           ;
; M6       ;            ;          ; NC                              ;        ;              ;                ; --           ;                 ; --       ; --           ;
; M7       ;            ;          ; NC                              ;        ;              ;                ; --           ;                 ; --       ; --           ;
; M8       ;            ;          ; NC                              ;        ;              ;                ; --           ;                 ; --       ; --           ;
; M9       ;            ;          ; NC                              ;        ;              ;                ; --           ;                 ; --       ; --           ;
; M10      ;            ; --       ; VCC                             ; power  ;              ; 0.9V           ; --           ;                 ; --       ; --           ;
; M11      ;            ; --       ; VCC                             ; power  ;              ; 0.9V           ; --           ;                 ; --       ; --           ;
; M12      ;            ;          ; GND                             ; gnd    ;              ;                ; --           ;                 ; --       ; --           ;
; M13      ;            ;          ; GND                             ; gnd    ;              ;                ; --           ;                 ; --       ; --           ;
; M14      ;            ; --       ; VCCPT                           ; power  ;              ; 1.8V           ; --           ;                 ; --       ; --           ;
; M15      ;            ; --       ; VCC                             ; power  ;              ; 0.9V           ; --           ;                 ; --       ; --           ;
; M16      ;            ; --       ; VCC                             ; power  ;              ; 0.9V           ; --           ;                 ; --       ; --           ;
; M17      ;            ;          ; GND                             ; gnd    ;              ;                ; --           ;                 ; --       ; --           ;
; M18      ;            ; --       ; VCCPT                           ; power  ;              ; 1.8V           ; --           ;                 ; --       ; --           ;
; M19      ;            ; --       ; VCC                             ; power  ;              ; 0.9V           ; --           ;                 ; --       ; --           ;
; M20      ;            ; --       ; VCC                             ; power  ;              ; 0.9V           ; --           ;                 ; --       ; --           ;
; M21      ;            ;          ; GND                             ; gnd    ;              ;                ; --           ;                 ; --       ; --           ;
; M22      ;            ; --       ; VCCH_GXBL                       ; gnd    ;              ; GND            ; --           ;                 ; --       ; --           ;
; M23      ;            ; --       ; VCCT_GXBL1D                     ; gnd    ;              ; GND            ; --           ;                 ; --       ; --           ;
; M24      ;            ; --       ; VCCT_GXBL1D                     ; gnd    ;              ; GND            ; --           ;                 ; --       ; --           ;
; M25      ; 76         ; 1D       ; GXB_GND*                        ;        ;              ;                ; --           ;                 ; --       ; --           ;
; M26      ; 77         ; 1D       ; GXB_GND*                        ;        ;              ;                ; --           ;                 ; --       ; --           ;
; M27      ;            ;          ; GND                             ; gnd    ;              ;                ; --           ;                 ; --       ; --           ;
; M28      ;            ;          ; GND                             ; gnd    ;              ;                ; --           ;                 ; --       ; --           ;
; N1       ; 425        ; 3B       ; ARADDR[3]                       ; input  ; 1.8-V        ; 1.8V           ; --           ; Y               ; no       ; Off          ;
; N2       ; 417        ; 3B       ; ARADDR[28]                      ; input  ; 1.8-V        ; 1.8V           ; --           ; Y               ; no       ; Off          ;
; N3       ; 416        ; 3B       ; ARADDR[19]                      ; input  ; 1.8-V        ; 1.8V           ; --           ; Y               ; no       ; Off          ;
; N4       ;            ;          ; GND                             ; gnd    ;              ;                ; --           ;                 ; --       ; --           ;
; N5       ;            ;          ; NC                              ;        ;              ;                ; --           ;                 ; --       ; --           ;
; N6       ;            ;          ; NC                              ;        ;              ;                ; --           ;                 ; --       ; --           ;
; N7       ;            ;          ; NC                              ;        ;              ;                ; --           ;                 ; --       ; --           ;
; N8       ;            ;          ; NC                              ;        ;              ;                ; --           ;                 ; --       ; --           ;
; N9       ;            ;          ; GND                             ; gnd    ;              ;                ; --           ;                 ; --       ; --           ;
; N10      ;            ; --       ; VCC                             ; power  ;              ; 0.9V           ; --           ;                 ; --       ; --           ;
; N11      ;            ; --       ; VCCP                            ; power  ;              ; 0.9V           ; --           ;                 ; --       ; --           ;
; N12      ;            ; --       ; VCC                             ; power  ;              ; 0.9V           ; --           ;                 ; --       ; --           ;
; N13      ;            ; --       ; VCC                             ; power  ;              ; 0.9V           ; --           ;                 ; --       ; --           ;
; N14      ;            ;          ; GND                             ; gnd    ;              ;                ; --           ;                 ; --       ; --           ;
; N15      ;            ; --       ; VCC                             ; power  ;              ; 0.9V           ; --           ;                 ; --       ; --           ;
; N16      ;            ; --       ; VCC                             ; power  ;              ; 0.9V           ; --           ;                 ; --       ; --           ;
; N17      ;            ; --       ; VCCP                            ; power  ;              ; 0.9V           ; --           ;                 ; --       ; --           ;
; N18      ;            ; --       ; VCC                             ; power  ;              ; 0.9V           ; --           ;                 ; --       ; --           ;
; N19      ;            ;          ; GND                             ; gnd    ;              ;                ; --           ;                 ; --       ; --           ;
; N20      ;            ; --       ; VCC                             ; power  ;              ; 0.9V           ; --           ;                 ; --       ; --           ;
; N21      ;            ;          ; GND                             ; gnd    ;              ;                ; --           ;                 ; --       ; --           ;
; N22      ;            ;          ; GND                             ; gnd    ;              ;                ; --           ;                 ; --       ; --           ;
; N23      ; 57         ; 1D       ; GXB_GND*                        ;        ;              ;                ; --           ;                 ; --       ; --           ;
; N24      ; 56         ; 1D       ; GXB_GND*                        ;        ;              ;                ; --           ;                 ; --       ; --           ;
; N25      ;            ;          ; GND                             ; gnd    ;              ;                ; --           ;                 ; --       ; --           ;
; N26      ;            ;          ; GND                             ; gnd    ;              ;                ; --           ;                 ; --       ; --           ;
; N27      ; 74         ; 1D       ; GXB_NC                          ;        ;              ;                ; --           ;                 ; --       ; --           ;
; N28      ; 75         ; 1D       ; GXB_NC                          ;        ;              ;                ; --           ;                 ; --       ; --           ;
; P1       ;            ;          ; GND                             ; gnd    ;              ;                ; --           ;                 ; --       ; --           ;
; P2       ; 428        ; 3B       ; ARADDR[24]                      ; input  ; 1.8-V        ; 1.8V           ; --           ; Y               ; no       ; Off          ;
; P3       ; 401        ; 3B       ; AWADDR[27]                      ; input  ; 1.8-V        ; 1.8V           ; --           ; Y               ; no       ; Off          ;
; P4       ; 400        ; 3B       ; AWADDR[26]                      ; input  ; 1.8-V        ; 1.8V           ; --           ; Y               ; no       ; Off          ;
; P5       ;            ;          ; NC                              ;        ;              ;                ; --           ;                 ; --       ; --           ;
; P6       ;            ;          ; NC                              ;        ;              ;                ; --           ;                 ; --       ; --           ;
; P7       ;            ;          ; NC                              ;        ;              ;                ; --           ;                 ; --       ; --           ;
; P8       ;            ;          ; NC                              ;        ;              ;                ; --           ;                 ; --       ; --           ;
; P9       ;            ;          ; NC                              ;        ;              ;                ; --           ;                 ; --       ; --           ;
; P10      ;            ; --       ; VCC                             ; power  ;              ; 0.9V           ; --           ;                 ; --       ; --           ;
; P11      ;            ;          ; GND                             ; gnd    ;              ;                ; --           ;                 ; --       ; --           ;
; P12      ;            ; --       ; VCC                             ; power  ;              ; 0.9V           ; --           ;                 ; --       ; --           ;
; P13      ;            ;          ; VCCA_PLL                        ; power  ;              ; 1.8V           ; --           ;                 ; --       ; --           ;
; P14      ;            ; --       ; VCC                             ; power  ;              ; 0.9V           ; --           ;                 ; --       ; --           ;
; P15      ;            ;          ; VCCA_PLL                        ; power  ;              ; 1.8V           ; --           ;                 ; --       ; --           ;
; P16      ;            ;          ; GND                             ; gnd    ;              ;                ; --           ;                 ; --       ; --           ;
; P17      ;            ; --       ; VCC                             ; power  ;              ; 0.9V           ; --           ;                 ; --       ; --           ;
; P18      ;            ; --       ; VCC                             ; power  ;              ; 0.9V           ; --           ;                 ; --       ; --           ;
; P19      ;            ; --       ; VCC                             ; power  ;              ; 0.9V           ; --           ;                 ; --       ; --           ;
; P20      ;            ; --       ; VCC                             ; power  ;              ; 0.9V           ; --           ;                 ; --       ; --           ;
; P21      ;            ;          ; GND                             ; gnd    ;              ;                ; --           ;                 ; --       ; --           ;
; P22      ;            ;          ; GND                             ; gnd    ;              ;                ; --           ;                 ; --       ; --           ;
; P23      ;            ; --       ; VCCR_GXBL1D                     ; gnd    ;              ; GND            ; --           ;                 ; --       ; --           ;
; P24      ;            ; --       ; VCCR_GXBL1D                     ; gnd    ;              ; GND            ; --           ;                 ; --       ; --           ;
; P25      ; 80         ; 1D       ; GXB_GND*                        ;        ;              ;                ; --           ;                 ; --       ; --           ;
; P26      ; 81         ; 1D       ; GXB_GND*                        ;        ;              ;                ; --           ;                 ; --       ; --           ;
; P27      ;            ;          ; GND                             ; gnd    ;              ;                ; --           ;                 ; --       ; --           ;
; P28      ;            ;          ; GND                             ; gnd    ;              ;                ; --           ;                 ; --       ; --           ;
; R1       ; 434        ; 3B       ; AWADDR[24]                      ; input  ; 1.8-V        ; 1.8V           ; --           ; Y               ; no       ; Off          ;
; R2       ; 429        ; 3B       ; ARADDR[12]                      ; input  ; 1.8-V        ; 1.8V           ; --           ; Y               ; no       ; Off          ;
; R3       ;            ;          ; GND                             ; gnd    ;              ;                ; --           ;                 ; --       ; --           ;
; R4       ; 407        ; 3B       ; AWADDR[9]                       ; input  ; 1.8-V        ; 1.8V           ; --           ; Y               ; no       ; Off          ;
; R5       ; 406        ; 3B       ; AWADDR[21]                      ; input  ; 1.8-V        ; 1.8V           ; --           ; Y               ; no       ; Off          ;
; R6       ;            ;          ; NC                              ;        ;              ;                ; --           ;                 ; --       ; --           ;
; R7       ;            ;          ; NC                              ;        ;              ;                ; --           ;                 ; --       ; --           ;
; R8       ;            ;          ; GND                             ; gnd    ;              ;                ; --           ;                 ; --       ; --           ;
; R9       ;            ;          ; NC                              ;        ;              ;                ; --           ;                 ; --       ; --           ;
; R10      ;            ; --       ; VCC                             ; power  ;              ; 0.9V           ; --           ;                 ; --       ; --           ;
; R11      ;            ; --       ; VCC                             ; power  ;              ; 0.9V           ; --           ;                 ; --       ; --           ;
; R12      ;            ; --       ; VCCERAM                         ; power  ;              ; 0.9V           ; --           ;                 ; --       ; --           ;
; R13      ;            ;          ; GND                             ; gnd    ;              ;                ; --           ;                 ; --       ; --           ;
; R14      ;            ; --       ; VCC                             ; power  ;              ; 0.9V           ; --           ;                 ; --       ; --           ;
; R15      ;            ; --       ; VCC                             ; power  ;              ; 0.9V           ; --           ;                 ; --       ; --           ;
; R16      ;            ; --       ; VCC                             ; power  ;              ; 0.9V           ; --           ;                 ; --       ; --           ;
; R17      ;            ; --       ; VCCERAM                         ; power  ;              ; 0.9V           ; --           ;                 ; --       ; --           ;
; R18      ;            ;          ; GND                             ; gnd    ;              ;                ; --           ;                 ; --       ; --           ;
; R19      ;            ; --       ; VCC                             ; power  ;              ; 0.9V           ; --           ;                 ; --       ; --           ;
; R20      ;            ; --       ; VCC                             ; power  ;              ; 0.9V           ; --           ;                 ; --       ; --           ;
; R21      ;            ;          ; GND                             ; gnd    ;              ;                ; --           ;                 ; --       ; --           ;
; R22      ;            ;          ; GND                             ; gnd    ;              ;                ; --           ;                 ; --       ; --           ;
; R23      ; 83         ; 1D       ; GXB_GND*                        ;        ;              ;                ; --           ;                 ; --       ; --           ;
; R24      ; 82         ; 1D       ; GXB_GND*                        ;        ;              ;                ; --           ;                 ; --       ; --           ;
; R25      ;            ;          ; GND                             ; gnd    ;              ;                ; --           ;                 ; --       ; --           ;
; R26      ;            ;          ; GND                             ; gnd    ;              ;                ; --           ;                 ; --       ; --           ;
; R27      ; 78         ; 1D       ; GXB_NC                          ;        ;              ;                ; --           ;                 ; --       ; --           ;
; R28      ; 79         ; 1D       ; GXB_NC                          ;        ;              ;                ; --           ;                 ; --       ; --           ;
; T1       ; 435        ; 3B       ; AWADDR[11]                      ; input  ; 1.8-V        ; 1.8V           ; --           ; Y               ; no       ; Off          ;
; T2       ; 431        ; 3B       ; ARADDR[22]                      ; input  ; 1.8-V        ; 1.8V           ; --           ; Y               ; no       ; Off          ;
; T3       ; 430        ; 3B       ; ARADDR[26]                      ; input  ; 1.8-V        ; 1.8V           ; --           ; Y               ; no       ; Off          ;
; T4       ; 409        ; 3B       ; AWADDR[12]                      ; input  ; 1.8-V        ; 1.8V           ; --           ; Y               ; no       ; Off          ;
; T5       ;            ; 3B       ; VCCIO3B                         ; power  ;              ; 1.8V           ; --           ;                 ; --       ; --           ;
; T6       ; 405        ; 3B       ; AWADDR[8]                       ; input  ; 1.8-V        ; 1.8V           ; --           ; Y               ; no       ; Off          ;
; T7       ; 404        ; 3B       ; AWADDR[20]                      ; input  ; 1.8-V        ; 1.8V           ; --           ; Y               ; no       ; Off          ;
; T8       ; 403        ; 3B       ; ARADDR[14]                      ; input  ; 1.8-V        ; 1.8V           ; --           ; Y               ; no       ; Off          ;
; T9       ; 402        ; 3B       ; AWADDR[31]                      ; input  ; 1.8-V        ; 1.8V           ; --           ; Y               ; no       ; Off          ;
; T10      ;            ;          ; GND                             ; gnd    ;              ;                ; --           ;                 ; --       ; --           ;
; T11      ;            ; --       ; VCC                             ; power  ;              ; 0.9V           ; --           ;                 ; --       ; --           ;
; T12      ;            ;          ; GNDSENSE                        ;        ;              ;                ; --           ;                 ; --       ; --           ;
; T13      ;            ;          ; VCCLSENSE                       ;        ;              ;                ; --           ;                 ; --       ; --           ;
; T14      ;            ; --       ; VCC                             ; power  ;              ; 0.9V           ; --           ;                 ; --       ; --           ;
; T15      ;            ;          ; GND                             ; gnd    ;              ;                ; --           ;                 ; --       ; --           ;
; T16      ;            ; --       ; VCC                             ; power  ;              ; 0.9V           ; --           ;                 ; --       ; --           ;
; T17      ;            ; --       ; VCC                             ; power  ;              ; 0.9V           ; --           ;                 ; --       ; --           ;
; T18      ;            ; --       ; VCC                             ; power  ;              ; 0.9V           ; --           ;                 ; --       ; --           ;
; T19      ;            ; --       ; VCC                             ; power  ;              ; 0.9V           ; --           ;                 ; --       ; --           ;
; T20      ;            ;          ; GND                             ; gnd    ;              ;                ; --           ;                 ; --       ; --           ;
; T21      ;            ;          ; GND                             ; gnd    ;              ;                ; --           ;                 ; --       ; --           ;
; T22      ;            ; --       ; VCCH_GXBL                       ; gnd    ;              ; GND            ; --           ;                 ; --       ; --           ;
; T23      ;            ; --       ; VCCT_GXBL1C                     ; gnd    ;              ; GND            ; --           ;                 ; --       ; --           ;
; T24      ;            ; --       ; VCCT_GXBL1C                     ; gnd    ;              ; GND            ; --           ;                 ; --       ; --           ;
; T25      ; 88         ; 1C       ; GXB_GND*                        ;        ;              ;                ; --           ;                 ; --       ; --           ;
; T26      ; 89         ; 1C       ; GXB_GND*                        ;        ;              ;                ; --           ;                 ; --       ; --           ;
; T27      ;            ;          ; GND                             ; gnd    ;              ;                ; --           ;                 ; --       ; --           ;
; T28      ;            ;          ; GND                             ; gnd    ;              ;                ; --           ;                 ; --       ; --           ;
; U1       ; 438        ; 3B       ; ARADDR[13]                      ; input  ; 1.8-V        ; 1.8V           ; --           ; Y               ; no       ; Off          ;
; U2       ;            ;          ; GND                             ; gnd    ;              ;                ; --           ;                 ; --       ; --           ;
; U3       ; 437        ; 3B       ; ARADDR[11]                      ; input  ; 1.8-V        ; 1.8V           ; --           ; Y               ; no       ; Off          ;
; U4       ; 436        ; 3B       ; AWADDR[25]                      ; input  ; 1.8-V        ; 1.8V           ; --           ; Y               ; no       ; Off          ;
; U5       ; 408        ; 3B       ; ARADDR[25]                      ; input  ; 1.8-V        ; 1.8V           ; --           ; Y               ; no       ; Off          ;
; U6       ; 441        ; 3B       ; ARADDR[8]                       ; input  ; 1.8-V        ; 1.8V           ; --           ; Y               ; no       ; Off          ;
; U7       ;            ; 3B       ; VCCIO3B                         ; power  ;              ; 1.8V           ; --           ;                 ; --       ; --           ;
; U8       ; 411        ; 3B       ; AWADDR[15]                      ; input  ; 1.8-V        ; 1.8V           ; --           ; Y               ; no       ; Off          ;
; U9       ;            ; 3B       ; VREFB3BN0                       ; power  ;              ; GND            ; --           ;                 ; --       ; --           ;
; U10      ;            ; --       ; VCC                             ; power  ;              ; 0.9V           ; --           ;                 ; --       ; --           ;
; U11      ;            ; --       ; VCCP                            ; power  ;              ; 0.9V           ; --           ;                 ; --       ; --           ;
; U12      ;            ;          ; GND                             ; gnd    ;              ;                ; --           ;                 ; --       ; --           ;
; U13      ;            ; --       ; VCCP                            ; power  ;              ; 0.9V           ; --           ;                 ; --       ; --           ;
; U14      ;            ; --       ; VCC                             ; power  ;              ; 0.9V           ; --           ;                 ; --       ; --           ;
; U15      ;            ; --       ; VCC                             ; power  ;              ; 0.9V           ; --           ;                 ; --       ; --           ;
; U16      ;            ; --       ; VCCP                            ; power  ;              ; 0.9V           ; --           ;                 ; --       ; --           ;
; U17      ;            ;          ; GND                             ; gnd    ;              ;                ; --           ;                 ; --       ; --           ;
; U18      ;            ; --       ; VCC                             ; power  ;              ; 0.9V           ; --           ;                 ; --       ; --           ;
; U19      ;            ; --       ; VCC                             ; power  ;              ; 0.9V           ; --           ;                 ; --       ; --           ;
; U20      ;            ; --       ; VCC                             ; power  ;              ; 0.9V           ; --           ;                 ; --       ; --           ;
; U21      ;            ;          ; GND                             ; gnd    ;              ;                ; --           ;                 ; --       ; --           ;
; U22      ;            ;          ; GND                             ; gnd    ;              ;                ; --           ;                 ; --       ; --           ;
; U23      ; 85         ; 1C       ; GXB_GND*                        ;        ;              ;                ; --           ;                 ; --       ; --           ;
; U24      ; 84         ; 1C       ; GXB_GND*                        ;        ;              ;                ; --           ;                 ; --       ; --           ;
; U25      ;            ;          ; GND                             ; gnd    ;              ;                ; --           ;                 ; --       ; --           ;
; U26      ;            ;          ; GND                             ; gnd    ;              ;                ; --           ;                 ; --       ; --           ;
; U27      ; 86         ; 1C       ; GXB_NC                          ;        ;              ;                ; --           ;                 ; --       ; --           ;
; U28      ; 87         ; 1C       ; GXB_NC                          ;        ;              ;                ; --           ;                 ; --       ; --           ;
; V1       ; 439        ; 3B       ; ARADDR[29]                      ; input  ; 1.8-V        ; 1.8V           ; --           ; Y               ; no       ; Off          ;
; V2       ; 444        ; 3B       ; ARADDR[23]                      ; input  ; 1.8-V        ; 1.8V           ; --           ; Y               ; no       ; Off          ;
; V3       ; 446        ; 3B       ; AWADDR[14]                      ; input  ; 1.8-V        ; 1.8V           ; --           ; Y               ; no       ; Off          ;
; V4       ;            ; 3B       ; VCCIO3B                         ; power  ;              ; 1.8V           ; --           ;                 ; --       ; --           ;
; V5       ; 443        ; 3B       ; AWADDR[13]                      ; input  ; 1.8-V        ; 1.8V           ; --           ; Y               ; no       ; Off          ;
; V6       ; 442        ; 3B       ; AWADDR[29]                      ; input  ; 1.8-V        ; 1.8V           ; --           ; Y               ; no       ; Off          ;
; V7       ; 440        ; 3B       ; ARADDR[16]                      ; input  ; 1.8-V        ; 1.8V           ; --           ; Y               ; no       ; Off          ;
; V8       ; 410        ; 3B       ; AWADDR[23]                      ; input  ; 1.8-V        ; 1.8V           ; --           ; Y               ; no       ; Off          ;
; V9       ;            ;          ; GND                             ; gnd    ;              ;                ; --           ;                 ; --       ; --           ;
; V10      ;            ; --       ; VCC                             ; power  ;              ; 0.9V           ; --           ;                 ; --       ; --           ;
; V11      ;            ; --       ; VCC                             ; power  ;              ; 0.9V           ; --           ;                 ; --       ; --           ;
; V12      ;            ; --       ; VCCPT                           ; power  ;              ; 1.8V           ; --           ;                 ; --       ; --           ;
; V13      ;            ; --       ; VCC                             ; power  ;              ; 0.9V           ; --           ;                 ; --       ; --           ;
; V14      ;            ;          ; GND                             ; gnd    ;              ;                ; --           ;                 ; --       ; --           ;
; V15      ;            ; --       ; VCC                             ; power  ;              ; 0.9V           ; --           ;                 ; --       ; --           ;
; V16      ;            ; --       ; VCC                             ; power  ;              ; 0.9V           ; --           ;                 ; --       ; --           ;
; V17      ;            ; --       ; VCC                             ; power  ;              ; 0.9V           ; --           ;                 ; --       ; --           ;
; V18      ;            ; --       ; VCCPT                           ; power  ;              ; 1.8V           ; --           ;                 ; --       ; --           ;
; V19      ;            ;          ; GND                             ; gnd    ;              ;                ; --           ;                 ; --       ; --           ;
; V20      ;            ; --       ; VCC                             ; power  ;              ; 0.9V           ; --           ;                 ; --       ; --           ;
; V21      ;            ;          ; GND                             ; gnd    ;              ;                ; --           ;                 ; --       ; --           ;
; V22      ;            ;          ; GND                             ; gnd    ;              ;                ; --           ;                 ; --       ; --           ;
; V23      ;            ; --       ; VCCR_GXBL1C                     ; gnd    ;              ; GND            ; --           ;                 ; --       ; --           ;
; V24      ;            ; --       ; VCCR_GXBL1C                     ; gnd    ;              ; GND            ; --           ;                 ; --       ; --           ;
; V25      ; 92         ; 1C       ; GXB_GND*                        ;        ;              ;                ; --           ;                 ; --       ; --           ;
; V26      ; 93         ; 1C       ; GXB_GND*                        ;        ;              ;                ; --           ;                 ; --       ; --           ;
; V27      ;            ;          ; GND                             ; gnd    ;              ;                ; --           ;                 ; --       ; --           ;
; V28      ;            ;          ; GND                             ; gnd    ;              ;                ; --           ;                 ; --       ; --           ;
; W1       ;            ;          ; GND                             ; gnd    ;              ;                ; --           ;                 ; --       ; --           ;
; W2       ; 445        ; 3B       ; ARADDR[27]                      ; input  ; 1.8-V        ; 1.8V           ; --           ; Y               ; no       ; Off          ;
; W3       ; 447        ; 3B       ; ARADDR[15]                      ; input  ; 1.8-V        ; 1.8V           ; --           ; Y               ; no       ; Off          ;
; W4       ; 449        ; 3A       ; gpio_in[22]                     ; input  ; 1.8-V        ; 1.8V           ; --           ; Y               ; no       ; Off          ;
; W5       ; 455        ; 3A       ; gpio_in[8]                      ; input  ; 1.8-V        ; 1.8V           ; --           ; Y               ; no       ; Off          ;
; W6       ;            ; 3A       ; VCCIO3A                         ; power  ;              ; 1.8V           ; --           ;                 ; --       ; --           ;
; W7       ; 450        ; 3A       ; gpio_in[25]                     ; input  ; 1.8-V        ; 1.8V           ; --           ; Y               ; no       ; Off          ;
; W8       ; 451        ; 3A       ; WSTRB[3]                        ; input  ; 1.8-V        ; 1.8V           ; --           ; Y               ; no       ; Off          ;
; W9       ;            ; 3A       ; VREFB3AN0                       ; power  ;              ; GND            ; --           ;                 ; --       ; --           ;
; W10      ; 497        ; CSS      ; #TDO                            ; output ;              ;                ; --           ;                 ; --       ; --           ;
; W11      ;            ;          ; GND                             ; gnd    ;              ;                ; --           ;                 ; --       ; --           ;
; W12      ;            ; --       ; VCC                             ; power  ;              ; 0.9V           ; --           ;                 ; --       ; --           ;
; W13      ;            ; --       ; VCCBAT                          ; power  ;              ; 1.8V           ; --           ;                 ; --       ; --           ;
; W14      ;            ; --       ; VCCPGM                          ; power  ;              ; 1.2V/1.5V/1.8V ; --           ;                 ; --       ; --           ;
; W15      ;            ; 2A       ; VREFB2AN0                       ; power  ;              ; GND            ; --           ;                 ; --       ; --           ;
; W16      ;            ;          ; GND                             ; gnd    ;              ;                ; --           ;                 ; --       ; --           ;
; W17      ;            ; 2J       ; VREFB2JN0                       ; power  ;              ; GND            ; --           ;                 ; --       ; --           ;
; W18      ;            ; --       ; VCC                             ; power  ;              ; 0.9V           ; --           ;                 ; --       ; --           ;
; W19      ;            ; --       ; VCC                             ; power  ;              ; 0.9V           ; --           ;                 ; --       ; --           ;
; W20      ; 223        ; 2J       ; WDATA[4]                        ; input  ; 1.8-V        ; 1.8V           ; --           ; Y               ; no       ; Off          ;
; W21      ; 222        ; 2J       ; ARADDR[5]                       ; input  ; 1.8-V        ; 1.8V           ; --           ; Y               ; no       ; Off          ;
; W22      ;            ;          ; GND                             ; gnd    ;              ;                ; --           ;                 ; --       ; --           ;
; W23      ; 111        ; 1C       ; GXB_GND*                        ;        ;              ;                ; --           ;                 ; --       ; --           ;
; W24      ; 110        ; 1C       ; GXB_GND*                        ;        ;              ;                ; --           ;                 ; --       ; --           ;
; W25      ;            ;          ; GND                             ; gnd    ;              ;                ; --           ;                 ; --       ; --           ;
; W26      ;            ;          ; GND                             ; gnd    ;              ;                ; --           ;                 ; --       ; --           ;
; W27      ; 90         ; 1C       ; GXB_NC                          ;        ;              ;                ; --           ;                 ; --       ; --           ;
; W28      ; 91         ; 1C       ; GXB_NC                          ;        ;              ;                ; --           ;                 ; --       ; --           ;
; Y1       ; 457        ; 3A       ; gpio_in[16]                     ; input  ; 1.8-V        ; 1.8V           ; --           ; Y               ; no       ; Off          ;
; Y2       ; 456        ; 3A       ; WSTRB[0]                        ; input  ; 1.8-V        ; 1.8V           ; --           ; Y               ; no       ; Off          ;
; Y3       ;            ;          ; GND                             ; gnd    ;              ;                ; --           ;                 ; --       ; --           ;
; Y4       ; 448        ; 3A       ; gpio_in[23]                     ; input  ; 1.8-V        ; 1.8V           ; --           ; Y               ; no       ; Off          ;
; Y5       ; 454        ; 3A       ; gpio_in[0]                      ; input  ; 1.8-V        ; 1.8V           ; --           ; Y               ; no       ; Off          ;
; Y6       ; 452        ; 3A       ; gpio_in[6]                      ; input  ; 1.8-V        ; 1.8V           ; --           ; Y               ; no       ; Off          ;
; Y7       ; 453        ; 3A       ; gpio_in[28]                     ; input  ; 1.8-V        ; 1.8V           ; --           ; Y               ; no       ; Off          ;
; Y8       ;            ; 3A       ; VCCIO3A                         ; power  ;              ; 1.8V           ; --           ;                 ; --       ; --           ;
; Y9       ; 500        ; CSS      ; #TCK                            ; input  ;              ;                ; --           ;                 ; --       ; --           ;
; Y10      ;            ;          ; DNU                             ;        ;              ;                ; --           ;                 ; --       ; --           ;
; Y11      ;            ;          ; DNU                             ;        ;              ;                ; --           ;                 ; --       ; --           ;
; Y12      ;            ;          ; DNU                             ;        ;              ;                ; --           ;                 ; --       ; --           ;
; Y13      ;            ;          ; GND                             ; gnd    ;              ;                ; --           ;                 ; --       ; --           ;
; Y14      ;            ; --       ; VCCPGM                          ; power  ;              ; 1.2V/1.5V/1.8V ; --           ;                 ; --       ; --           ;
; Y15      ; 290        ; 2A       ; gpio_out[20]                    ; output ; 1.8-V        ; 1.8V           ; --           ; Y               ; no       ; Off          ;
; Y16      ; 291        ; 2A       ; gpio_oe[11]                     ; output ; 1.8-V        ; 1.8V           ; --           ; Y               ; no       ; Off          ;
; Y17      ; 226        ; 2J       ; AWADDR[7]                       ; input  ; 1.8-V        ; 1.8V           ; --           ; Y               ; no       ; Off          ;
; Y18      ;            ; 2J       ; VCCIO2J                         ; power  ;              ; 1.8V           ; --           ;                 ; --       ; --           ;
; Y19      ; 228        ; 2J       ; WDATA[22]                       ; input  ; 1.8-V        ; 1.8V           ; --           ; Y               ; no       ; Off          ;
; Y20      ; 229        ; 2J       ; WDATA[28]                       ; input  ; 1.8-V        ; 1.8V           ; --           ; Y               ; no       ; Off          ;
; Y21      ; 220        ; 2J       ; ARADDR[0]                       ; input  ; 1.8-V        ; 1.8V           ; --           ; Y               ; no       ; Off          ;
; Y22      ;            ;          ; GND                             ; gnd    ;              ;                ; --           ;                 ; --       ; --           ;
; Y23      ;            ;          ; GND                             ; gnd    ;              ;                ; --           ;                 ; --       ; --           ;
; Y24      ;            ;          ; GND                             ; gnd    ;              ;                ; --           ;                 ; --       ; --           ;
; Y25      ; 96         ; 1C       ; GXB_GND*                        ;        ;              ;                ; --           ;                 ; --       ; --           ;
; Y26      ; 97         ; 1C       ; GXB_GND*                        ;        ;              ;                ; --           ;                 ; --       ; --           ;
; Y27      ;            ;          ; GND                             ; gnd    ;              ;                ; --           ;                 ; --       ; --           ;
; Y28      ;            ;          ; GND                             ; gnd    ;              ;                ; --           ;                 ; --       ; --           ;
+----------+------------+----------+---------------------------------+--------+--------------+----------------+--------------+-----------------+----------+--------------+
Note: Pin directions (input, output or bidir) are based on device operating in user mode.


+------------------------------------------------------------------------------------------------------------------+
; I/O Assignment Warnings                                                                                          ;
+---------------+--------------------------------------------------------------------------------------------------+
; Pin Name      ; Reason                                                                                           ;
+---------------+--------------------------------------------------------------------------------------------------+
; AWREADY       ; Missing drive strength and slew rate on output pin, a default slew rate value of 1 has been used ;
; WREADY        ; Missing drive strength and slew rate on output pin, a default slew rate value of 1 has been used ;
; BRESP[0]      ; Missing drive strength and slew rate on output pin, a default slew rate value of 1 has been used ;
; BRESP[1]      ; Missing drive strength and slew rate on output pin, a default slew rate value of 1 has been used ;
; BVALID        ; Missing drive strength and slew rate on output pin, a default slew rate value of 1 has been used ;
; ARREADY       ; Missing drive strength and slew rate on output pin, a default slew rate value of 1 has been used ;
; RDATA[0]      ; Missing drive strength and slew rate on output pin, a default slew rate value of 1 has been used ;
; RDATA[1]      ; Missing drive strength and slew rate on output pin, a default slew rate value of 1 has been used ;
; RDATA[2]      ; Missing drive strength and slew rate on output pin, a default slew rate value of 1 has been used ;
; RDATA[3]      ; Missing drive strength and slew rate on output pin, a default slew rate value of 1 has been used ;
; RDATA[4]      ; Missing drive strength and slew rate on output pin, a default slew rate value of 1 has been used ;
; RDATA[5]      ; Missing drive strength and slew rate on output pin, a default slew rate value of 1 has been used ;
; RDATA[6]      ; Missing drive strength and slew rate on output pin, a default slew rate value of 1 has been used ;
; RDATA[7]      ; Missing drive strength and slew rate on output pin, a default slew rate value of 1 has been used ;
; RDATA[8]      ; Missing drive strength and slew rate on output pin, a default slew rate value of 1 has been used ;
; RDATA[9]      ; Missing drive strength and slew rate on output pin, a default slew rate value of 1 has been used ;
; RDATA[10]     ; Missing drive strength and slew rate on output pin, a default slew rate value of 1 has been used ;
; RDATA[11]     ; Missing drive strength and slew rate on output pin, a default slew rate value of 1 has been used ;
; RDATA[12]     ; Missing drive strength and slew rate on output pin, a default slew rate value of 1 has been used ;
; RDATA[13]     ; Missing drive strength and slew rate on output pin, a default slew rate value of 1 has been used ;
; RDATA[14]     ; Missing drive strength and slew rate on output pin, a default slew rate value of 1 has been used ;
; RDATA[15]     ; Missing drive strength and slew rate on output pin, a default slew rate value of 1 has been used ;
; RDATA[16]     ; Missing drive strength and slew rate on output pin, a default slew rate value of 1 has been used ;
; RDATA[17]     ; Missing drive strength and slew rate on output pin, a default slew rate value of 1 has been used ;
; RDATA[18]     ; Missing drive strength and slew rate on output pin, a default slew rate value of 1 has been used ;
; RDATA[19]     ; Missing drive strength and slew rate on output pin, a default slew rate value of 1 has been used ;
; RDATA[20]     ; Missing drive strength and slew rate on output pin, a default slew rate value of 1 has been used ;
; RDATA[21]     ; Missing drive strength and slew rate on output pin, a default slew rate value of 1 has been used ;
; RDATA[22]     ; Missing drive strength and slew rate on output pin, a default slew rate value of 1 has been used ;
; RDATA[23]     ; Missing drive strength and slew rate on output pin, a default slew rate value of 1 has been used ;
; RDATA[24]     ; Missing drive strength and slew rate on output pin, a default slew rate value of 1 has been used ;
; RDATA[25]     ; Missing drive strength and slew rate on output pin, a default slew rate value of 1 has been used ;
; RDATA[26]     ; Missing drive strength and slew rate on output pin, a default slew rate value of 1 has been used ;
; RDATA[27]     ; Missing drive strength and slew rate on output pin, a default slew rate value of 1 has been used ;
; RDATA[28]     ; Missing drive strength and slew rate on output pin, a default slew rate value of 1 has been used ;
; RDATA[29]     ; Missing drive strength and slew rate on output pin, a default slew rate value of 1 has been used ;
; RDATA[30]     ; Missing drive strength and slew rate on output pin, a default slew rate value of 1 has been used ;
; RDATA[31]     ; Missing drive strength and slew rate on output pin, a default slew rate value of 1 has been used ;
; RRESP[0]      ; Missing drive strength and slew rate on output pin, a default slew rate value of 1 has been used ;
; RRESP[1]      ; Missing drive strength and slew rate on output pin, a default slew rate value of 1 has been used ;
; RVALID        ; Missing drive strength and slew rate on output pin, a default slew rate value of 1 has been used ;
; gpio_out[0]   ; Missing drive strength and slew rate on output pin, a default slew rate value of 1 has been used ;
; gpio_out[1]   ; Missing drive strength and slew rate on output pin, a default slew rate value of 1 has been used ;
; gpio_out[2]   ; Missing drive strength and slew rate on output pin, a default slew rate value of 1 has been used ;
; gpio_out[3]   ; Missing drive strength and slew rate on output pin, a default slew rate value of 1 has been used ;
; gpio_out[4]   ; Missing drive strength and slew rate on output pin, a default slew rate value of 1 has been used ;
; gpio_out[5]   ; Missing drive strength and slew rate on output pin, a default slew rate value of 1 has been used ;
; gpio_out[6]   ; Missing drive strength and slew rate on output pin, a default slew rate value of 1 has been used ;
; gpio_out[7]   ; Missing drive strength and slew rate on output pin, a default slew rate value of 1 has been used ;
; gpio_out[8]   ; Missing drive strength and slew rate on output pin, a default slew rate value of 1 has been used ;
; gpio_out[9]   ; Missing drive strength and slew rate on output pin, a default slew rate value of 1 has been used ;
; gpio_out[10]  ; Missing drive strength and slew rate on output pin, a default slew rate value of 1 has been used ;
; gpio_out[11]  ; Missing drive strength and slew rate on output pin, a default slew rate value of 1 has been used ;
; gpio_out[12]  ; Missing drive strength and slew rate on output pin, a default slew rate value of 1 has been used ;
; gpio_out[13]  ; Missing drive strength and slew rate on output pin, a default slew rate value of 1 has been used ;
; gpio_out[14]  ; Missing drive strength and slew rate on output pin, a default slew rate value of 1 has been used ;
; gpio_out[15]  ; Missing drive strength and slew rate on output pin, a default slew rate value of 1 has been used ;
; gpio_out[16]  ; Missing drive strength and slew rate on output pin, a default slew rate value of 1 has been used ;
; gpio_out[17]  ; Missing drive strength and slew rate on output pin, a default slew rate value of 1 has been used ;
; gpio_out[18]  ; Missing drive strength and slew rate on output pin, a default slew rate value of 1 has been used ;
; gpio_out[19]  ; Missing drive strength and slew rate on output pin, a default slew rate value of 1 has been used ;
; gpio_out[20]  ; Missing drive strength and slew rate on output pin, a default slew rate value of 1 has been used ;
; gpio_out[21]  ; Missing drive strength and slew rate on output pin, a default slew rate value of 1 has been used ;
; gpio_out[22]  ; Missing drive strength and slew rate on output pin, a default slew rate value of 1 has been used ;
; gpio_out[23]  ; Missing drive strength and slew rate on output pin, a default slew rate value of 1 has been used ;
; gpio_out[24]  ; Missing drive strength and slew rate on output pin, a default slew rate value of 1 has been used ;
; gpio_out[25]  ; Missing drive strength and slew rate on output pin, a default slew rate value of 1 has been used ;
; gpio_out[26]  ; Missing drive strength and slew rate on output pin, a default slew rate value of 1 has been used ;
; gpio_out[27]  ; Missing drive strength and slew rate on output pin, a default slew rate value of 1 has been used ;
; gpio_out[28]  ; Missing drive strength and slew rate on output pin, a default slew rate value of 1 has been used ;
; gpio_out[29]  ; Missing drive strength and slew rate on output pin, a default slew rate value of 1 has been used ;
; gpio_out[30]  ; Missing drive strength and slew rate on output pin, a default slew rate value of 1 has been used ;
; gpio_out[31]  ; Missing drive strength and slew rate on output pin, a default slew rate value of 1 has been used ;
; gpio_oe[0]    ; Missing drive strength and slew rate on output pin, a default slew rate value of 1 has been used ;
; gpio_oe[1]    ; Missing drive strength and slew rate on output pin, a default slew rate value of 1 has been used ;
; gpio_oe[2]    ; Missing drive strength and slew rate on output pin, a default slew rate value of 1 has been used ;
; gpio_oe[3]    ; Missing drive strength and slew rate on output pin, a default slew rate value of 1 has been used ;
; gpio_oe[4]    ; Missing drive strength and slew rate on output pin, a default slew rate value of 1 has been used ;
; gpio_oe[5]    ; Missing drive strength and slew rate on output pin, a default slew rate value of 1 has been used ;
; gpio_oe[6]    ; Missing drive strength and slew rate on output pin, a default slew rate value of 1 has been used ;
; gpio_oe[7]    ; Missing drive strength and slew rate on output pin, a default slew rate value of 1 has been used ;
; gpio_oe[8]    ; Missing drive strength and slew rate on output pin, a default slew rate value of 1 has been used ;
; gpio_oe[9]    ; Missing drive strength and slew rate on output pin, a default slew rate value of 1 has been used ;
; gpio_oe[10]   ; Missing drive strength and slew rate on output pin, a default slew rate value of 1 has been used ;
; gpio_oe[11]   ; Missing drive strength and slew rate on output pin, a default slew rate value of 1 has been used ;
; gpio_oe[12]   ; Missing drive strength and slew rate on output pin, a default slew rate value of 1 has been used ;
; gpio_oe[13]   ; Missing drive strength and slew rate on output pin, a default slew rate value of 1 has been used ;
; gpio_oe[14]   ; Missing drive strength and slew rate on output pin, a default slew rate value of 1 has been used ;
; gpio_oe[15]   ; Missing drive strength and slew rate on output pin, a default slew rate value of 1 has been used ;
; gpio_oe[16]   ; Missing drive strength and slew rate on output pin, a default slew rate value of 1 has been used ;
; gpio_oe[17]   ; Missing drive strength and slew rate on output pin, a default slew rate value of 1 has been used ;
; gpio_oe[18]   ; Missing drive strength and slew rate on output pin, a default slew rate value of 1 has been used ;
; gpio_oe[19]   ; Missing drive strength and slew rate on output pin, a default slew rate value of 1 has been used ;
; gpio_oe[20]   ; Missing drive strength and slew rate on output pin, a default slew rate value of 1 has been used ;
; gpio_oe[21]   ; Missing drive strength and slew rate on output pin, a default slew rate value of 1 has been used ;
; gpio_oe[22]   ; Missing drive strength and slew rate on output pin, a default slew rate value of 1 has been used ;
; gpio_oe[23]   ; Missing drive strength and slew rate on output pin, a default slew rate value of 1 has been used ;
; gpio_oe[24]   ; Missing drive strength and slew rate on output pin, a default slew rate value of 1 has been used ;
; gpio_oe[25]   ; Missing drive strength and slew rate on output pin, a default slew rate value of 1 has been used ;
; gpio_oe[26]   ; Missing drive strength and slew rate on output pin, a default slew rate value of 1 has been used ;
; gpio_oe[27]   ; Missing drive strength and slew rate on output pin, a default slew rate value of 1 has been used ;
; gpio_oe[28]   ; Missing drive strength and slew rate on output pin, a default slew rate value of 1 has been used ;
; gpio_oe[29]   ; Missing drive strength and slew rate on output pin, a default slew rate value of 1 has been used ;
; gpio_oe[30]   ; Missing drive strength and slew rate on output pin, a default slew rate value of 1 has been used ;
; gpio_oe[31]   ; Missing drive strength and slew rate on output pin, a default slew rate value of 1 has been used ;
; combined_irq  ; Missing drive strength and slew rate on output pin, a default slew rate value of 1 has been used ;
; irq_status[0] ; Missing drive strength and slew rate on output pin, a default slew rate value of 1 has been used ;
; irq_status[1] ; Missing drive strength and slew rate on output pin, a default slew rate value of 1 has been used ;
; irq_status[2] ; Missing drive strength and slew rate on output pin, a default slew rate value of 1 has been used ;
+---------------+--------------------------------------------------------------------------------------------------+


+------------------------------------------------------------------------+
; Control Signals                                                        ;
+----------------------------------+------------+---------+--------------+
; Name                             ; Location   ; Fan-Out ; Usage        ;
+----------------------------------+------------+---------+--------------+
; ACLK                             ; PIN_AA7    ; 708     ; Clock        ;
; ARESETn                          ; PIN_AA6    ; 5       ; Clock enable ;
; ARESETn                          ; PIN_AA6    ; 570     ; Async. clear ;
; dut|fifo1|control[31]~0          ; Unassigned ; 32      ; Clock enable ;
; dut|fifo1|i13                    ; Unassigned ; 10      ; Sync. load   ;
; dut|fifo1|i164                   ; Unassigned ; 31      ; Sync. load   ;
; dut|fifo1|i382~20                ; Unassigned ; 23      ; Sync. clear  ;
; dut|fifo1|i448~2                 ; Unassigned ; 9       ; Clock enable ;
; dut|fifo1|i618~0                 ; Unassigned ; 33      ; Write enable ;
; dut|fifo1|memory~70              ; Unassigned ; 32      ; Clock enable ;
; dut|fifo1|prdata[0]~3            ; Unassigned ; 32      ; Clock enable ;
; dut|fifo1|rptr[7]~2              ; Unassigned ; 49      ; Clock enable ;
; dut|fifo1|thresh[7]~0            ; Unassigned ; 9       ; Clock enable ;
; dut|fifo1|wptr[6]~2              ; Unassigned ; 8       ; Clock enable ;
; dut|gpio1|data_out_reg[30]~0     ; Unassigned ; 32      ; Clock enable ;
; dut|gpio1|direction[31]~0        ; Unassigned ; 32      ; Clock enable ;
; dut|gpio1|int_en_reg[31]~0       ; Unassigned ; 32      ; Clock enable ;
; dut|gpio1|int_polarity_reg[31]~0 ; Unassigned ; 32      ; Clock enable ;
; dut|gpio1|int_type_reg[31]~0     ; Unassigned ; 32      ; Clock enable ;
; dut|timer1|i332~0                ; Unassigned ; 32      ; Sync. load   ;
; dut|timer1|i607~0                ; Unassigned ; 32      ; Sync. load   ;
; dut|timer1|i607~1                ; Unassigned ; 32      ; Clock enable ;
; dut|timer1|i642~0                ; Unassigned ; 32      ; Clock enable ;
; dut|timer1|reg_control[31]~0     ; Unassigned ; 32      ; Clock enable ;
; dut|timer1|reg_load[30]~0        ; Unassigned ; 32      ; Clock enable ;
; dut|timer1|reg_prescalar[31]~0   ; Unassigned ; 32      ; Clock enable ;
; dut|wrapper|Select_34~14         ; Unassigned ; 31      ; Sync. clear  ;
; dut|wrapper|axiif.RDATA[0]~1     ; Unassigned ; 1       ; Clock enable ;
; dut|wrapper|axiif.RDATA[1]~0     ; Unassigned ; 31      ; Clock enable ;
; dut|wrapper|axiif.RVALID~0       ; Unassigned ; 3       ; Clock enable ;
; dut|wrapper|i327~1               ; Unassigned ; 33      ; Sync. load   ;
; dut|wrapper|i327~2               ; Unassigned ; 32      ; Clock enable ;
; dut|wrapper|i367~2               ; Unassigned ; 3       ; Clock enable ;
; dut|wrapper|i46                  ; Unassigned ; 34      ; Clock enable ;
; dut|wrapper|write_state.w_req    ; Unassigned ; 11      ; Clock enable ;
+----------------------------------+------------+---------+--------------+


+------------------------------------------------------------------------------------+
; Global & Other Fast Signals Summary                                                ;
+---------+----------+---------+-------------+----------------+----------------------+
; Name    ; Location ; Fan-Out ; Signal Type ; Promotion Type ; Global Resource Used ;
+---------+----------+---------+-------------+----------------+----------------------+
; ACLK    ; PIN_AA7  ; 708     ; Global      ; Automatic      ; Global Clock Region  ;
; ARESETn ; PIN_AA6  ; 570     ; Global      ; Automatic      ; Global Clock Region  ;
+---------+----------+---------+-------------+----------------+----------------------+


+---------------------------------------------------------------+
; Global & Other Fast Signals Details                           ;
+----------------------------------------+----------------------+
; Property                               ; Value                ;
+----------------------------------------+----------------------+
; Name                                   ; ACLK                 ;
;     -- Source Type                     ; I/O pad              ;
;     -- Source Location                 ; PIN_AA7              ;
;     -- Fan-Out                         ; 708                  ;
;     -- Promotion Type                  ; Automatic Promotion  ;
;     -- Global Buffer                   ; ACLK~inputCLKENA0    ;
;     -- Global Buffer Location          ; CLKCTRL_3A_G_I22     ;
;     -- Global Signal Type              ; Global               ;
;     -- Region Drivable by Buffer       ; Global Clock Region  ;
;     -- Bounding Box Drivable by Buffer ; (0, 0) to (102, 115) ;
;     -- Clock Region Line               ; 22                   ;
;                                        ;                      ;
; Name                                   ; ARESETn              ;
;     -- Source Type                     ; I/O pad              ;
;     -- Source Location                 ; PIN_AA6              ;
;     -- Fan-Out                         ; 570                  ;
;     -- Promotion Type                  ; Automatic Promotion  ;
;     -- Global Buffer                   ; ARESETn~inputCLKENA0 ;
;     -- Global Buffer Location          ; CLKCTRL_3A_G_I23     ;
;     -- Global Signal Type              ; Global               ;
;     -- Region Drivable by Buffer       ; Global Clock Region  ;
;     -- Bounding Box Drivable by Buffer ; (0, 0) to (102, 115) ;
;     -- Clock Region Line               ; 23                   ;
+----------------------------------------+----------------------+


+----------------------------------------------------------------------------------------------------------------------------------------------------------------------------------------------------------------------------------------------------------------------------------------------------------------------------------------------------------------------------------------------------------------------------------------------------------------------------------------------------------------------------------------------------------------------------------------------------------------------------------------------------------------+
; Fitter RAM Summary                                                                                                                                                                                                                                                                                                                                                                                                                                                                                                                                                                                                                                             ;
+--------------------------------------------------+------+------------------+--------------+--------------+--------------+--------------+--------------+------------------------+-------------------------+------------------------+-------------------------+--------------+-----------------------------+-----------------------------+-----------------------------+-----------------------------+---------------------+-------------+-------+------+-----------------+---------------------+-----------------+-----------------+----------+------------------------+------------------+---------------------------------------------------------------------+
; Name                                             ; Type ; Mode             ; Clock Mode   ; Port A Depth ; Port A Width ; Port B Depth ; Port B Width ; Port A Input Registers ; Port A Output Registers ; Port B Input Registers ; Port B Output Registers ; Logical Size ; Implementation Port A Depth ; Implementation Port A Width ; Implementation Port B Depth ; Implementation Port B Width ; Implementation Bits ; M20K blocks ; MLABs ; MIF  ; Location        ; Mixed Port RDW Mode ; Port A RDW Mode ; Port B RDW Mode ; ECC Mode ; ECC Pipeline Registers ; Performance Mode ; Fits in MLABs                                                       ;
+--------------------------------------------------+------+------------------+--------------+--------------+--------------+--------------+--------------+------------------------+-------------------------+------------------------+-------------------------+--------------+-----------------------------+-----------------------------+-----------------------------+-----------------------------+---------------------+-------------+-------+------+-----------------+---------------------+-----------------+-----------------+----------+------------------------+------------------+---------------------------------------------------------------------+
; dut|fifo1|memory_rtl_0|auto_generated|ALTSYNCRAM ; M20K ; Simple Dual Port ; Single Clock ; 256          ; 32           ; 256          ; 32           ; yes                    ; no                      ; yes                    ; no                      ; 8192         ; 256                         ; 32                          ; 256                         ; 32                          ; 8192                ; 1.000       ; 0.000 ; None ; M20K_X30_Y38_N0 ; Old data            ; New data        ; New data        ; Off      ; No                     ;                  ; No - Unsupported Mixed Feed Through Setting in Auto MLAB Conversion ;
+--------------------------------------------------+------+------------------+--------------+--------------+--------------+--------------+--------------+------------------------+-------------------------+------------------------+-------------------------+--------------+-----------------------------+-----------------------------+-----------------------------+-----------------------------+---------------------+-------------+-------+------+-----------------+---------------------+-----------------+-----------------+----------+------------------------+------------------+---------------------------------------------------------------------+
Note: Fitter may spread logical memories into multiple blocks to improve timing. The actual required RAM blocks can be found in the Fitter Resource Usage section.


+------------------------------------------------------------------------------------------------------------------------------------+
; Fitter Physical RAM Information                                                                                                    ;
+-----------------------+-------------------------+-------------------------------+--------------------------------------------------+
; Physical RAM Location ; Physical RAM Usage Bits ; Physical RAM Usage Percentage ; Logical RAM Name                                 ;
+-----------------------+-------------------------+-------------------------------+--------------------------------------------------+
; M20K_X30_Y38_N0       ; 8192                    ; 40.0                          ; dut|fifo1|memory_rtl_0|auto_generated|ALTSYNCRAM ;
+-----------------------+-------------------------+-------------------------------+--------------------------------------------------+
Note: This table shows up to 500 physical rams that are least utilized. You can change this number by setting PHYSICAL_RAM_RPT_MAX_ROW in qsf file.


+--------------------------------------------------------------------------------------------+
; Fitter Resource Usage Summary                                                              ;
+-------------------------------------------------------------+----------------------+-------+
; Resource                                                    ; Usage                ; %     ;
+-------------------------------------------------------------+----------------------+-------+
; Usage Report Generated after: Finalize                      ;                      ;       ;
;                                                             ;                      ;       ;
; Logic utilization (ALMs needed / total ALMs on device)      ; 499 / 80,330         ; < 1 % ;
; ALMs needed [=A-B+C]                                        ; 499                  ;       ;
;     [A] ALMs used in final placement [=a+b+c+d]             ; 545 / 80,330         ; < 1 % ;
;         [a] ALMs used for LUT logic and registers           ; 222                  ;       ;
;         [b] ALMs used for LUT logic                         ; 238                  ;       ;
;         [c] ALMs used for registers                         ; 85                   ;       ;
;         [d] ALMs used for memory (up to half of total ALMs) ; 0                    ;       ;
;     [B] Estimate of ALMs recoverable by dense packing       ; 48 / 80,330          ; < 1 % ;
;     [C] Estimate of ALMs unavailable [=a+b+c+d]             ; 2 / 80,330           ; < 1 % ;
;         [a] Due to location constrained logic               ; 0                    ;       ;
;         [b] Due to LAB-wide signal conflicts                ; 1                    ;       ;
;         [c] Due to LAB input limits                         ; 1                    ;       ;
;         [d] Due to virtual I/Os                             ; 0                    ;       ;
;                                                             ;                      ;       ;
; Difficulty packing design                                   ; Low                  ;       ;
;                                                             ;                      ;       ;
; Total LABs:  partially or completely used                   ; 64 / 8,033           ; < 1 % ;
;     -- Logic LABs                                           ; 64                   ;       ;
;     -- Memory LABs (up to half of total LABs)               ; 0                    ;       ;
;                                                             ;                      ;       ;
; Combinational ALUT usage for logic                          ; 705                  ;       ;
;     -- 7 input functions                                    ; 33                   ;       ;
;     -- 6 input functions                                    ; 307                  ;       ;
;     -- 5 input functions                                    ; 60                   ;       ;
;     -- 4 input functions                                    ; 41                   ;       ;
;     -- <=3 input functions                                  ; 264                  ;       ;
; Combinational ALUT usage for route-throughs                 ; 105                  ;       ;
;                                                             ;                      ;       ;
; Dedicated logic registers                                   ; 699                  ;       ;
;     -- By type:                                             ;                      ;       ;
;         -- Primary logic registers                          ; 612 / 160,660        ; < 1 % ;
;         -- Secondary logic registers                        ; 87 / 160,660         ; < 1 % ;
;     -- By function:                                         ;                      ;       ;
;         -- Design implementation registers                  ; 699                  ;       ;
;         -- Routing optimization registers                   ; 0                    ;       ;
;                                                             ;                      ;       ;
; ALMs adjustment for power estimation                        ; 25                   ;       ;
;                                                             ;                      ;       ;
; Virtual pins                                                ; 0                    ;       ;
; I/O pins                                                    ; 248 / 340            ; 73 %  ;
;     -- Clock pins                                           ; 10 / 16              ; 63 %  ;
;     -- Dedicated input pins                                 ; 0 / 35               ; 0 %   ;
;                                                             ;                      ;       ;
; M20K blocks                                                 ; 1 / 587              ; < 1 % ;
; Total MLAB memory bits                                      ; 0                    ;       ;
; Total block memory bits                                     ; 8,192 / 12,021,760   ; < 1 % ;
;                                                             ;                      ;       ;
; DSP Blocks Needed [=A+B+C-D]                                ; 0 / 192              ; 0 %   ;
;     [A] Total Fixed Point DSP Blocks                        ; 0                    ;       ;
;     [B] Total Floating Point DSP Blocks                     ; 0                    ;       ;
;     [C] Total DSP_PRIME Blocks                              ; 0                    ;       ;
;     [D] Estimate of DSP Blocks recoverable by dense merging ; 0                    ;       ;
;                                                             ;                      ;       ;
; IOPLLs                                                      ; 0 / 6                ; 0 %   ;
; FPLLs                                                       ; 0 / 4                ; 0 %   ;
; Global signals                                              ; 2                    ;       ;
;     -- Global clocks                                        ; 2 / 32               ; 6 %   ;
;     -- Regional clocks                                      ; 0 / 8                ; 0 %   ;
;     -- Periphery clocks                                     ; 0 / 144              ; 0 %   ;
; JTAGs                                                       ; 0 / 1                ; 0 %   ;
; ASMI blocks                                                 ; 0 / 1                ; 0 %   ;
; CRC blocks                                                  ; 0 / 1                ; 0 %   ;
; Remote update blocks                                        ; 0 / 1                ; 0 %   ;
; Oscillator blocks                                           ; 0 / 1                ; 0 %   ;
; PCIe Hard IPs                                               ; 0 / 1                ; 0 %   ;
; HSSI RX PCSs                                                ; 0 / 12               ; 0 %   ;
; HSSI PMA RX DESERs                                          ; 0 / 12               ; 0 %   ;
; HSSI TX PCSs                                                ; 0 / 12               ; 0 %   ;
; HSSI PMA TX SERs                                            ; 0 / 12               ; 0 %   ;
; HSSI CDR PLL                                                ; 0 / 12               ; 0 %   ;
;     -- CDR PLLs for Unused RX Clock Workaround              ; 0 / 12               ; 0 %   ;
; HSSI ATX PLL                                                ; 0 / 4                ; 0 %   ;
; Impedance control blocks                                    ; 0 / 7                ; 0 %   ;
; Average interconnect usage (total/H/V)                      ; 3.6% / 4.8% / 1.7%   ;       ;
; Peak interconnect usage (total/H/V)                         ; 10.8% / 14.4% / 9.0% ;       ;
; Maximum fan-out                                             ; 731                  ;       ;
; Highest non-global fan-out                                  ; 135                  ;       ;
; Total fan-out                                               ; 7291                 ;       ;
; Average fan-out                                             ; 3.34                 ;       ;
+-------------------------------------------------------------+----------------------+-------+
The Fitter Resource Usage Summary report displays a detailed analysis of logic utilization based on calculations of ALM usage. Refer to <a class="xref" href="https://www.intel.com/content/www/us/en/programmable/quartushelp/current/index.htm#mapIdTopics/mwh1465496451103.htm" target="_blank">Fitter Resource Usage Summary Report</a> in the <i>Intel® Quartus® Prime Pro Edition Help</i> for more information.


+-------------------------------------------------------------------------------------------------------------------------------------------------------------------------------------------------------------------------------------------------------------------------------------------------------------------------------------------------------------------------------------------------------------------------------------------------------------------------------------------------------------------------------------+
; Fitter Resource Utilization by Entity                                                                                                                                                                                                                                                                                                                                                                                                                                                                                               ;
+------------------------------+----------------------+----------------------------------+---------------------------------------------------+----------------------------------+----------------------+---------------------+---------------------------+---------------+-------------------+-------+--------------------------+----------------------------------------+---------------------------------------------------+------+--------------+--------+---------------------------------------+------------------+--------------+
; Compilation Hierarchy Node   ; ALMs needed [=A-B+C] ; [A] ALMs used in final placement ; [B] Estimate of ALMs recoverable by dense packing ; [C] Estimate of ALMs unavailable ; ALMs used for memory ; Combinational ALUTs ; Dedicated Logic Registers ; I/O Registers ; Block Memory Bits ; M20Ks ; DSP Blocks needed [=A-B] ; [A] DSP Blocks used in final placement ; [B] Estimate of DSPs recoverable by dense merging ; Pins ; Virtual Pins ; IOPLLs ; Full Hierarchy Name                   ; Entity Name      ; Library Name ;
+------------------------------+----------------------+----------------------------------+---------------------------------------------------+----------------------------------+----------------------+---------------------+---------------------------+---------------+-------------------+-------+--------------------------+----------------------------------------+---------------------------------------------------+------+--------------+--------+---------------------------------------+------------------+--------------+
; |                            ; 498.5 (1.0)          ; 543.5 (0.5)                      ; 46.5 (0.0)                                        ; 1.5 (0.5)                        ; 0.0 (0.0)            ; 705 (1)             ; 699 (0)                   ; 0 (0)         ; 8192              ; 1     ; 0                        ; 0                                      ; 0                                                 ; 496  ; 0            ; 0 (0)  ; |                                     ; fpga_top         ; altera_work  ;
;    |dut|                     ; 497.5 (0.0)          ; 543.0 (0.0)                      ; 46.5 (0.0)                                        ; 1.0 (0.0)                        ; 0.0 (0.0)            ; 704 (0)             ; 699 (0)                   ; 0 (0)         ; 8192              ; 1     ; 0                        ; 0                                      ; 0                                                 ; 0    ; 0            ; 0 (0)  ; dut                                   ; top              ; altera_work  ;
;       |aggr|                 ; 1.5 (1.5)            ; 1.5 (1.5)                        ; 0.0 (0.0)                                         ; 0.0 (0.0)                        ; 0.0 (0.0)            ; 2 (2)               ; 0 (0)                     ; 0 (0)         ; 0                 ; 0     ; 0                        ; 0                                      ; 0                                                 ; 0    ; 0            ; 0 (0)  ; dut|aggr                              ; irq_aggregator   ; altera_work  ;
;       |fifo1|                ; 103.8 (103.8)        ; 123.4 (123.4)                    ; 20.5 (20.5)                                       ; 0.9 (0.9)                        ; 0.0 (0.0)            ; 126 (126)           ; 186 (186)                 ; 0 (0)         ; 8192              ; 1     ; 0                        ; 0                                      ; 0                                                 ; 0    ; 0            ; 0 (0)  ; dut|fifo1                             ; fifo             ; altera_work  ;
;          |memory_rtl_0|      ; 0.0 (0.0)            ; 0.0 (0.0)                        ; 0.0 (0.0)                                         ; 0.0 (0.0)                        ; 0.0 (0.0)            ; 0 (0)               ; 0 (0)                     ; 0 (0)         ; 8192              ; 1     ; 0                        ; 0                                      ; 0                                                 ; 0    ; 0            ; 0 (0)  ; dut|fifo1|memory_rtl_0                ; altsyncram       ; work         ;
;             |auto_generated| ; 0.0 (0.0)            ; 0.0 (0.0)                        ; 0.0 (0.0)                                         ; 0.0 (0.0)                        ; 0.0 (0.0)            ; 0 (0)               ; 0 (0)                     ; 0 (0)         ; 8192              ; 1     ; 0                        ; 0                                      ; 0                                                 ; 0    ; 0            ; 0 (0)  ; dut|fifo1|memory_rtl_0|auto_generated ; altsyncram_aclb1 ; altera_work  ;
;       |gpio1|                ; 108.9 (108.9)        ; 118.4 (118.4)                    ; 9.5 (9.5)                                         ; 0.0 (0.0)                        ; 0.0 (0.0)            ; 122 (122)           ; 231 (231)                 ; 0 (0)         ; 0                 ; 0     ; 0                        ; 0                                      ; 0                                                 ; 0    ; 0            ; 0 (0)  ; dut|gpio1                             ; gpio             ; altera_work  ;
;       |timer1|               ; 78.5 (78.5)          ; 85.4 (85.4)                      ; 6.9 (6.9)                                         ; 0.0 (0.0)                        ; 0.0 (0.0)            ; 102 (102)           ; 174 (174)                 ; 0 (0)         ; 0                 ; 0     ; 0                        ; 0                                      ; 0                                                 ; 0    ; 0            ; 0 (0)  ; dut|timer1                            ; timer            ; altera_work  ;
;       |u_decoder|            ; 42.9 (42.9)          ; 42.8 (42.8)                      ; 0.1 (0.1)                                         ; 0.1 (0.1)                        ; 0.0 (0.0)            ; 129 (129)           ; 0 (0)                     ; 0 (0)         ; 0                 ; 0     ; 0                        ; 0                                      ; 0                                                 ; 0    ; 0            ; 0 (0)  ; dut|u_decoder                         ; address_decoder  ; altera_work  ;
;       |wrapper|              ; 161.9 (161.9)        ; 171.4 (171.4)                    ; 9.5 (9.5)                                         ; 0.0 (0.0)                        ; 0.0 (0.0)            ; 223 (223)           ; 108 (108)                 ; 0 (0)         ; 0                 ; 0     ; 0                        ; 0                                      ; 0                                                 ; 0    ; 0            ; 0 (0)  ; dut|wrapper                           ; axi4lite_wrapper ; altera_work  ;
+------------------------------+----------------------+----------------------------------+---------------------------------------------------+----------------------------------+----------------------+---------------------+---------------------------+---------------+-------------------+-------+--------------------------+----------------------------------------+---------------------------------------------------+------+--------------+--------+---------------------------------------+------------------+--------------+
Note: For table entries with two numbers listed, the numbers in parentheses indicate the number of resources of the given type used by the specific entity alone. The numbers listed outside of parentheses indicate the total resources of the given type used by the specific entity and all of its sub-entities in the hierarchy.


+--------------------------------------------------------------------------------------------------------------------------------------------------------------------------------------------------------------+
; Fitter Netlist Optimizations                                                                                                                                                                                 ;
+-------------------------------------+------------+---------------------------------------------------+--------------------------+-----------+---------------------------------------------+------------------+
; Node                                ; Action     ; Operation                                         ; Reason                   ; Node Port ; Destination Node                            ; Destination Port ;
+-------------------------------------+------------+---------------------------------------------------+--------------------------+-----------+---------------------------------------------+------------------+
; dut|fifo1|fill[1]                   ; Duplicated ; Router Logic Cell Insertion and Logic Duplication ; Routability optimization ;           ; dut|fifo1|fill[1]~DUPLICATE                 ;                  ;
; dut|fifo1|fill[5]                   ; Duplicated ; Router Logic Cell Insertion and Logic Duplication ; Routability optimization ;           ; dut|fifo1|fill[5]~DUPLICATE                 ;                  ;
; dut|fifo1|wptr[1]                   ; Duplicated ; Router Logic Cell Insertion and Logic Duplication ; Routability optimization ;           ; dut|fifo1|wptr[1]~DUPLICATE                 ;                  ;
; dut|fifo1|wptr[2]                   ; Duplicated ; Router Logic Cell Insertion and Logic Duplication ; Routability optimization ;           ; dut|fifo1|wptr[2]~DUPLICATE                 ;                  ;
; dut|gpio1|direction[10]             ; Duplicated ; Router Logic Cell Insertion and Logic Duplication ; Routability optimization ;           ; dut|gpio1|direction[10]~DUPLICATE           ;                  ;
; dut|gpio1|direction[12]             ; Duplicated ; Router Logic Cell Insertion and Logic Duplication ; Routability optimization ;           ; dut|gpio1|direction[12]~DUPLICATE           ;                  ;
; dut|gpio1|direction[13]             ; Duplicated ; Router Logic Cell Insertion and Logic Duplication ; Routability optimization ;           ; dut|gpio1|direction[13]~DUPLICATE           ;                  ;
; dut|gpio1|direction[27]             ; Duplicated ; Router Logic Cell Insertion and Logic Duplication ; Routability optimization ;           ; dut|gpio1|direction[27]~DUPLICATE           ;                  ;
; dut|gpio1|direction[29]             ; Duplicated ; Router Logic Cell Insertion and Logic Duplication ; Routability optimization ;           ; dut|gpio1|direction[29]~DUPLICATE           ;                  ;
; dut|gpio1|direction[2]              ; Duplicated ; Router Logic Cell Insertion and Logic Duplication ; Routability optimization ;           ; dut|gpio1|direction[2]~DUPLICATE            ;                  ;
; dut|gpio1|direction[6]              ; Duplicated ; Router Logic Cell Insertion and Logic Duplication ; Routability optimization ;           ; dut|gpio1|direction[6]~DUPLICATE            ;                  ;
; dut|timer1|pre_scalar_counter[12]   ; Duplicated ; Router Logic Cell Insertion and Logic Duplication ; Routability optimization ;           ; dut|timer1|pre_scalar_counter[12]~DUPLICATE ;                  ;
; dut|timer1|pre_scalar_counter[13]   ; Duplicated ; Router Logic Cell Insertion and Logic Duplication ; Routability optimization ;           ; dut|timer1|pre_scalar_counter[13]~DUPLICATE ;                  ;
; dut|timer1|pre_scalar_counter[2]    ; Duplicated ; Router Logic Cell Insertion and Logic Duplication ; Routability optimization ;           ; dut|timer1|pre_scalar_counter[2]~DUPLICATE  ;                  ;
; dut|timer1|pre_scalar_counter[4]    ; Duplicated ; Router Logic Cell Insertion and Logic Duplication ; Routability optimization ;           ; dut|timer1|pre_scalar_counter[4]~DUPLICATE  ;                  ;
; dut|timer1|pre_scalar_counter[6]    ; Duplicated ; Router Logic Cell Insertion and Logic Duplication ; Routability optimization ;           ; dut|timer1|pre_scalar_counter[6]~DUPLICATE  ;                  ;
; dut|timer1|reg_count[10]            ; Duplicated ; Router Logic Cell Insertion and Logic Duplication ; Routability optimization ;           ; dut|timer1|reg_count[10]~DUPLICATE          ;                  ;
; dut|timer1|reg_count[16]            ; Duplicated ; Router Logic Cell Insertion and Logic Duplication ; Routability optimization ;           ; dut|timer1|reg_count[16]~DUPLICATE          ;                  ;
; dut|timer1|reg_count[1]             ; Duplicated ; Router Logic Cell Insertion and Logic Duplication ; Routability optimization ;           ; dut|timer1|reg_count[1]~DUPLICATE           ;                  ;
; dut|timer1|reg_count[24]            ; Duplicated ; Router Logic Cell Insertion and Logic Duplication ; Routability optimization ;           ; dut|timer1|reg_count[24]~DUPLICATE          ;                  ;
; dut|timer1|reg_count[5]             ; Duplicated ; Router Logic Cell Insertion and Logic Duplication ; Routability optimization ;           ; dut|timer1|reg_count[5]~DUPLICATE           ;                  ;
; dut|timer1|reg_count[7]             ; Duplicated ; Router Logic Cell Insertion and Logic Duplication ; Routability optimization ;           ; dut|timer1|reg_count[7]~DUPLICATE           ;                  ;
; dut|timer1|timer_state.COUNT        ; Duplicated ; Router Logic Cell Insertion and Logic Duplication ; Routability optimization ;           ; dut|timer1|timer_state.COUNT~DUPLICATE      ;                  ;
; dut|wrapper|axiif.ARREADY~_wirecell ; Deleted    ; Placement                                         ; PLL Usage Optimization   ;           ;                                             ;                  ;
; dut|wrapper|axiif.AWREADY~_wirecell ; Deleted    ; Placement                                         ; PLL Usage Optimization   ;           ;                                             ;                  ;
; dut|wrapper|axiif.WREADY~_wirecell  ; Deleted    ; Placement                                         ; PLL Usage Optimization   ;           ;                                             ;                  ;
+-------------------------------------+------------+---------------------------------------------------+--------------------------+-----------+---------------------------------------------+------------------+
Note: Retiming optimizations are not included in this table. 


+----------------------------------------------------------------------------------------------------------------------------------------------------------------+
; Delay Chain Summary                                                                                                                                            ;
+---------------+----------+---------------------+--------------------+----------------+-----------------------------------+-------------------------------------+
; Name          ; Pin Type ; Input Delay Chain 0 ; Output Delay Chain ; OE Delay Chain ; IO_12_LANE Input Data Delay Chain ; IO_12_LANE Input Strobe Delay Chain ;
+---------------+----------+---------------------+--------------------+----------------+-----------------------------------+-------------------------------------+
; AWREADY       ; Output   ; --                  ; 0                  ; 0              ; --                                ; --                                  ;
; WSTRB[0]      ; Input    ; --                  ; --                 ; --             ; --                                ; --                                  ;
; WSTRB[1]      ; Input    ; --                  ; --                 ; --             ; --                                ; --                                  ;
; WSTRB[2]      ; Input    ; --                  ; --                 ; --             ; --                                ; --                                  ;
; WSTRB[3]      ; Input    ; --                  ; --                 ; --             ; --                                ; --                                  ;
; WREADY        ; Output   ; --                  ; 0                  ; 0              ; --                                ; --                                  ;
; BRESP[0]      ; Output   ; --                  ; 0                  ; 0              ; --                                ; --                                  ;
; BRESP[1]      ; Output   ; --                  ; 0                  ; 0              ; --                                ; --                                  ;
; BVALID        ; Output   ; --                  ; 0                  ; 0              ; --                                ; --                                  ;
; ARREADY       ; Output   ; --                  ; 0                  ; 0              ; --                                ; --                                  ;
; RDATA[0]      ; Output   ; --                  ; 0                  ; 0              ; --                                ; --                                  ;
; RDATA[1]      ; Output   ; --                  ; 0                  ; 0              ; --                                ; --                                  ;
; RDATA[2]      ; Output   ; --                  ; 0                  ; 0              ; --                                ; --                                  ;
; RDATA[3]      ; Output   ; --                  ; 0                  ; 0              ; --                                ; --                                  ;
; RDATA[4]      ; Output   ; --                  ; 0                  ; 0              ; --                                ; --                                  ;
; RDATA[5]      ; Output   ; --                  ; 0                  ; 0              ; --                                ; --                                  ;
; RDATA[6]      ; Output   ; --                  ; 0                  ; 0              ; --                                ; --                                  ;
; RDATA[7]      ; Output   ; --                  ; 0                  ; 0              ; --                                ; --                                  ;
; RDATA[8]      ; Output   ; --                  ; 0                  ; 0              ; --                                ; --                                  ;
; RDATA[9]      ; Output   ; --                  ; 0                  ; 0              ; --                                ; --                                  ;
; RDATA[10]     ; Output   ; --                  ; 0                  ; 0              ; --                                ; --                                  ;
; RDATA[11]     ; Output   ; --                  ; 0                  ; 0              ; --                                ; --                                  ;
; RDATA[12]     ; Output   ; --                  ; 0                  ; 0              ; --                                ; --                                  ;
; RDATA[13]     ; Output   ; --                  ; 0                  ; 0              ; --                                ; --                                  ;
; RDATA[14]     ; Output   ; --                  ; 0                  ; 0              ; --                                ; --                                  ;
; RDATA[15]     ; Output   ; --                  ; 0                  ; 0              ; --                                ; --                                  ;
; RDATA[16]     ; Output   ; --                  ; 0                  ; 0              ; --                                ; --                                  ;
; RDATA[17]     ; Output   ; --                  ; 0                  ; 0              ; --                                ; --                                  ;
; RDATA[18]     ; Output   ; --                  ; 0                  ; 0              ; --                                ; --                                  ;
; RDATA[19]     ; Output   ; --                  ; 0                  ; 0              ; --                                ; --                                  ;
; RDATA[20]     ; Output   ; --                  ; 0                  ; 0              ; --                                ; --                                  ;
; RDATA[21]     ; Output   ; --                  ; 0                  ; 0              ; --                                ; --                                  ;
; RDATA[22]     ; Output   ; --                  ; 0                  ; 0              ; --                                ; --                                  ;
; RDATA[23]     ; Output   ; --                  ; 0                  ; 0              ; --                                ; --                                  ;
; RDATA[24]     ; Output   ; --                  ; 0                  ; 0              ; --                                ; --                                  ;
; RDATA[25]     ; Output   ; --                  ; 0                  ; 0              ; --                                ; --                                  ;
; RDATA[26]     ; Output   ; --                  ; 0                  ; 0              ; --                                ; --                                  ;
; RDATA[27]     ; Output   ; --                  ; 0                  ; 0              ; --                                ; --                                  ;
; RDATA[28]     ; Output   ; --                  ; 0                  ; 0              ; --                                ; --                                  ;
; RDATA[29]     ; Output   ; --                  ; 0                  ; 0              ; --                                ; --                                  ;
; RDATA[30]     ; Output   ; --                  ; 0                  ; 0              ; --                                ; --                                  ;
; RDATA[31]     ; Output   ; --                  ; 0                  ; 0              ; --                                ; --                                  ;
; RRESP[0]      ; Output   ; --                  ; 0                  ; 0              ; --                                ; --                                  ;
; RRESP[1]      ; Output   ; --                  ; 0                  ; 0              ; --                                ; --                                  ;
; RVALID        ; Output   ; --                  ; 0                  ; 0              ; --                                ; --                                  ;
; gpio_out[0]   ; Output   ; --                  ; 0                  ; 0              ; --                                ; --                                  ;
; gpio_out[1]   ; Output   ; --                  ; 0                  ; 0              ; --                                ; --                                  ;
; gpio_out[2]   ; Output   ; --                  ; 0                  ; 0              ; --                                ; --                                  ;
; gpio_out[3]   ; Output   ; --                  ; 0                  ; 0              ; --                                ; --                                  ;
; gpio_out[4]   ; Output   ; --                  ; 0                  ; 0              ; --                                ; --                                  ;
; gpio_out[5]   ; Output   ; --                  ; 0                  ; 0              ; --                                ; --                                  ;
; gpio_out[6]   ; Output   ; --                  ; 0                  ; 0              ; --                                ; --                                  ;
; gpio_out[7]   ; Output   ; --                  ; 0                  ; 0              ; --                                ; --                                  ;
; gpio_out[8]   ; Output   ; --                  ; 0                  ; 0              ; --                                ; --                                  ;
; gpio_out[9]   ; Output   ; --                  ; 0                  ; 0              ; --                                ; --                                  ;
; gpio_out[10]  ; Output   ; --                  ; 0                  ; 0              ; --                                ; --                                  ;
; gpio_out[11]  ; Output   ; --                  ; 0                  ; 0              ; --                                ; --                                  ;
; gpio_out[12]  ; Output   ; --                  ; 0                  ; 0              ; --                                ; --                                  ;
; gpio_out[13]  ; Output   ; --                  ; 0                  ; 0              ; --                                ; --                                  ;
; gpio_out[14]  ; Output   ; --                  ; 0                  ; 0              ; --                                ; --                                  ;
; gpio_out[15]  ; Output   ; --                  ; 0                  ; 0              ; --                                ; --                                  ;
; gpio_out[16]  ; Output   ; --                  ; 0                  ; 0              ; --                                ; --                                  ;
; gpio_out[17]  ; Output   ; --                  ; 0                  ; 0              ; --                                ; --                                  ;
; gpio_out[18]  ; Output   ; --                  ; 0                  ; 0              ; --                                ; --                                  ;
; gpio_out[19]  ; Output   ; --                  ; 0                  ; 0              ; --                                ; --                                  ;
; gpio_out[20]  ; Output   ; --                  ; 0                  ; 0              ; --                                ; --                                  ;
; gpio_out[21]  ; Output   ; --                  ; 0                  ; 0              ; --                                ; --                                  ;
; gpio_out[22]  ; Output   ; --                  ; 0                  ; 0              ; --                                ; --                                  ;
; gpio_out[23]  ; Output   ; --                  ; 0                  ; 0              ; --                                ; --                                  ;
; gpio_out[24]  ; Output   ; --                  ; 0                  ; 0              ; --                                ; --                                  ;
; gpio_out[25]  ; Output   ; --                  ; 0                  ; 0              ; --                                ; --                                  ;
; gpio_out[26]  ; Output   ; --                  ; 0                  ; 0              ; --                                ; --                                  ;
; gpio_out[27]  ; Output   ; --                  ; 0                  ; 0              ; --                                ; --                                  ;
; gpio_out[28]  ; Output   ; --                  ; 0                  ; 0              ; --                                ; --                                  ;
; gpio_out[29]  ; Output   ; --                  ; 0                  ; 0              ; --                                ; --                                  ;
; gpio_out[30]  ; Output   ; --                  ; 0                  ; 0              ; --                                ; --                                  ;
; gpio_out[31]  ; Output   ; --                  ; 0                  ; 0              ; --                                ; --                                  ;
; gpio_oe[0]    ; Output   ; --                  ; 0                  ; 0              ; --                                ; --                                  ;
; gpio_oe[1]    ; Output   ; --                  ; 0                  ; 0              ; --                                ; --                                  ;
; gpio_oe[2]    ; Output   ; --                  ; 0                  ; 0              ; --                                ; --                                  ;
; gpio_oe[3]    ; Output   ; --                  ; 0                  ; 0              ; --                                ; --                                  ;
; gpio_oe[4]    ; Output   ; --                  ; 0                  ; 0              ; --                                ; --                                  ;
; gpio_oe[5]    ; Output   ; --                  ; 0                  ; 0              ; --                                ; --                                  ;
; gpio_oe[6]    ; Output   ; --                  ; 0                  ; 0              ; --                                ; --                                  ;
; gpio_oe[7]    ; Output   ; --                  ; 0                  ; 0              ; --                                ; --                                  ;
; gpio_oe[8]    ; Output   ; --                  ; 0                  ; 0              ; --                                ; --                                  ;
; gpio_oe[9]    ; Output   ; --                  ; 0                  ; 0              ; --                                ; --                                  ;
; gpio_oe[10]   ; Output   ; --                  ; 0                  ; 0              ; --                                ; --                                  ;
; gpio_oe[11]   ; Output   ; --                  ; 0                  ; 0              ; --                                ; --                                  ;
; gpio_oe[12]   ; Output   ; --                  ; 0                  ; 0              ; --                                ; --                                  ;
; gpio_oe[13]   ; Output   ; --                  ; 0                  ; 0              ; --                                ; --                                  ;
; gpio_oe[14]   ; Output   ; --                  ; 0                  ; 0              ; --                                ; --                                  ;
; gpio_oe[15]   ; Output   ; --                  ; 0                  ; 0              ; --                                ; --                                  ;
; gpio_oe[16]   ; Output   ; --                  ; 0                  ; 0              ; --                                ; --                                  ;
; gpio_oe[17]   ; Output   ; --                  ; 0                  ; 0              ; --                                ; --                                  ;
; gpio_oe[18]   ; Output   ; --                  ; 0                  ; 0              ; --                                ; --                                  ;
; gpio_oe[19]   ; Output   ; --                  ; 0                  ; 0              ; --                                ; --                                  ;
; gpio_oe[20]   ; Output   ; --                  ; 0                  ; 0              ; --                                ; --                                  ;
; gpio_oe[21]   ; Output   ; --                  ; 0                  ; 0              ; --                                ; --                                  ;
; gpio_oe[22]   ; Output   ; --                  ; 0                  ; 0              ; --                                ; --                                  ;
; gpio_oe[23]   ; Output   ; --                  ; 0                  ; 0              ; --                                ; --                                  ;
; gpio_oe[24]   ; Output   ; --                  ; 0                  ; 0              ; --                                ; --                                  ;
; gpio_oe[25]   ; Output   ; --                  ; 0                  ; 0              ; --                                ; --                                  ;
; gpio_oe[26]   ; Output   ; --                  ; 0                  ; 0              ; --                                ; --                                  ;
; gpio_oe[27]   ; Output   ; --                  ; 0                  ; 0              ; --                                ; --                                  ;
; gpio_oe[28]   ; Output   ; --                  ; 0                  ; 0              ; --                                ; --                                  ;
; gpio_oe[29]   ; Output   ; --                  ; 0                  ; 0              ; --                                ; --                                  ;
; gpio_oe[30]   ; Output   ; --                  ; 0                  ; 0              ; --                                ; --                                  ;
; gpio_oe[31]   ; Output   ; --                  ; 0                  ; 0              ; --                                ; --                                  ;
; combined_irq  ; Output   ; --                  ; 0                  ; 0              ; --                                ; --                                  ;
; irq_status[0] ; Output   ; --                  ; 0                  ; 0              ; --                                ; --                                  ;
; irq_status[1] ; Output   ; --                  ; 0                  ; 0              ; --                                ; --                                  ;
; irq_status[2] ; Output   ; --                  ; 0                  ; 0              ; --                                ; --                                  ;
; BREADY        ; Input    ; 0                   ; --                 ; --             ; --                                ; --                                  ;
; AWVALID       ; Input    ; 0                   ; --                 ; --             ; --                                ; --                                  ;
; WVALID        ; Input    ; 0                   ; --                 ; --             ; --                                ; --                                  ;
; ACLK          ; Input    ; 0                   ; --                 ; --             ; --                                ; --                                  ;
; ARESETn       ; Input    ; 0                   ; --                 ; --             ; --                                ; --                                  ;
; RREADY        ; Input    ; 0                   ; --                 ; --             ; --                                ; --                                  ;
; ARVALID       ; Input    ; 0                   ; --                 ; --             ; --                                ; --                                  ;
; gpio_in[0]    ; Input    ; 0                   ; --                 ; --             ; --                                ; --                                  ;
; gpio_in[1]    ; Input    ; 0                   ; --                 ; --             ; --                                ; --                                  ;
; gpio_in[2]    ; Input    ; 0                   ; --                 ; --             ; --                                ; --                                  ;
; gpio_in[3]    ; Input    ; 0                   ; --                 ; --             ; --                                ; --                                  ;
; gpio_in[4]    ; Input    ; 0                   ; --                 ; --             ; --                                ; --                                  ;
; gpio_in[5]    ; Input    ; 0                   ; --                 ; --             ; --                                ; --                                  ;
; gpio_in[6]    ; Input    ; 0                   ; --                 ; --             ; --                                ; --                                  ;
; gpio_in[7]    ; Input    ; 0                   ; --                 ; --             ; --                                ; --                                  ;
; gpio_in[8]    ; Input    ; 0                   ; --                 ; --             ; --                                ; --                                  ;
; gpio_in[9]    ; Input    ; 0                   ; --                 ; --             ; --                                ; --                                  ;
; gpio_in[10]   ; Input    ; 0                   ; --                 ; --             ; --                                ; --                                  ;
; gpio_in[11]   ; Input    ; 0                   ; --                 ; --             ; --                                ; --                                  ;
; gpio_in[12]   ; Input    ; 0                   ; --                 ; --             ; --                                ; --                                  ;
; gpio_in[13]   ; Input    ; 0                   ; --                 ; --             ; --                                ; --                                  ;
; gpio_in[14]   ; Input    ; 0                   ; --                 ; --             ; --                                ; --                                  ;
; gpio_in[15]   ; Input    ; 0                   ; --                 ; --             ; --                                ; --                                  ;
; gpio_in[16]   ; Input    ; 0                   ; --                 ; --             ; --                                ; --                                  ;
; gpio_in[17]   ; Input    ; 0                   ; --                 ; --             ; --                                ; --                                  ;
; gpio_in[18]   ; Input    ; 0                   ; --                 ; --             ; --                                ; --                                  ;
; gpio_in[19]   ; Input    ; 0                   ; --                 ; --             ; --                                ; --                                  ;
; gpio_in[20]   ; Input    ; 0                   ; --                 ; --             ; --                                ; --                                  ;
; gpio_in[21]   ; Input    ; 0                   ; --                 ; --             ; --                                ; --                                  ;
; gpio_in[22]   ; Input    ; 0                   ; --                 ; --             ; --                                ; --                                  ;
; gpio_in[23]   ; Input    ; 0                   ; --                 ; --             ; --                                ; --                                  ;
; gpio_in[24]   ; Input    ; 0                   ; --                 ; --             ; --                                ; --                                  ;
; gpio_in[25]   ; Input    ; 0                   ; --                 ; --             ; --                                ; --                                  ;
; gpio_in[26]   ; Input    ; 0                   ; --                 ; --             ; --                                ; --                                  ;
; gpio_in[27]   ; Input    ; 0                   ; --                 ; --             ; --                                ; --                                  ;
; gpio_in[28]   ; Input    ; 0                   ; --                 ; --             ; --                                ; --                                  ;
; gpio_in[29]   ; Input    ; 0                   ; --                 ; --             ; --                                ; --                                  ;
; gpio_in[30]   ; Input    ; 0                   ; --                 ; --             ; --                                ; --                                  ;
; gpio_in[31]   ; Input    ; 0                   ; --                 ; --             ; --                                ; --                                  ;
; ARADDR[31]    ; Input    ; 0                   ; --                 ; --             ; --                                ; --                                  ;
; AWADDR[31]    ; Input    ; 0                   ; --                 ; --             ; --                                ; --                                  ;
; ARADDR[9]     ; Input    ; 0                   ; --                 ; --             ; --                                ; --                                  ;
; AWADDR[9]     ; Input    ; 0                   ; --                 ; --             ; --                                ; --                                  ;
; ARADDR[8]     ; Input    ; 0                   ; --                 ; --             ; --                                ; --                                  ;
; AWADDR[8]     ; Input    ; 0                   ; --                 ; --             ; --                                ; --                                  ;
; ARADDR[10]    ; Input    ; 0                   ; --                 ; --             ; --                                ; --                                  ;
; AWADDR[10]    ; Input    ; 0                   ; --                 ; --             ; --                                ; --                                  ;
; ARADDR[19]    ; Input    ; 0                   ; --                 ; --             ; --                                ; --                                  ;
; AWADDR[19]    ; Input    ; 0                   ; --                 ; --             ; --                                ; --                                  ;
; ARADDR[18]    ; Input    ; 0                   ; --                 ; --             ; --                                ; --                                  ;
; AWADDR[18]    ; Input    ; 0                   ; --                 ; --             ; --                                ; --                                  ;
; ARADDR[16]    ; Input    ; 0                   ; --                 ; --             ; --                                ; --                                  ;
; AWADDR[16]    ; Input    ; 0                   ; --                 ; --             ; --                                ; --                                  ;
; ARADDR[15]    ; Input    ; 0                   ; --                 ; --             ; --                                ; --                                  ;
; AWADDR[15]    ; Input    ; 0                   ; --                 ; --             ; --                                ; --                                  ;
; ARADDR[14]    ; Input    ; 0                   ; --                 ; --             ; --                                ; --                                  ;
; AWADDR[14]    ; Input    ; 0                   ; --                 ; --             ; --                                ; --                                  ;
; ARADDR[13]    ; Input    ; 0                   ; --                 ; --             ; --                                ; --                                  ;
; AWADDR[13]    ; Input    ; 0                   ; --                 ; --             ; --                                ; --                                  ;
; ARADDR[12]    ; Input    ; 0                   ; --                 ; --             ; --                                ; --                                  ;
; AWADDR[12]    ; Input    ; 0                   ; --                 ; --             ; --                                ; --                                  ;
; ARADDR[11]    ; Input    ; 0                   ; --                 ; --             ; --                                ; --                                  ;
; AWADDR[11]    ; Input    ; 0                   ; --                 ; --             ; --                                ; --                                  ;
; ARADDR[30]    ; Input    ; 0                   ; --                 ; --             ; --                                ; --                                  ;
; AWADDR[30]    ; Input    ; 0                   ; --                 ; --             ; --                                ; --                                  ;
; ARADDR[29]    ; Input    ; 0                   ; --                 ; --             ; --                                ; --                                  ;
; AWADDR[29]    ; Input    ; 0                   ; --                 ; --             ; --                                ; --                                  ;
; ARADDR[28]    ; Input    ; 0                   ; --                 ; --             ; --                                ; --                                  ;
; AWADDR[28]    ; Input    ; 0                   ; --                 ; --             ; --                                ; --                                  ;
; ARADDR[27]    ; Input    ; 0                   ; --                 ; --             ; --                                ; --                                  ;
; AWADDR[27]    ; Input    ; 0                   ; --                 ; --             ; --                                ; --                                  ;
; ARADDR[26]    ; Input    ; 0                   ; --                 ; --             ; --                                ; --                                  ;
; AWADDR[26]    ; Input    ; 0                   ; --                 ; --             ; --                                ; --                                  ;
; ARADDR[25]    ; Input    ; 0                   ; --                 ; --             ; --                                ; --                                  ;
; AWADDR[25]    ; Input    ; 0                   ; --                 ; --             ; --                                ; --                                  ;
; ARADDR[24]    ; Input    ; 0                   ; --                 ; --             ; --                                ; --                                  ;
; AWADDR[24]    ; Input    ; 0                   ; --                 ; --             ; --                                ; --                                  ;
; ARADDR[17]    ; Input    ; 0                   ; --                 ; --             ; --                                ; --                                  ;
; AWADDR[17]    ; Input    ; 0                   ; --                 ; --             ; --                                ; --                                  ;
; ARADDR[23]    ; Input    ; 0                   ; --                 ; --             ; --                                ; --                                  ;
; AWADDR[23]    ; Input    ; 0                   ; --                 ; --             ; --                                ; --                                  ;
; ARADDR[22]    ; Input    ; 0                   ; --                 ; --             ; --                                ; --                                  ;
; AWADDR[22]    ; Input    ; 0                   ; --                 ; --             ; --                                ; --                                  ;
; ARADDR[21]    ; Input    ; 0                   ; --                 ; --             ; --                                ; --                                  ;
; AWADDR[21]    ; Input    ; 0                   ; --                 ; --             ; --                                ; --                                  ;
; ARADDR[20]    ; Input    ; 0                   ; --                 ; --             ; --                                ; --                                  ;
; AWADDR[20]    ; Input    ; 0                   ; --                 ; --             ; --                                ; --                                  ;
; ARADDR[3]     ; Input    ; 0                   ; --                 ; --             ; --                                ; --                                  ;
; AWADDR[3]     ; Input    ; 0                   ; --                 ; --             ; --                                ; --                                  ;
; ARADDR[4]     ; Input    ; 0                   ; --                 ; --             ; --                                ; --                                  ;
; AWADDR[4]     ; Input    ; 0                   ; --                 ; --             ; --                                ; --                                  ;
; ARADDR[0]     ; Input    ; 0                   ; --                 ; --             ; --                                ; --                                  ;
; AWADDR[0]     ; Input    ; 0                   ; --                 ; --             ; --                                ; --                                  ;
; ARADDR[2]     ; Input    ; 0                   ; --                 ; --             ; --                                ; --                                  ;
; AWADDR[2]     ; Input    ; 0                   ; --                 ; --             ; --                                ; --                                  ;
; ARADDR[7]     ; Input    ; 0                   ; --                 ; --             ; --                                ; --                                  ;
; AWADDR[7]     ; Input    ; 0                   ; --                 ; --             ; --                                ; --                                  ;
; ARADDR[1]     ; Input    ; 0                   ; --                 ; --             ; --                                ; --                                  ;
; AWADDR[1]     ; Input    ; 0                   ; --                 ; --             ; --                                ; --                                  ;
; ARADDR[5]     ; Input    ; 0                   ; --                 ; --             ; --                                ; --                                  ;
; AWADDR[5]     ; Input    ; 0                   ; --                 ; --             ; --                                ; --                                  ;
; ARADDR[6]     ; Input    ; 0                   ; --                 ; --             ; --                                ; --                                  ;
; AWADDR[6]     ; Input    ; 0                   ; --                 ; --             ; --                                ; --                                  ;
; WDATA[0]      ; Input    ; 0                   ; --                 ; --             ; --                                ; --                                  ;
; WDATA[1]      ; Input    ; 0                   ; --                 ; --             ; --                                ; --                                  ;
; WDATA[2]      ; Input    ; 0                   ; --                 ; --             ; --                                ; --                                  ;
; WDATA[3]      ; Input    ; 0                   ; --                 ; --             ; --                                ; --                                  ;
; WDATA[4]      ; Input    ; 0                   ; --                 ; --             ; --                                ; --                                  ;
; WDATA[5]      ; Input    ; 0                   ; --                 ; --             ; --                                ; --                                  ;
; WDATA[6]      ; Input    ; 0                   ; --                 ; --             ; --                                ; --                                  ;
; WDATA[7]      ; Input    ; 0                   ; --                 ; --             ; --                                ; --                                  ;
; WDATA[8]      ; Input    ; 0                   ; --                 ; --             ; --                                ; --                                  ;
; WDATA[9]      ; Input    ; 0                   ; --                 ; --             ; --                                ; --                                  ;
; WDATA[10]     ; Input    ; 0                   ; --                 ; --             ; --                                ; --                                  ;
; WDATA[11]     ; Input    ; 0                   ; --                 ; --             ; --                                ; --                                  ;
; WDATA[12]     ; Input    ; 0                   ; --                 ; --             ; --                                ; --                                  ;
; WDATA[13]     ; Input    ; 0                   ; --                 ; --             ; --                                ; --                                  ;
; WDATA[14]     ; Input    ; 0                   ; --                 ; --             ; --                                ; --                                  ;
; WDATA[15]     ; Input    ; 0                   ; --                 ; --             ; --                                ; --                                  ;
; WDATA[16]     ; Input    ; 0                   ; --                 ; --             ; --                                ; --                                  ;
; WDATA[17]     ; Input    ; 0                   ; --                 ; --             ; --                                ; --                                  ;
; WDATA[18]     ; Input    ; 0                   ; --                 ; --             ; --                                ; --                                  ;
; WDATA[19]     ; Input    ; 0                   ; --                 ; --             ; --                                ; --                                  ;
; WDATA[20]     ; Input    ; 0                   ; --                 ; --             ; --                                ; --                                  ;
; WDATA[21]     ; Input    ; 0                   ; --                 ; --             ; --                                ; --                                  ;
; WDATA[22]     ; Input    ; 0                   ; --                 ; --             ; --                                ; --                                  ;
; WDATA[23]     ; Input    ; 0                   ; --                 ; --             ; --                                ; --                                  ;
; WDATA[24]     ; Input    ; 0                   ; --                 ; --             ; --                                ; --                                  ;
; WDATA[25]     ; Input    ; 0                   ; --                 ; --             ; --                                ; --                                  ;
; WDATA[26]     ; Input    ; 0                   ; --                 ; --             ; --                                ; --                                  ;
; WDATA[27]     ; Input    ; 0                   ; --                 ; --             ; --                                ; --                                  ;
; WDATA[28]     ; Input    ; 0                   ; --                 ; --             ; --                                ; --                                  ;
; WDATA[29]     ; Input    ; 0                   ; --                 ; --             ; --                                ; --                                  ;
; WDATA[30]     ; Input    ; 0                   ; --                 ; --             ; --                                ; --                                  ;
; WDATA[31]     ; Input    ; 0                   ; --                 ; --             ; --                                ; --                                  ;
+---------------+----------+---------------------+--------------------+----------------+-----------------------------------+-------------------------------------+


+----------------------------------------------------------+
; Routing Usage Summary                                    ;
+------------------------------+---------------------------+
; Routing Resource Type        ; Usage                     ;
+------------------------------+---------------------------+
; Block interconnects          ; 2,309 / 664,374 ( < 1 % ) ;
; C27 interconnects            ; 91 / 12,769 ( < 1 % )     ;
; C4 interconnects             ; 2,054 / 514,392 ( < 1 % ) ;
; Direct links                 ; 505 / 664,374 ( < 1 % )   ;
; Global clocks                ; 2 / 32 ( 6 % )            ;
; Periphery clocks             ; 0 / 410 ( 0 % )           ;
; R3 interconnects             ; 689 / 246,936 ( < 1 % )   ;
; R32 interconnects            ; 426 / 28,257 ( 2 % )      ;
; R32/C27 interconnect drivers ; 175 / 74,920 ( < 1 % )    ;
; R6 interconnects             ; 1,237 / 527,108 ( < 1 % ) ;
; Regional clock lefts         ; 0 / 8 ( 0 % )             ;
; Regional clock out bottoms   ; 0 / 8 ( 0 % )             ;
; Regional clock out tops      ; 0 / 8 ( 0 % )             ;
; Regional clock rights        ; 0 / 8 ( 0 % )             ;
; Regional clocks              ; 0 / 8 ( 0 % )             ;
; Spine buffers                ; 4 / 220 ( 2 % )           ;
; Spine clocks                 ; 4 / 330 ( 1 % )           ;
; Spine feedthroughs           ; 0 / 224 ( 0 % )           ;
+------------------------------+---------------------------+


+------------------------------------------------------------+
; Estimated Delay Added for Hold Timing Summary              ;
+-----------------+----------------------+-------------------+
; Source Clock(s) ; Destination Clock(s) ; Delay Added in ns ;
+-----------------+----------------------+-------------------+
; clk             ; clk                  ; 60.8              ;
; clk,I/O         ; clk                  ; 6.7               ;
+-----------------+----------------------+-------------------+
Note: For more information on problematic transfers, consider running the Fitter again with the Optimize hold timing option (Settings Menu) turned off.
This will disable optimization of problematic paths and expose them for further analysis using the Timing Analyzer.


+-----------------------------------------------------------------------------------------------------------+
; Estimated Delay Added for Hold Timing Details                                                             ;
+---------------------------------------------------------+-----------------------------+-------------------+
; Source Register                                         ; Destination Register        ; Delay Added in ns ;
+---------------------------------------------------------+-----------------------------+-------------------+
; dut|timer1|reg_control[26]                              ; dut|wrapper|axiif.RDATA[26] ; 0.416             ;
; dut|timer1|reg_control[24]                              ; dut|wrapper|axiif.RDATA[24] ; 0.407             ;
; dut|timer1|reg_control[29]                              ; dut|wrapper|axiif.RDATA[29] ; 0.403             ;
; dut|timer1|reg_control[18]                              ; dut|wrapper|axiif.RDATA[18] ; 0.402             ;
; dut|timer1|reg_control[17]                              ; dut|wrapper|axiif.RDATA[17] ; 0.389             ;
; dut|timer1|reg_control[20]                              ; dut|wrapper|axiif.RDATA[20] ; 0.383             ;
; dut|gpio1|int_polarity_reg[6]                           ; dut|wrapper|axiif.RDATA[6]  ; 0.363             ;
; dut|gpio1|int_polarity_reg[12]                          ; dut|wrapper|axiif.RDATA[12] ; 0.360             ;
; dut|gpio1|int_polarity_reg[14]                          ; dut|wrapper|axiif.RDATA[14] ; 0.359             ;
; dut|timer1|reg_control[25]                              ; dut|wrapper|axiif.RDATA[25] ; 0.357             ;
; dut|gpio1|int_polarity_reg[1]                           ; dut|wrapper|axiif.RDATA[1]  ; 0.356             ;
; dut|timer1|reg_control[2]                               ; dut|wrapper|axiif.RDATA[2]  ; 0.356             ;
; dut|gpio1|int_polarity_reg[8]                           ; dut|wrapper|axiif.RDATA[8]  ; 0.354             ;
; dut|gpio1|int_polarity_reg[31]                          ; dut|wrapper|axiif.RDATA[31] ; 0.354             ;
; dut|gpio1|int_polarity_reg[5]                           ; dut|wrapper|axiif.RDATA[5]  ; 0.352             ;
; dut|timer1|reg_control[31]                              ; dut|wrapper|axiif.RDATA[31] ; 0.351             ;
; dut|gpio1|int_polarity_reg[9]                           ; dut|wrapper|axiif.RDATA[9]  ; 0.350             ;
; dut|gpio1|int_polarity_reg[13]                          ; dut|wrapper|axiif.RDATA[13] ; 0.350             ;
; dut|gpio1|int_polarity_reg[3]                           ; dut|wrapper|axiif.RDATA[3]  ; 0.349             ;
; dut|timer1|reg_control[30]                              ; dut|wrapper|axiif.RDATA[30] ; 0.347             ;
; dut|gpio1|int_polarity_reg[15]                          ; dut|wrapper|axiif.RDATA[15] ; 0.347             ;
; dut|gpio1|int_polarity_reg[21]                          ; dut|wrapper|axiif.RDATA[21] ; 0.345             ;
; dut|timer1|reg_control[14]                              ; dut|wrapper|axiif.RDATA[14] ; 0.344             ;
; dut|gpio1|int_polarity_reg[19]                          ; dut|wrapper|axiif.RDATA[19] ; 0.344             ;
; dut|gpio1|int_polarity_reg[2]                           ; dut|wrapper|axiif.RDATA[2]  ; 0.343             ;
; dut|gpio1|int_polarity_reg[4]                           ; dut|wrapper|axiif.RDATA[4]  ; 0.343             ;
; dut|timer1|reg_control[28]                              ; dut|wrapper|axiif.RDATA[28] ; 0.342             ;
; dut|gpio1|int_polarity_reg[10]                          ; dut|wrapper|axiif.RDATA[10] ; 0.341             ;
; dut|timer1|reg_control[21]                              ; dut|wrapper|axiif.RDATA[21] ; 0.341             ;
; dut|gpio1|int_polarity_reg[20]                          ; dut|wrapper|axiif.RDATA[20] ; 0.338             ;
; dut|gpio1|int_polarity_reg[17]                          ; dut|wrapper|axiif.RDATA[17] ; 0.334             ;
; dut|timer1|reg_control[8]                               ; dut|wrapper|axiif.RDATA[8]  ; 0.333             ;
; dut|timer1|reg_control[23]                              ; dut|wrapper|axiif.RDATA[23] ; 0.333             ;
; dut|timer1|reg_control[6]                               ; dut|wrapper|axiif.RDATA[6]  ; 0.329             ;
; dut|gpio1|int_polarity_reg[25]                          ; dut|wrapper|axiif.RDATA[25] ; 0.329             ;
; dut|gpio1|int_polarity_reg[28]                          ; dut|wrapper|axiif.RDATA[28] ; 0.324             ;
; dut|timer1|reg_control[9]                               ; dut|wrapper|axiif.RDATA[9]  ; 0.321             ;
; dut|timer1|reg_control[27]                              ; dut|wrapper|axiif.RDATA[27] ; 0.319             ;
; dut|timer1|reg_control[5]                               ; dut|wrapper|axiif.RDATA[5]  ; 0.317             ;
; dut|timer1|reg_control[13]                              ; dut|wrapper|axiif.RDATA[13] ; 0.317             ;
; dut|timer1|reg_control[12]                              ; dut|wrapper|axiif.RDATA[12] ; 0.317             ;
; dut|fifo1|memory_rtl_0|auto_generated|ram_block1a2~reg0 ; dut|fifo1|prdata[2]         ; 0.314             ;
; dut|fifo1|memory~35                                     ; dut|fifo1|prdata[2]         ; 0.314             ;
; dut|fifo1|memory_rtl_0_bypass[19]                       ; dut|fifo1|prdata[2]         ; 0.314             ;
; dut|timer1|reg_control[3]                               ; dut|wrapper|axiif.RDATA[3]  ; 0.314             ;
; dut|timer1|reg_control[10]                              ; dut|wrapper|axiif.RDATA[10] ; 0.311             ;
; dut|timer1|reg_control[19]                              ; dut|wrapper|axiif.RDATA[19] ; 0.304             ;
; dut|timer1|reg_control[4]                               ; dut|wrapper|axiif.RDATA[4]  ; 0.303             ;
; dut|wrapper|pwdata[2]                                   ; dut|gpio1|int_type_reg[2]   ; 0.303             ;
; dut|timer1|reg_control[16]                              ; dut|wrapper|axiif.RDATA[16] ; 0.301             ;
; dut|timer1|reg_control[22]                              ; dut|wrapper|axiif.RDATA[22] ; 0.299             ;
; dut|timer1|reg_control[11]                              ; dut|wrapper|axiif.RDATA[11] ; 0.298             ;
; dut|wrapper|pwdata[1]                                   ; dut|gpio1|int_type_reg[1]   ; 0.297             ;
; dut|wrapper|pwdata[16]                                  ; dut|gpio1|int_type_reg[16]  ; 0.292             ;
; dut|timer1|reg_control[7]                               ; dut|wrapper|axiif.RDATA[7]  ; 0.291             ;
; dut|gpio1|data_out_reg[6]                               ; dut|wrapper|axiif.RDATA[6]  ; 0.285             ;
; dut|wrapper|pwdata[15]                                  ; dut|timer1|reg_load[15]     ; 0.283             ;
; dut|wrapper|pwdata[0]                                   ; dut|timer1|reg_status[0]    ; 0.282             ;
; dut|gpio1|int_polarity_reg[18]                          ; dut|wrapper|axiif.RDATA[18] ; 0.280             ;
; dut|fifo1|memory_rtl_0_bypass[31]                       ; dut|fifo1|prdata[14]        ; 0.278             ;
; dut|timer1|reg_control[15]                              ; dut|wrapper|axiif.RDATA[15] ; 0.278             ;
; dut|fifo1|memory_rtl_0_bypass[32]                       ; dut|fifo1|prdata[15]        ; 0.275             ;
; dut|gpio1|int_polarity_reg[26]                          ; dut|wrapper|axiif.RDATA[26] ; 0.271             ;
; dut|gpio1|int_polarity_reg[27]                          ; dut|wrapper|axiif.RDATA[27] ; 0.271             ;
; dut|fifo1|memory_rtl_0_bypass[41]                       ; dut|fifo1|prdata[24]        ; 0.265             ;
; dut|fifo1|memory_rtl_0_bypass[47]                       ; dut|fifo1|prdata[30]        ; 0.265             ;
; dut|gpio1|int_polarity_reg[16]                          ; dut|wrapper|axiif.RDATA[16] ; 0.263             ;
; dut|gpio1|int_polarity_reg[11]                          ; dut|wrapper|axiif.RDATA[11] ; 0.261             ;
; dut|fifo1|memory_rtl_0_bypass[43]                       ; dut|fifo1|prdata[26]        ; 0.260             ;
; dut|fifo1|memory_rtl_0_bypass[38]                       ; dut|fifo1|prdata[21]        ; 0.258             ;
; dut|fifo1|memory_rtl_0_bypass[33]                       ; dut|fifo1|prdata[16]        ; 0.255             ;
; dut|fifo1|memory_rtl_0_bypass[34]                       ; dut|fifo1|prdata[17]        ; 0.255             ;
; dut|fifo1|memory_rtl_0_bypass[36]                       ; dut|fifo1|prdata[19]        ; 0.253             ;
; dut|gpio1|int_polarity_reg[30]                          ; dut|wrapper|axiif.RDATA[30] ; 0.252             ;
; dut|fifo1|memory_rtl_0_bypass[48]                       ; dut|fifo1|prdata[31]        ; 0.250             ;
; dut|fifo1|memory_rtl_0_bypass[27]                       ; dut|fifo1|prdata[10]        ; 0.250             ;
; dut|fifo1|memory_rtl_0_bypass[28]                       ; dut|fifo1|prdata[11]        ; 0.249             ;
; dut|fifo1|memory_rtl_0_bypass[29]                       ; dut|fifo1|prdata[12]        ; 0.249             ;
; dut|fifo1|memory_rtl_0_bypass[40]                       ; dut|fifo1|prdata[23]        ; 0.247             ;
; dut|fifo1|memory_rtl_0_bypass[42]                       ; dut|fifo1|prdata[25]        ; 0.247             ;
; dut|fifo1|control[22]                                   ; dut|fifo1|prdata[22]        ; 0.246             ;
; dut|fifo1|memory_rtl_0_bypass[30]                       ; dut|fifo1|prdata[13]        ; 0.246             ;
; dut|wrapper|pwdata[27]                                  ; dut|timer1|reg_load[27]     ; 0.245             ;
; dut|fifo1|memory_rtl_0_bypass[26]                       ; dut|fifo1|prdata[9]         ; 0.244             ;
; dut|gpio1|int_polarity_reg[23]                          ; dut|wrapper|axiif.RDATA[23] ; 0.244             ;
; dut|gpio1|int_polarity_reg[29]                          ; dut|wrapper|axiif.RDATA[29] ; 0.244             ;
; dut|fifo1|memory_rtl_0_bypass[37]                       ; dut|fifo1|prdata[20]        ; 0.243             ;
; dut|gpio1|int_polarity_reg[24]                          ; dut|wrapper|axiif.RDATA[24] ; 0.240             ;
; dut|fifo1|control[31]                                   ; dut|fifo1|prdata[31]        ; 0.239             ;
; dut|fifo1|memory_rtl_0_bypass[39]                       ; dut|fifo1|prdata[22]        ; 0.239             ;
; dut|fifo1|memory_rtl_0_bypass[45]                       ; dut|fifo1|prdata[28]        ; 0.239             ;
; dut|wrapper|pwdata[6]                                   ; dut|timer1|reg_load[6]      ; 0.238             ;
; dut|fifo1|thresh[5]                                     ; dut|fifo1|prdata[5]         ; 0.236             ;
; dut|fifo1|thresh[6]                                     ; dut|fifo1|prdata[6]         ; 0.236             ;
; dut|fifo1|memory_rtl_0_bypass[46]                       ; dut|fifo1|prdata[29]        ; 0.235             ;
; dut|fifo1|control[13]                                   ; dut|fifo1|prdata[13]        ; 0.233             ;
; dut|fifo1|thresh[7]                                     ; dut|fifo1|prdata[7]         ; 0.233             ;
; dut|fifo1|control[0]                                    ; dut|fifo1|prdata[0]         ; 0.233             ;
; dut|gpio1|data_out_reg[27]                              ; dut|wrapper|axiif.RDATA[27] ; 0.230             ;
; dut|fifo1|thresh[3]                                     ; dut|fifo1|prdata[3]         ; 0.230             ;
+---------------------------------------------------------+-----------------------------+-------------------+
Note: This table only shows the top 100 path(s) that have the largest delay added for hold.


+-------------------------------------------------------------------------------+
; Fitter HSLP Summary                                                           ;
+--------------------------------------------------------+---------------+------+
; Resource                                               ; Usage         ; %    ;
+--------------------------------------------------------+---------------+------+
;                                                        ;               ;      ;
; Programmable power technology high-speed tiles         ; 146 / 3,531   ; 4 %  ;
; Programmable power technology low-power tiles          ; 3,385 / 3,531 ; 96 % ;
;     -- low-power tiles that are used by the design     ; 550 / 3,385   ; 16 % ;
;     -- unused tiles (low-power)                        ; 2,835 / 3,385 ; 84 % ;
;                                                        ;               ;      ;
; Programmable power technology high-speed LAB tiles     ; 145 / 2,642   ; 5 %  ;
; Programmable power technology low-power LAB tiles      ; 2,497 / 2,642 ; 95 % ;
;     -- low-power LAB tiles that are used by the design ; 449 / 2,497   ; 18 % ;
;     -- unused LAB tiles (low-power)                    ; 2,048 / 2,497 ; 82 % ;
;                                                        ;               ;      ;
+--------------------------------------------------------+---------------+------+


+-------------------------------------------------------------------------------------------------------------------------+
; Ignored Assignments                                                                                                     ;
+-----------------------------+----------------+--------------+--------------+---------------+----------------------------+
; Name                        ; Ignored Entity ; Ignored From ; Ignored To   ; Ignored Value ; Ignored Source             ;
+-----------------------------+----------------+--------------+--------------+---------------+----------------------------+
; Create pin in top partition ; fpga_top       ;              ; gpio_out[20] ; ON            ; Compiler or HDL Assignment ;
+-----------------------------+----------------+--------------+--------------+---------------+----------------------------+


+-----------------+
; Fitter Messages ;
+-----------------+
Info (16677): Loading synthesized database.
Info (16734): Loading "synthesized" snapshot for partition "root_partition".
Info (16678): Successfully loaded synthesized database: elapsed time is 00:00:01.
Info (119006): Selected device 10CX220YF780I5G for design "axi4lite_subsystem"
Info (21077): Low junction temperature is -40 degrees C
Info (21077): High junction temperature is 100 degrees C
Info (171003): Fitter is performing an Auto Fit compilation, which may decrease Fitter effort to reduce compilation time
Info (12262): Starting Fitter periphery placement operations
Info (12290): Loading the periphery placement data.
Info (12291): Periphery placement data loaded: elapsed time is 00:00:02
Info (12627): Pin ~ALTERA_DATA0~ is reserved at location AE10
Critical Warning (18326): The design pin 'gpio_out(20)~pad' has been assigned to CLKUSR pin location 'Y15'. Quartus Prime auto-reserves the CLKUSR pin for calibration of transceivers and certain IOs. If the pin 'gpio_out(20)~pad' will not be assigned a 100-125MHz clock, you must remove the location assignment on it. Otherwise, to remove the critical warning use the QSF assignment 'set_global_assignment -name AUTO_RESERVE_CLKUSR_FOR_CALIBRATION OFF'.
Warning (25315): Some pins are missing drive strength (current strength), termination and/or slew rate assignments. Refer to the I/O Assignment Warnings report for details.
Info (16210): Plan updated with currently enabled project assignments.
Info (12295): Periphery placement of all unplaced cells complete: elapsed time is 00:00:00
Critical Warning (17951): There are 12 unused RX channels in the design.
    Info (19540): Add the QSF assignment 'set_instance_assignment -name PRESERVE_UNUSED_XCVR_CHANNEL ON -to <pin_name>' for each unused channel that will be used in future.
    Info (19541): The above QSF assignment will preserve the performance of specified channels over time, and works only if the design uses at least 1 transceiver channel.
Critical Warning (18655): There are 12 unused TX channels in the design.
    Info (19540): Add the QSF assignment 'set_instance_assignment -name PRESERVE_UNUSED_XCVR_CHANNEL ON -to <pin_name>' for each unused channel that will be used in future.
    Info (19541): The above QSF assignment will preserve the performance of specified channels over time, and works only if the design uses at least 1 transceiver channel.
Info (11191): Automatically promoted 2 clocks (2 global)
    Info (13173): ACLK~inputCLKENA0 (708 fanout) drives Global Clock Region, with the buffer placed at CLKCTRL_3A_G_I22
    Info (13173): ARESETn~inputCLKENA0 (570 fanout) drives Global Clock Region, with the buffer placed at CLKCTRL_3A_G_I23
Info (19539): Reading the HDL-embedded SDC files elapsed 00:00:00.
Info (332104): Reading SDC File: 'rtl/contraints.sdc'
Info (19449): Reading SDC files elapsed 00:00:00.
Info (332143): No user constrained clock uncertainty found in the design. Calling "derive_clock_uncertainty"
Info (332123): Deriving Clock Uncertainty. Please refer to report_sdc in the Timing Analyzer to see clock uncertainties.
Info (332129): Detected timing requirements -- optimizing circuit to achieve only the specified requirements
Info (332111): Found 1 clocks
    Info (332111):   Period   Clock Name
    Info (332111): ======== ============
    Info (332111):   10.000          clk
Info (176233): Starting register packing
Info (176235): Finished register packing
    Extra Info (176219): No registers were packed into other blocks
Info (20273): Intermediate fitter snapshots will not be committed because ENABLE_INTERMEDIATE_SNAPSHOTS QSF assignment is disabled during compilation.
Info (12517): Periphery placement operations ending: elapsed time is 00:00:12
Info (11165): Fitter preparation operations ending: elapsed time is 00:00:09
Info (22300): Design uses Placement Effort Multiplier = 1.0.
Info (170189): Fitter placement preparation operations beginning
Info (25164): The Fitter could not convert one or more RAM instances into MLABs automatically because auto MLAB conversion requires the Read-During-Write mode set to Don't Care. Change the Read-During-Write mode to Don't Care in the affected RAMS. Alternatively, to keep the current Read-During-Write mode, change the RAM type to MLAB instead of AUTO. For information on which RAM instances are affected, refer to the 'Fitter RAM Summary' table in the Fitter Report.
Info (25141): The Fitter is using Advanced Physical Optimization.
Info (170190): Fitter placement preparation operations ending: elapsed time is 00:00:03
Info (25133): Total time spent on timing analysis during Global Placement is 0.69 seconds.
Info (22300): Design uses Placement Effort Multiplier = 1.0.
Info (170189): Fitter placement preparation operations beginning
Info (170190): Fitter placement preparation operations ending: elapsed time is 00:00:04
Info (170191): Fitter placement operations beginning
Info (170137): Fitter placement was successful
Info (170192): Fitter placement operations ending: elapsed time is 00:00:10
Info (25133): Total time spent on timing analysis during Placement is 0.01 seconds.
Info (22300): Design uses Placement Effort Multiplier = 1.0.
Info (170193): Fitter routing operations beginning
Info (170199): The Fitter performed an Auto Fit compilation.  Optimizations were skipped to reduce compilation time.
    Info (170200): Optimizations that may affect the design's timing were skipped
Info (25133): Total time spent on timing analysis during Routing is 0.15 seconds.
Info (16607): Fitter routing operations ending: elapsed time is 00:00:18
Info (22300): Design uses Placement Effort Multiplier = 1.0.
Info (25133): Total time spent on timing analysis during Post-Routing is 0.00 seconds.
Info (16557): Fitter post-fit operations ending: elapsed time is 00:00:08
Info (20274): Successfully committed final database.
Warning (171167): Found invalid Fitter assignments. See the Ignored Assignments panel in the Fitter Compilation Report for more information.
Info: Quartus Prime Fitter was successful. 0 errors, 5 warnings
    Info: Peak virtual memory: 3654 megabytes
    Info: Processing ended: Sun Jul  5 18:22:33 2026
    Info: Elapsed time: 00:01:35
    Info: System process ID: 4336


